t,T
0,60
0,60
0,60
0,60
0,60
0,60
0,60
0,60
0,60
0,60
0,60
0,60
0,60
0,60
0,60
0,60
0,60
0,60
0,60
0,60
0,60
0,60
0,60
0,60
0,60
0,60
0,60
0,60
0,60
0,60
0,60
0,60
0,60
0,60
0,60
0,60
0,60
0,60
0,60
0,60
0,60
0,60
0,60
0,60
0,60
0,60
0,60
0,60
0,60
0,60
0,60
0,60
0,60
0,60
0,60
0,60
0,60
0,60
0,60
0,60
0,60
0,60
0,60
0,60
0,60
0,60
0,60
0,60
0,60
0,60
0,60
0,60
0,60
0,60
0,60
0,60
0,60
0,60
0,60
0,60
0,60
0,60
0,60
0,60
0,60
0,60
0,60
0,60
0,60
0,60
0,60
0,60
0,60
0,60
0,60
0,60
0,60
0,60
0,60
0,60
0,60
0,60
0,60
0,60
0,60
0,60
0,60
0,60
0,60
0,60
0,60
0,60
0,60
0,60
0,60
0,60
0,60
0,60
0,60
0,60
0,60
0,60
0,60
0,60
0,60
0,60
0,60
0,60
0,60
0,60
0,60
0,60
0,60
0,60
0,60
0,60
0,60
0,60
0,60
0,60
0,60
0,60
0,60
0,60
0,60
0,60
0,60
0,60
0,60
0,60
0,60
0,60
0,60
0,60
0,60
0,60
0,60
0,60
0,60
0,60
0,60
0,60
0,60
0,60
0,60
0,60
0,60
0,60
0,60
0,60
0,60
0,60
0,60
0,60
0,60
0,60
0,60
0,60
0,60
0,60
0,60
0,60
0,60
0,60
0,60
0,60
0,60
0,60
0,60
0,60
0,60
0,60
0,60
0,60
0,60
0,60
0,60
0,60
0,60
0,60
0,60
0,60
0,60
0,60
0,60
0,60
0,60
0,60
0,60
0,60
0,60
0,60
0,60
0,60
0,60
0,60
0,60
0,60
0,60
0,60
0,60
0,60
0,60
0,60
0,60
0,60
0,60
0,60
0,60
0,60
0,60
0,60
0,60
0,60
0,60
0,60
0,60
0,60
0,60
0,60
0,60
0,60
0,60
0,60
0,60
0,60
0,60
0,60
0,60
0,60
0,60
0,60
0,60
0,60
0,60
0,60
0,60
0,60
0,60
0,60
0,60
0,60
0,60
0,60
0,60
0,60
0,60
0,60
0,60
0,60
0,60
0,60
0,60
0,60
0,60
0,60
0,60
0,60
0,60
0,60
0,60
0,60
0,60
0,60
0,60
0,60
0,60
0,60
0,60
0,60
0,60
0,60
0,60
0,60
0,60
0,60
0,60
0,60
0,60
0,60
0,60
0,60
0,60
0,60
0,60
0,60
0,60
0,60
0,60
0,60
0,60
0,60
0,60
0,60
0,60
0,60
0,60
0,60
0,60
0,60
0,60
0,60
0,60
0,60
0,60
0,60
0,60
0,60
0,60
0,60
0,60
0,60
0,60
0,60
0,60
0,60
0,60
0,60
0,60
0,60
0,60
0,60
0,60
0,60
0,60
0,60
0,60
0,60
0,60
0,60
0,60
0,60
0,60
0,60
0,60
0,60
0,60
0,60
0,60
0,60
0,60
0,60
0,60
0,60
0,60
0,60
0,60
0,60
0,60
0,60
0,60
0,60
0,60
0,60
0,60
0,60
0,60
0,60
0,60
0,60
0,60
0,60
0,60
0,60
0,60
0,60
0,60
0,60
0,60
0,60
0,60
0,60
0,60
0,60
0,60
0,60
0,60
0,60
0,60
0,60
0,60
0,60
0,60
0,60
0,60
0,60
0,60
0,60
0,60
0,60
0,60
0,60
0,60
0,60
0,60
0,60
0,60
0,60
0,60
0,60
0,60
0,60
0,60
0,60
0,60
0,60
0,60
0,60
0,60
0,60
0,60
0,60
0,60
0,60
0,60
0,60
0,60
0,60
0,60
0,60
0,60
0,60
0,60
0,60
0,60
0,60
0,60
0,60
0,60
0,60
0,60
0,60
0,60
0,60
0,60
0,60
0,60
0,60
0,60
0,60
0,60
0,60
0,60
0,60
0,60
0,60
0,60
0,60
0,60
0,60
0,60
0,60
0,60
0,60
0,60
0,60
0,60
0,60
0,60
0,60
0,60
0,60
0,60
0,60
0,60
0,60
0,60
0,60
0,60
0,60
0,60
0,60
0,60
0,60
0,60
0,60
0,60
0,60
0,60
0,60
0,60
0,60
0,60
0,60
0,60
0,60
0,60
0,60
0,60
0,60
0,60
0,60
0,60
0,60
0,60
0,60
0,60
0,60
0,60
0,60
0,60
0,60
0,60
0,60
0,60
0,60
0,60
0,60
0,60
0,60
0,60
0,60
0,60
0,60
0,60
0,60
0,60
0,60
0,60
0,60
0,60
0,60
0,60
0,60
0,60
0,60
0,60
0,60
0,60
0,60
0,60
0,60
0,60
0,60
0,60
0,60
0,60
0,60
0,60
0,60
0,60
0,60
0,60
0,60
0,60
0,60
0,60
0,60
0,60
0,60
0,60
0,60
0,60
0,60
0,60
0,60
0,60
0,60
0,60
0,60
0,60
0,60
0,60
0,60
0,60
0,60
0,60
0,60
0,60
0,60
0,60
0,60
0,60
0,60
0,60
0,60
0,60
0,60
0,60
0,60
0,60
0,60
0,60
0,60
0,60
0,60
0,60
0,60
0,60
0,60
0,60
0,60
0,60
0,60
0,60
0,60
0,60
0,60
0,60
0,60
0,60
0,60
0,60
0,60
0,60
0,60
0,60
0,60
0,60
0,60
0,60
0,60
0,60
0,60
0,60
0,60
0,60
0,60
0,60
0,60
0,60
0,60
0,60
0,60
0,60
0,60
0,60
0,60
0,60
0,60
0,60
0,60
0,60
0,60
0,60
0,60
0,60
0,60
0,60
0,60
0,60
0,60
0,60
0,60
0,60
0,60
0,60
0,60
0,60
0,60
0,60
0,60
0,60
0,60
0,60
0,60
0,60
0,60
0,60
0,60
0,60
0,60
0,60
0,60
0,60
0,60
0,60
0,60
0,60
0,60
0,60
0,60
0,60
0,60
0,60
0,60
0,60
0,60
0,60
0,60
0,60
0,60
0,60
0,60
0,60
0,60
0,60
0,60
0,60
0,60
0,60
0,60
0,60
0,60
0,60
0,60
0,60
0,60
0,60
0,60
0,60
0,60
0,60
0,60
0,60
0,60
0,60
0,60
0,60
0,60
0,60
0,60
0,60
0,60
0,60
0,60
0,60
0,60
0,60
0,60
0,60
0,60
0,60
0,60
0,60
0,60
0,60
0,60
0,60
0,60
0,60
0,60
0,60
0,60
0,60
0,60
0,60
0,60
0,60
0,60
0,60
0,60
0,60
0,60
0,60
0,60
0,60
0,60
0,60
0,60
0,60
0,60
0,60
0,60
0,60
0,60
0,60
0,60
0,60
0,60
0,60
0,60
0,60
0,60
0,60
0,60
0,60
0,60
0,60
0,60
0,60
0,60
0,60
0,60
0,60
0,60
0,60
0,60
0,60
0,60
0,60
0,60
0,60
0,60
0,60
0,60
0,60
0,60
0,60
0,60
0,60
0,60
0,60
0,60
0,60
0,60
0,60
0,60
0,60
0,60
0,60
0,60
0,60
0,60
0,60
0,60
0,60
0,60
0,60
0,60
0,60
0,60
0,60
0,60
0,60
0,60
0,60
0,60
0,60
0,60
0,60
0,60
0,60
0,60
0,60
0,60
0,60
0,60
0,60
0,60
0,60
0,60
0,60
0,60
0,60
0,60
0,60
0,60
0,60
0,60
0,60
0,60
0,60
0,60
0,60
0,60
0,60
0,60
0,60
0,60
0,60
0,60
0,60
0,60
0,60
0,60
0,60
0,60
0,60
0,60
0,60
0,60
0,60
0,60
0,60
0,60
0,60
0,60
0,60
0,60
0,60
0,60
0,60
0,60
0,60
0,60
0,60
0,60
0,60
0,60
0,60
0,60
0,60
0,60
0,60
0,60
0,60
0,60
0,60
0,60
0,60
0,60
0,60
0,60
0,60
0,60
0,60
0,60
0,60
0,60
0,60
0,60
0,60
0,60
0,60
0,60
0,60
0,60
0,60
0,60
0,60
0,60
0,60
0,60
0,60
0,60
0,60
0,60
0,60
0,60
0,60
0,60
0,60
0,60
0,60
0,60
0,60
0,60
0,60
0,60
0,60
0,60
0,60
0,60
0,60
0,60
0,60
0,60
0,60
0,60
0,60
0,60
0,60
0,60
0,60
0,60
0,60
0,60
0,60
0,60
0,60
0,60
0,60
0,60
0,60
0,60
0,60
0,60
0,60
0,60
0,60
0,60
0,60
0,60
0,60
0,60
0,60
0,60
0,60
0,60
0,60
0,60
0,60
0,60
0,60
0,60
0,60
0,60
0,60
0,60
0,60
0,60
0,60
0,60
0,60
0,60
0,60
0,60
0,60
0,60
0,60
0,60
0,60
0,60
0,60
0,60
0,60
0,60
0,60
0,60
0,60
0,60
0,60
0,60
0,60
0,60
0,60
0,60
0,60
0,60
0,60
0,60
0,60
0,60
0,60
0,60
0,60
0,60
0,60
0,60
0,60
0,60
0,60
0,60
0,60
0,60
0,60
0,60
0,60
0,60
0,60
0,60
0,60
0,60
0,60
0,60
0,60
0,60
0,60
0,60
0,60
0,60
0,60
0,60
0,60
0,60
0,60
0,60
0,60
0,60
0,60
0,60
0,60
0,60
0,60
0,60
0,60
0,60
0,60
0,60
0,60
0,60
0,60
0,60
0,60
0,60
0,60
0,60
0,60
0,60
0,60
0,60
0,60
0,60
0,60
0,60
0,60
0,60
0,60
0,60
0,60
0,60
0,60
0,60
0,60
0,60
0,60
0,60
0,60
0,60
0,60
0,60
0,60
0,60
0,60
0,60
0,60
0,60
0,60
0,60
0,60
0,60
0,60
0,60
0,60
0,60
0,60
0,60
0,60
0,60
0,60
0,60
0,60
0,60
0,60
0,60
0,60
0,60
0,60
0,60
0,60
0,60
0,60
0,60
0,60
0,60
0,60
0,60
0,60
0,60
0,60
0,60
0,60
0,60
0,60
0,60
0,60
0,60
0,60
0,60
0,60
0,60
0,60
0,60
0,60
0,60
0,60
0,60
0,60
0,60
0,60
0,60
0,60
0,60
0,60
0,60
0,60
0,60
0,60
0,60
0,60
0,60
0,60
0,60
0,60
0,60
0,60
0,60
0,60
0,60
0,60
0,60
0,60
0,60
0,60
0,60
0,60
0,60
0,60
0,60
0,60
0,60
0,60
0,60
0,60
0,60
0,60
0,60
0,60
0,60
0,60
0,60
0,60
0,60
0,60
0,60
0,60
0,60
0,60
0,60
0,60
0,60
0,60
0,60
0,60
0,60
0,60
0,60
0,60
0,60
0,60
0,60
0,60
0,60
0,60
0,60
0,60
0,60
0,60
0,60
0,60
0,60
0,60
0,60
0,60
0,60
0,60
0,60
0,60
0,60
0,60
0,60
0,60
0,60
0,60
0,60
0,60
0,60
0,60
0,60
0,60
0,60
0,60
0,60
0,60
0,60
0,60
0,60
0,60
0,60
0,60
0,60
0,60
0,60
0,60
0,60
0,60
0,60
0,60
0,60
0,60
0,60
0,60
0,60
0,60
0,60
0,60
0,60
0,60
0,60
0,60
0,60
0,60
0,60
0,60
0,60
0,60
0,60
0,60
0,60
0,60
0,60
0,60
0,60
0,60
0,60
0,60
0,60
0,60
0,60
0,60
0,60
0,60
0,60
0,60
0,60
0,60
0,60
0,60
0,60
0,60
0,60
0,60
0,60
0,60
0,60
0,60
0,60
0,60
0,60
0,60
0,60
0,60
0,60
0,60
0,60
0,60
0,60
0,60
0,60
0,60
0,60
0,60
0,60
0,60
0,60
0,60
0,60
0,60
0,60
0,60
0,60
0,60
0,60
0,60
0,60
0,60
0,60
0,60
0,60
0,60
0,60
0,60
0,60
0,60
0,60
0,60
0,60
0,60
0,60
0,60
0,60
0,60
0,60
0,60
0,60
0,60
0,60
0,60
0,60
0,60
0,60
0,60
0,60
0,60
0,60
0,60
0,60
0,60
0,60
0,60
0,60
0,60
0,60
0,60
0,60
0,60
0,60
0,60
0,60
0,60
0,60
0,60
0,60
0,60
0,60
0,60
0,60
0,60
0,60
0,60
0,60
0,60
0,60
0,60
0,60
0,60
0,60
0,60
0,60
0,60
0,60
0,60
0,60
0,60
0,60
0,60
0,60
0,60
0,60
0,60
0,60
0,60
0,60
0,60
0,60
0,60
0,60
0,60
0,60
0,60
0,60
0,60
0,60
0,60
0,60
0,60
0,60
0,60
0,60
0,60
0,60
0,60
0,60
0,60
0,60
0,60
0,60
0,60
0,60
0,60
0,60
0,60
0,60
0,60
0,60
0,60
0,60
0,60
0,60
0,60
0,60
0,60
0,60
0,60
0,60
0,60
0,60
0,60
0,60
0,60
0,60
0,60
0,60
0,60
0,60
0,60
0,60
0,60
0,60
0,60
0,60
0,60
0,60
0,60
0,60
0,60
0,60
0,60
0,60
0,60
0,60
0,60
0,60
0,60
0,60
0,60
0,60
0,60
0,60
0,60
0,60
0,60
0,60
0,60
0,60
0,60
0,60
0,60
0,60
0,60
0,60
0,60
0,60
0,60
0,60
0,60
0,60
0,60
0,60
0,60
0,60
0,60
0,60
0,60
0,60
0,60
0,60
0,60
0,60
0,60
0,60
0,60
0,60
0,60
0,60
0,60
0,60
0,60
0,60
0,60
0,60
0,60
0,60
0,60
0,60
0,60
0,60
0,60
0,60
0,60
0,60
0,60
0,60
0,60
0,60
0,60
0,60
0,60
0,60
0,60
0,60
0,60
0,60
0,60
0,60
0,60
0,60
0,60
0,60
0,60
0,60
0,60
0,60
0,60
0,60
0,60
0,60
0,60
0,60
0,60
0,60
0,60
0,60
0,60
0,60
0,60
0,60
0,60
0,60
0,60
0,60
0,60
0,60
0,60
0,60
0,60
0,60
0,60
0,60
0,60
0,60
0,60
0,60
0,60
0,60
0,60
0,60
0,60
0,60
0,60
0,60
0,60
0,60
0,60
0,60
0,60
0,60
0,60
0,60
0,60
0,60
0,60
0,60
0,60
0,60
0,60
0,60
0,60
0,60
0,60
0,60
0,60
0,60
0,60
0,60
0,60
0,60
0,60
0,60
0,60
0,60
0,60
0,60
0,60
0,60
0,60
0,60
0,60
0,60
0,60
0,60
0,60
0,60
0,60
0,60
0,60
0,60
0,60
0,60
0,60
0,60
0,60
0,60
0,60
0,60
0,60
0,60
0,60
0,60
0,60
0,60
0,60
0,60
0,60
0,60
0,60
0,60
0,60
0,60
0,60
0,60
0,60
0,60
0,60
0,60
0,60
0,60
0,60
0,60
0,60
0,60
0,60
0,60
0,60
0,60
0,60
0,60
0,60
0,60
0,60
0,60
0,60
0,60
0,60
0,60
0,60
0,60
0,60
0,60
0,60
0,60
0,60
0,60
0,60
0,60
0,60
0,60
0,60
0,60
0,60
0,60
0,60
0,60
0,60
0,60
0,60
0,60
0,60
0,60
0,60
0,60
0,60
0,60
0,60
0,60
0,60
0,60
0,60
0,60
0,60
0,60
0,60
0,60
0,60
0,60
0,60
0,60
0,60
0,60
0,60
0,60
0,60
0,60
0,60
0,60
0,60
0,60
0,60
0,60
0,60
0,60
0,60
0,60
0,60
0,60
0,60
0,60
0,60
0,60
0,60
0,60
0,60
0,60
0,60
0,60
0,60
0,60
0,60
0,60
0,60
0,60
0,60
0,60
0,60
0,60
0,60
0,60
0,60
0,60
0,60
0,60
0,60
0,60
0,60
0,60
0,60
0,60
0,60
0,60
0,60
0,60
0,60
0,60
0,60
0,60
0,60
0,60
0,60
0,60
0,60
0,60
0,60
0,60
0,60
0,60
0,60
0,60
0,60
0,60
0,60
0,60
0,60
0,60
0,60
0,60
0,60
0,60
0,60
0,60
0,60
0,60
0,60
0,60
0,60
0,60
0,60
0,60
0,60
0,60
0,60
0,60
0,60
0,60
0,60
0,60
0,60
0,60
0,60
0,60
0,60
0,60
0,60
0,60
0,60
0,60
0,60
0,60
0,60
0,60
0,60
0,60
0,60
0,60
0,60
0,60
0,60
0,60
0,60
0,60
0,60
0,60
0,60
0,60
0,60
0,60
0,60
0,60
0,60
0,60
0,60
0,60
0,60
0,60
0,60
0,60
0,60
0,60
0,60
0,60
0,60
0,60
0,60
0,60
0,60
0,60
0,60
0,60
0,60
0,60
0,60
0,60
0,60
0,60
0,60
0,60
0,60
0,60
0,60
0,60
0,60
0,60
0,60
0,60
0,60
0,60
0,60
0,60
0,60
0,60
0,60
0,60
0,60
0,60
0,60
0,60
0,60
0,60
0,60
0,60
0,60
0,60
0,60
0,60
0,60
0,60
0,60
0,60
0,60
0,60
0,60
0,60
0,60
0,60
0,60
0,60
0,60
0,60
0,60
0,60
0,60
0,60
0,60
0,60
0,60
0,60
0,60
0,60
0,60
0,60
0,60
0,60
0,60
0,60
0,60
0,60
0,60
0,60
0,60
0,60
0,60
0,60
0,60
0,60
0,60
0,60
0,60
0,60
0,60
0,60
0,60
0,60
0,60
0,60
0,60
0,60
0,60
0,60
0,60
0,60
0,60
0,60
0,60
0,60
0,60
0,60
0,60
0,60
0,60
0,60
0,60
0,60
0,60
0,60
0,60
0,60
0,60
0,60
0,60
0,60
0,60
0,60
0,60
0,60
0,60
0,60
0,60
0,60
0,60
0,60
0,60
0,60
0,60
0,60
0,60
0,60
0,60
0,60
0,60
0,60
0,60
0,60
0,60
0,60
0,60
0,60
0,60
0,60
0,60
0,60
0,60
0,60
0,60
0,60
0,60
0,60
0,60
0,60
0,60
0,60
0,60
0,60
0,60
0,60
0,60
0,60
0,60
0,60
0,60
0,60
0,60
0,60
0,60
0,60
0,60
0,60
0,60
0,60
0,60
0,60
0,60
0,60
0,60
0,60
0,60
0,60
0,60
0,60
0,60
0,60
0,60
0,60
0,60
0,60
0,60
0,60
0,60
0,60
0,60
0,60
0,60
0,60
0,60
0,60
0,60
0,60
0,60
0,60
0,60
0,60
0,60
0,60
0,60
0,60
0,60
0,60
0,60
0,60
0,60
0,60
0,60
0,60
0,60
0,60
0,60
0,60
0,60
0,60
0,60
0,60
0,60
0,60
0,60
0,60
0,60
0,60
0,60
0,60
0,60
0,60
0,60
0,60
0,60
0,60
0,60
0,60
0,60
0,60
0,60
0,60
0,60
0,60
0,60
0,60
0,60
0,60
0,60
0,60
0,60
0,60
0,60
0,60
0,60
0,60
0,60
0,60
0,60
0,60
0,60
0,60
0,60
0,60
0,60
0,60
0,60
0,60
0,60
0,60
0,60
0,60
0,60
0,60
0,60
0,60
0,60
0,60
0,60
0,60
0,60
0,60
0,60
0,60
0,60
0,60
0,60
0,60
0,60
0,60
0,60
0,60
0,60
0,60
0,60
0,60
0,60
0,60
0,60
0,60
0,60
0,60
0,60
0,60
0,60
0,60
0,60
0,60
0,60
0,60
0,60
0,60
0,60
0,60
0,60
0,60
0,60
0,60
0,60
0,60
0,60
0,60
0,60
0,60
0,60
0,60
0,60
0,60
0,60
0,60
0,60
0,60
0,60
0,60
0,60
0,60
0,60
0,60
0,60
0,60
0,60
0,60
0,60
0,60
0,60
0,60
0,60
0,60
0,60
0,60
0,60
0,60
0,60
0,60
0,60
0,60
0,60
0,60
0,60
0,60
0,60
0,60
0,60
0,60
0,60
0,60
0,60
0,60
0,60
0,60
0,60
0,60
0,60
0,60
0,60
0,60
0,60
0,60
0,60
0,60
0,60
0,60
0,60
0,60
0,60
0,60
0,60
0,60
0,60
0,60
0,60
0,60
0,60
0,60
0,60
0,60
0,60
0,60
0,60
0,60
0,60
0,60
0,60
0,60
0,60
0,60
0,60
0,60
0,60
0,60
0,60
0,60
0,60
0,60
0,60
0,60
0,60
0,60
0,60
0,60
0,60
0,60
0,60
0,60
0,60
0,60
0,60
0,60
0,60
0,60
0,60
0,60
0,60
0,60
0,60
0,60
0,60
0,60
0,60
0,60
0,60
0,60
0,60
0,60
0,60
0,60
0,60
0,60
0,60
0,60
0,60
0,60
0,60
0,60
0,60
0,60
0,60
0,60
0,60
0,60
0,60
0,60
0,60
0,60
0,60
0,60
0,60
0,60
0,60
0,60
0,60
0,60
0,60
0,60
0,60
0,60
0,60
0,60
0,60
0,60
0,60
0,60
0,60
0,60
0,60
0,60
0,60
0,60
0,60
0,60
0,60
0,60
0,60
0,60
0,60
0,60
0,60
0,60
0,60
0,60
0,60
0,60
0,60
0,60
0,60
0,60
0,60
0,60
0,60
0,60
0,60
0,60
0,60
0,60
0,60
0,60
0,60
0,60
0,60
0,60
0,60
0,60
0,60
0,60
0,60
0,60
0,60
0,60
0,60
0,60
0,60
0,60
0,60
0,60
0,60
0,60
0,60
0,60
0,60
0,60
0,60
0,60
0,60
0,60
0,60
0,60
0,60
0,60
0,60
0,60
0,60
0,60
0,60
0,60
0,60
0,60
0,60
0,60
0,60
0,60
0,60
0,60
0,60
0,60
0,60
0,60
0,60
0,60
0,60
0,60
0,60
0,60
0,60
0,60
0,60
0,60
0,60
0,60
0,60
0,60
0,60
0,60
0,60
0,60
0,60
0,60
0,60
0,60
0,60
0,60
0,60
0,60
0,60
0,60
0,60
0,60
0,60
0,60
0,60
0,60
0,60
0,60
0,60
0,60
0,60
0,60
0,60
0,60
0,60
0,60
0,60
0,60
0,60
0,60
0,60
0,60
0,60
0,60
0,60
0,60
0,60
0,60
0,60
0,60
0.4046371337823654,60.001246829625266
0.4046371337823654,60.00004134454736
0.4046371337823654,60.00007119850098
0.4046371337823654,59.99866756637637
0.4046371337823654,60.000821699540275
0.4046371337823654,59.99880864231795
0.4046371337823654,59.99939243089581
0.4046371337823654,59.996512189730424
0.4046371337823654,60.000891339210874
0.4046371337823654,60.000113135516294
0.4046371337823654,59.99804449157282
0.4046371337823654,60.00052077748151
0.4046371337823654,60.00024192345886
0.4046371337823654,59.997260406026406
0.4046371337823654,60.01198208634019
0.4046371337823654,59.9999867857472
0.4046371337823654,60.02080082571158
0.4046371337823654,60.000230830227885
0.4046371337823654,60.00084877445455
0.4046371337823654,59.99836137584032
0.4046371337823654,59.99973750376667
0.4046371337823654,59.99915974498114
0.4046371337823654,60.00014586450756
0.4046371337823654,59.99573561611965
0.4046371337823654,60.00028333455032
0.4046371337823654,60.00051864175423
0.4046371337823654,60.01152835960736
0.4046371337823654,59.99920784651838
0.4046371337823654,59.99456555089125
0.4046371337823654,59.99994289685929
0.4046371337823654,59.998594880629405
0.4046371337823654,60.00037943697512
0.4046371337823654,60.01224309528365
0.4046371337823654,59.99890867944501
0.4046371337823654,59.99996531966258
0.4046371337823654,60.00037994741721
0.4046371337823654,60.00004643951801
0.4046371337823654,59.99960738078711
0.4046371337823654,59.9933573286764
0.4046371337823654,59.99723234096099
0.4046371337823654,59.99778804963805
0.4046371337823654,59.99771137053157
0.4046371337823654,59.99992081505913
0.4046371337823654,59.99989095862531
0.4046371337823654,59.99923899499989
0.4046371337823654,60.00009286589694
0.4046371337823654,59.99918120502094
0.4046371337823654,59.999931691028294
0.4046371337823654,59.99999264328076
0.4046371337823654,60.00037265087075
0.4046371337823654,60.0352750266143
0.4046371337823654,59.99541639729962
0.4046371337823654,59.99734915872558
0.4046371337823654,60.00060035770821
0.4046371337823654,59.99887013851092
0.4046371337823654,60.00012235064703
0.4046371337823654,60.01543245995379
0.4046371337823654,59.989598209802665
0.4046371337823654,60.00032302054978
0.4046371337823654,59.99982983086331
0.4046371337823654,59.99950847099184
0.4046371337823654,60.000765192848846
0.4046371337823654,60.00000416643311
0.4046371337823654,60.000227884793695
0.4046371337823654,60.00107122240365
0.4046371337823654,59.999021244157326
0.4046371337823654,59.9985668330718
0.4046371337823654,60.012810812811175
0.4046371337823654,60.02852293599086
0.4046371337823654,59.995288770777194
0.4046371337823654,59.995081982423386
0.4046371337823654,59.99897881947312
0.4046371337823654,59.99804901335745
0.4046371337823654,60.001052938419214
0.4046371337823654,60.000583616726566
0.4046371337823654,59.99889975399507
0.4046371337823654,60.00202297674932
0.4046371337823654,59.99999941487225
0.4046371337823654,59.99997146506716
0.4046371337823654,60.03418034626087
0.4046371337823654,59.999312242652564
0.4046371337823654,59.99319942628976
0.4046371337823654,59.997228283278055
0.4046371337823654,59.99875817221382
0.4046371337823654,59.99999314766988
0.4046371337823654,60.03379274613928
0.4046371337823654,59.99105596722115
0.4046371337823654,60.01911960220777
0.4046371337823654,59.998792453475275
0.4046371337823654,60.000068784090296
0.4046371337823654,59.994179001948304
0.4046371337823654,59.99946940804405
0.4046371337823654,59.99998668559595
0.4046371337823654,59.99907635623749
0.4046371337823654,59.99988597593131
0.4046371337823654,59.99814159937242
0.4046371337823654,59.997507520969734
0.4046371337823654,59.99506190024244
0.4046371337823654,59.99072982667531
0.4046371337823654,60.010952238243675
0.4046371337823654,59.99562611187606
0.4046371337823654,60.016678938193
0.4046371337823654,59.998767974574626
0.4046371337823654,60.029144499117
0.4046371337823654,60.00094427407148
0.4046371337823654,59.997442499959526
0.4046371337823654,59.999930925314764
0.4046371337823654,60.020058193435794
0.4046371337823654,59.99264822395996
0.4046371337823654,60.000749219571816
0.4046371337823654,60.01933151065963
0.4046371337823654,59.99015202139097
0.4046371337823654,59.99717537705085
0.4046371337823654,59.99767266550288
0.4046371337823654,60.00014605960491
0.4046371337823654,60.00018155252751
0.4046371337823654,60.016359673747516
0.4046371337823654,59.994308139976155
0.4046371337823654,59.99822365014704
0.4046371337823654,59.99674964130948
0.4046371337823654,60.00059218426469
0.4046371337823654,60.016222841681845
0.4046371337823654,59.99647740998953
0.4046371337823654,59.998607600407134
0.4046371337823654,60.000803485794975
0.4046371337823654,60.00104981524094
0.4046371337823654,59.99988705914558
0.4046371337823654,59.99991995645723
0.4046371337823654,59.99992030164307
0.4046371337823654,60.00059639946123
0.4046371337823654,59.99820442508957
0.4046371337823654,59.99113974933098
0.4046371337823654,60.01354366131599
0.4046371337823654,59.99710623972196
0.4046371337823654,59.99945612577897
0.4046371337823654,60.01972198797041
0.4046371337823654,59.99625139457122
0.4046371337823654,59.99748652014069
0.4046371337823654,59.99544506762763
0.4046371337823654,59.98292060927204
0.4046371337823654,60.00064494318757
0.4046371337823654,60.00118746030039
0.4046371337823654,59.999086170384516
0.4046371337823654,60.000050614432006
0.4046371337823654,60.000335697131156
0.4046371337823654,59.9984708319754
0.4046371337823654,60.00419205541253
0.4046371337823654,60.046853015059746
0.4046371337823654,60.000472183955985
0.4046371337823654,60.00005343820235
0.4046371337823654,60.01584588162622
0.4046371337823654,59.99038987446338
0.4046371337823654,59.999902296749475
0.4046371337823654,59.994294101722474
0.4046371337823654,60.017392941721845
0.4046371337823654,59.999201740143185
0.4046371337823654,59.995335006195845
0.4046371337823654,60.00019360873861
0.4046371337823654,59.997239387614286
0.4046371337823654,60.00031701089094
0.4046371337823654,59.99360692380879
0.4046371337823654,59.99819049808145
0.4046371337823654,59.999448280190165
0.4046371337823654,59.99794653336653
0.4046371337823654,60.000008410616026
0.4046371337823654,60.001227634247506
0.4046371337823654,60.00004868907157
0.4046371337823654,59.99871121248932
0.4046371337823654,59.99548135188242
0.4046371337823654,59.99593294500777
0.4046371337823654,59.99709267424237
0.4046371337823654,59.994647866576784
0.4046371337823654,59.996939257429744
0.4046371337823654,59.99649489717773
0.4046371337823654,60.03342440957047
0.4046371337823654,60.02134125449195
0.4046371337823654,60.04655382031477
0.4046371337823654,60.00085473230655
0.4046371337823654,60.001167242643
0.4046371337823654,59.996796613946735
0.4046371337823654,60.001280780464256
0.4046371337823654,59.996993513498964
0.4046371337823654,59.9997538247073
0.4046371337823654,60.02297699327432
0.4046371337823654,59.997603184117736
0.4046371337823654,60.02373236375054
0.4046371337823654,59.99762268129601
0.4046371337823654,60.00004112693446
0.4046371337823654,60.016248093140184
0.4046371337823654,60.00004738474159
0.4046371337823654,59.99984241417924
0.4046371337823654,60.0163766230466
0.4046371337823654,59.99661230952932
0.4046371337823654,60.01919355272435
0.4046371337823654,60.00230669918109
0.4046371337823654,59.989870571306554
0.4046371337823654,60.014467308893835
0.4046371337823654,59.998059011063425
0.4046371337823654,59.99560580923494
0.4046371337823654,60.03141983779227
0.4046371337823654,59.99515003397138
0.4046371337823654,60.01124926768642
0.4046371337823654,60.00010109760206
0.4046371337823654,59.998511317128774
0.4046371337823654,59.9941283069279
0.4046371337823654,60.01636034765345
0.4046371337823654,59.997855000048624
0.4046371337823654,59.99738716076514
0.4046371337823654,60.00002492265881
0.4046371337823654,59.99999703437016
0.4046371337823654,60.000232452551494
0.4046371337823654,60.00092130607092
0.4046371337823654,59.99323267601262
0.4046371337823654,60.01440988929642
0.4046371337823654,59.990080592220465
0.4046371337823654,60.01241884866783
0.4046371337823654,59.99943298597023
0.4046371337823654,59.99757320418782
0.4046371337823654,59.99614392005309
0.4046371337823654,59.999193027379846
0.4046371337823654,60.00102866109221
0.4046371337823654,59.99924222718178
0.4046371337823654,60.04766086444812
0.4046371337823654,60.00077699181065
0.4046371337823654,59.999958062093
0.4046371337823654,60.00009954423878
0.4046371337823654,60.02031292237631
0.4046371337823654,59.99797689750444
0.4046371337823654,59.997590284932
0.4046371337823654,59.99932270432706
0.4046371337823654,60.00134094962004
0.4046371337823654,59.99604313581409
0.4046371337823654,60.00099287122897
0.4046371337823654,60.00025408259481
0.4046371337823654,59.997792738734105
0.4046371337823654,59.99931720788046
0.4046371337823654,59.99854163790068
0.4046371337823654,59.99996469544062
0.4046371337823654,59.996508679598676
0.4046371337823654,59.99724464672277
0.4046371337823654,60.00004842769524
0.4046371337823654,59.999428875730665
0.4046371337823654,60.018901429192674
0.4046371337823654,59.99813247494371
0.4046371337823654,60.001299430550404
0.4046371337823654,60.00033298342076
0.4046371337823654,59.99670751402598
0.4046371337823654,59.99684895942571
0.4046371337823654,59.99884809052601
0.4046371337823654,60.0029118262369
0.4046371337823654,60.001189916989446
0.4046371337823654,60.013561981824886
0.4046371337823654,60.00071346416407
0.4046371337823654,59.99119830980632
0.4046371337823654,60.00123119227269
0.4046371337823654,60.01913292463602
0.4046371337823654,59.990807555781494
0.4046371337823654,59.996357014890016
0.4046371337823654,60.015503123361775
0.4046371337823654,60.00003021226985
0.4046371337823654,59.99913736545152
0.4046371337823654,59.999974869168526
0.4046371337823654,59.99770133271838
0.4046371337823654,59.99537708013558
0.4046371337823654,59.996738589999346
0.4046371337823654,60.00135569465542
0.4046371337823654,59.999267855980904
0.4046371337823654,59.998430342618455
0.4046371337823654,59.9990811193921
0.4046371337823654,59.99878812860658
0.4046371337823654,60.00097599508293
0.4046371337823654,59.9988968150035
0.4046371337823654,60.03682275065557
0.4046371337823654,59.995273356447385
0.4046371337823654,59.99345574005611
0.4046371337823654,60.024108898488386
0.4046371337823654,59.99999119791939
0.4046371337823654,60.00027784872501
0.4046371337823654,59.99908166872634
0.4046371337823654,59.99830048628576
0.4046371337823654,60.00003747766873
0.4046371337823654,59.998922232296046
0.4046371337823654,59.99865174429556
0.4046371337823654,59.99675045117331
0.4046371337823654,59.99978474557621
0.4046371337823654,59.99849748733075
0.4046371337823654,59.999411453943885
0.4046371337823654,59.99841309719213
0.4046371337823654,60.00161540297348
0.4046371337823654,60.000064909058075
0.4046371337823654,59.99901470701741
0.4046371337823654,59.99933619378992
0.4046371337823654,60.00045636585944
0.4046371337823654,60.000511110004986
0.4046371337823654,59.99998133104156
0.4046371337823654,59.999799176159875
0.4046371337823654,59.99984634950718
0.4046371337823654,59.99448117712034
0.4046371337823654,59.994382770081664
0.4046371337823654,60.01549473884524
0.4046371337823654,59.999065006398794
0.4046371337823654,59.99599762887025
0.4046371337823654,60.02016304257834
0.4046371337823654,59.996294919471914
0.4046371337823654,59.99998294993647
0.4046371337823654,59.9999781184049
0.4046371337823654,60.00002390014208
0.4046371337823654,60.000259701959635
0.4046371337823654,59.99997552481714
0.4046371337823654,60.00083532770944
0.4046371337823654,60.00079849711986
0.4046371337823654,60.00040738510031
0.4046371337823654,59.99911331061148
0.4046371337823654,60.000349289773276
0.4046371337823654,60.000646017997155
0.4046371337823654,60.00014511160376
0.4046371337823654,60.00119929445344
0.4046371337823654,59.99472220836159
0.4046371337823654,60.08902669286583
0.4046371337823654,60.00084414316005
0.4046371337823654,59.99466761099902
0.4046371337823654,60.00103908674329
0.4046371337823654,59.99886112816328
0.4046371337823654,59.99851372406161
0.4046371337823654,59.995682745239904
0.4046371337823654,60.00004979726166
0.4046371337823654,60.00006489470075
0.4046371337823654,60.00012783379725
0.4046371337823654,59.999994742251516
0.4046371337823654,59.9999968239637
0.4046371337823654,59.999979902215706
0.4046371337823654,60.0001805963085
0.4046371337823654,60.00003862513756
0.4046371337823654,60.00100759475104
0.4046371337823654,60.00105950193682
0.4046371337823654,60.00002516256367
0.4046371337823654,60.000122717297664
0.4046371337823654,60.00001108887559
0.4046371337823654,59.99972694642904
0.4046371337823654,59.99989637485418
0.4046371337823654,59.999054643254965
0.4046371337823654,60.012356487231884
0.4046371337823654,59.99903090903849
0.4046371337823654,60.073917174757945
0.4046371337823654,60.001315747687634
0.4046371337823654,59.99966560117122
0.4046371337823654,59.99569724277034
0.4046371337823654,59.99824475753626
0.4046371337823654,59.99840482353214
0.4046371337823654,59.99894437018464
0.4046371337823654,59.99864706753228
0.4046371337823654,60.00032344531042
0.4046371337823654,60.00002197303173
0.4046371337823654,60.00003886908126
0.4046371337823654,59.999963992918296
0.4046371337823654,60.000046740311035
0.4046371337823654,59.9998241830152
0.4046371337823654,59.99993957079069
0.4046371337823654,60.000000369019915
0.4046371337823654,60.00004340247404
0.4046371337823654,60.00007278940446
0.4046371337823654,60.00007367111859
0.4046371337823654,60.000159803735656
0.4046371337823654,59.99963328795641
0.4046371337823654,60.00026003311363
0.4046371337823654,60.000763558186826
0.4046371337823654,59.99997807365085
0.4046371337823654,59.9999362868181
0.4046371337823654,59.99993759687454
0.4046371337823654,59.99991790155436
0.4046371337823654,59.99993932180041
0.4046371337823654,59.99992747688918
0.4046371337823654,59.99994926460573
0.4046371337823654,59.99994600605375
0.4046371337823654,60.00020777490203
0.4046371337823654,59.99997776184782
0.4046371337823654,60.0013336574063
0.4046371337823654,60.00117566897365
0.4046371337823654,60.000103381771524
0.4046371337823654,59.99998344705416
0.4046371337823654,59.999952866316356
0.4046371337823654,59.99998395451492
0.4046371337823654,59.99995120463021
0.4046371337823654,59.99995722805251
0.4046371337823654,59.99987162862284
0.4046371337823654,59.99995999330622
0.4046371337823654,59.99934251730675
0.4046371337823654,59.999087455467155
0.4046371337823654,59.99340053084801
0.4046371337823654,59.99604316500913
0.4046371337823654,59.99896939312669
0.4046371337823654,60.014098262581825
0.4046371337823654,59.99684233758414
0.4046371337823654,59.98815257387538
0.4046371337823654,59.99834745542957
0.4046371337823654,60.000006028899286
0.4046371337823654,60.00005946584512
0.4046371337823654,60.00000871304823
0.4046371337823654,60.00001187973072
0.4046371337823654,60.00000708963508
0.4046371337823654,59.99998082407842
0.4046371337823654,59.99997803348446
0.4046371337823654,59.999970704467046
0.4046371337823654,59.99994438661699
0.4046371337823654,60.00013403488201
0.4046371337823654,59.998341446370425
0.4046371337823654,60.06274718637568
0.4046371337823654,59.99976033516849
0.4046371337823654,59.99998026225951
0.4046371337823654,60.00001483236426
0.4046371337823654,60.00001182859111
0.4046371337823654,60.000009712640924
0.4046371337823654,60.000016029223715
0.4046371337823654,60.00007469024448
0.4046371337823654,60.00034336195027
0.4046371337823654,59.99995541682139
0.4046371337823654,59.99637190592659
0.4046371337823654,59.999675460660725
0.4046371337823654,59.99996802243212
0.4046371337823654,59.99996367426288
0.4046371337823654,59.99999220804076
0.4046371337823654,60.0000030349438
0.4046371337823654,60.000013198591965
0.4046371337823654,60.000046381150405
0.4046371337823654,60.00000759754159
0.4046371337823654,60.00003787222715
0.4046371337823654,59.99989974962095
0.4046371337823654,59.99859414201696
0.4046371337823654,59.99951236983022
0.4046371337823654,59.99854339678656
0.4046371337823654,60.01954430127029
0.4046371337823654,59.99679771704233
0.4046371337823654,60.0214750148148
0.4046371337823654,60.02095971210235
0.4046371337823654,60.00080289210362
0.4046371337823654,60.0000159732337
0.4046371337823654,60.000005856766414
0.4046371337823654,60.00003990900013
0.4046371337823654,59.999964991415425
0.4046371337823654,59.99998960049866
0.4046371337823654,59.999944001348645
0.4046371337823654,59.99994721807872
0.4046371337823654,60.00001733388119
0.4046371337823654,59.99999557675407
0.4046371337823654,60.00017964365683
0.4046371337823654,60.05013908798621
0.4046371337823654,60.000511894107944
0.4046371337823654,60.00041135537128
0.4046371337823654,59.99624145818097
0.4046371337823654,60.00058023142106
0.4046371337823654,59.997332415578256
0.4046371337823654,59.99983238800399
0.4046371337823654,60.000027225951314
0.4046371337823654,60.00001406354994
0.4046371337823654,60.00002449109857
0.4046371337823654,60.00004352152289
0.4046371337823654,60.00002464633295
0.4046371337823654,59.99989251274364
0.4046371337823654,59.99864924801205
0.4046371337823654,60.0000339590052
0.4046371337823654,60.000113295535186
0.4046371337823654,60.00002004905338
0.4046371337823654,59.999964712869556
0.4046371337823654,59.9999848537586
0.4046371337823654,59.99995031887011
0.4046371337823654,59.99998189572512
0.4046371337823654,60.000002451049994
0.4046371337823654,60.00006620549746
0.4046371337823654,59.99983544335297
0.4046371337823654,59.99985326998449
0.4046371337823654,59.99991716181716
0.4046371337823654,59.99847854736486
0.4046371337823654,60.02051264779271
0.4046371337823654,59.996018217163616
0.4046371337823654,60.00083699771889
0.4046371337823654,60.00111671807489
0.4046371337823654,59.9991209107183
0.4046371337823654,59.99921728762534
0.4046371337823654,59.99788027622972
0.4046371337823654,59.99739233367326
0.4046371337823654,60.000329166569145
0.4046371337823654,59.999999324305925
0.4046371337823654,59.99997842464863
0.4046371337823654,60.000001792890465
0.4046371337823654,60.00001058057314
0.4046371337823654,60.000026658920255
0.4046371337823654,60.00002952005474
0.4046371337823654,60.000063600544834
0.4046371337823654,60.00014266400435
0.4046371337823654,60.0003223643007
0.4046371337823654,60.00000920852873
0.4046371337823654,59.99997938023978
0.4046371337823654,59.999976453113604
0.4046371337823654,59.999996955355975
0.4046371337823654,60.00003323266959
0.4046371337823654,60.000004839304395
0.4046371337823654,60.0000209255531
0.4046371337823654,59.99988020679879
0.4046371337823654,59.99997728121763
0.4046371337823654,60.00003209572228
0.4046371337823654,60.00027123727275
0.4046371337823654,60.00001434005747
0.4046371337823654,60.00059800121196
0.4046371337823654,60.00002391870901
0.4046371337823654,60.00001992997279
0.4046371337823654,59.99996334478072
0.4046371337823654,60.000007647449465
0.4046371337823654,59.99997702498881
0.4046371337823654,60.00000115944869
0.4046371337823654,60.00032306236407
0.4046371337823654,59.99992075727286
0.4046371337823654,60.00007157977589
0.4046371337823654,59.998485197235894
0.4046371337823654,59.99920567176145
0.4046371337823654,60.000411254415475
0.4046371337823654,60.000180164446746
0.4046371337823654,60.000370520282296
0.4046371337823654,60.000036510142124
0.4046371337823654,59.99996501464866
0.4046371337823654,59.99999418943432
0.4046371337823654,60.00000196156403
0.4046371337823654,60.00002379610559
0.4046371337823654,59.999969012381406
0.4046371337823654,59.999974156394494
0.4046371337823654,60.00000933709217
0.4046371337823654,60.00001586727821
0.4046371337823654,60.000012451441634
0.4046371337823654,59.99998753616738
0.4046371337823654,60.000034208969595
0.4046371337823654,60.0000074966188
0.4046371337823654,59.99997572758017
0.4046371337823654,59.999930683996915
0.4046371337823654,59.99850718149088
0.4046371337823654,59.99998404936481
0.4046371337823654,60.00000489251768
0.4046371337823654,59.99999836862229
0.4046371337823654,60.00003388288772
0.4046371337823654,60.0000063864883
0.4046371337823654,60.00001539303819
0.4046371337823654,59.99999149937473
0.4046371337823654,59.99995991722919
0.4046371337823654,59.99993906122091
0.4046371337823654,59.999868501899826
0.4046371337823654,60.00002310422555
0.4046371337823654,59.999892926688005
0.4046371337823654,60.00000122737129
0.4046371337823654,59.999984415819206
0.4046371337823654,60.00002778090493
0.4046371337823654,59.99997757143603
0.4046371337823654,60.00001521378022
0.4046371337823654,60.00000122780728
0.4046371337823654,59.999954544414685
0.4046371337823654,60.00041726870889
0.4046371337823654,59.99996576600308
0.4046371337823654,59.9999448654263
0.4046371337823654,59.99994854461752
0.4046371337823654,59.99994091895856
0.4046371337823654,60.00002500151957
0.4046371337823654,59.999949501618296
0.4046371337823654,59.99996646084691
0.4046371337823654,59.99999796003868
0.4046371337823654,59.99997578107411
0.4046371337823654,59.99997231189207
0.4046371337823654,59.99999854301303
0.4046371337823654,60.000001940251614
0.4046371337823654,59.9999959137896
0.4046371337823654,59.99994386751524
0.4046371337823654,59.99998035571681
0.4046371337823654,59.999950746532164
0.4046371337823654,60.00006224412477
0.4046371337823654,60.000054705045386
0.4046371337823654,59.99996920097487
0.4046371337823654,60.00001683987311
0.4046371337823654,59.99999480265594
0.4046371337823654,59.999965724431256
0.4046371337823654,59.999994666384076
0.4046371337823654,60.000012364229995
0.4046371337823654,60.000000011018365
0.4046371337823654,59.99998128231961
0.4046371337823654,60.00012996681025
0.4046371337823654,60.000013196663026
0.4046371337823654,60.0000326714869
0.4046371337823654,60.000010277751194
0.4046371337823654,60.00002889441527
0.4046371337823654,60.00000623257728
0.4046371337823654,59.99996073750792
0.4046371337823654,60.000021957997276
0.4046371337823654,60.00002211030028
0.4046371337823654,59.99991906615569
0.4046371337823654,59.9999901755369
0.4046371337823654,59.99997627920204
0.4046371337823654,60.0000077695132
0.4046371337823654,59.999981304133975
0.4046371337823654,60.00001262136686
0.4046371337823654,59.9999856855008
0.4046371337823654,60.000032452835896
0.4046371337823654,59.99997951677973
0.4046371337823654,59.99995979749551
0.4046371337823654,59.999937260379895
0.4046371337823654,60.00003259408815
0.4046371337823654,60.00002808975854
0.4046371337823654,60.00000057203581
0.4046371337823654,59.99992290252037
0.4046371337823654,59.999977837649226
0.4046371337823654,59.99997898542288
0.4046371337823654,60.00002068868179
0.4046371337823654,60.00009122838887
0.4046371337823654,60.000025382012325
0.4046371337823654,59.999989184134535
0.4046371337823654,60.00000907128833
0.4046371337823654,60.000025310411296
0.4046371337823654,60.00002585411601
0.4046371337823654,60.00002569016075
0.4046371337823654,60.000021055799785
0.4046371337823654,60.00003493370835
0.4046371337823654,59.999948275972294
0.4046371337823654,59.99997768190756
0.4046371337823654,60.00002534778012
0.4046371337823654,59.99995937074163
0.4046371337823654,60.00000992713223
0.4046371337823654,60.00000553657256
0.4046371337823654,60.000011830791784
0.4046371337823654,59.999993594599225
0.4046371337823654,60.00001949153491
0.4046371337823654,59.999997957974685
0.4046371337823654,59.99998585912108
0.4046371337823654,59.999986261707576
0.4046371337823654,59.9999992813145
0.4046371337823654,59.99997403691216
0.4046371337823654,60.00001427330171
0.4046371337823654,60.000020126484046
0.4046371337823654,60.000002199762385
0.4046371337823654,59.999996199746484
0.4046371337823654,59.99996813509307
0.4046371337823654,59.999930660287724
0.4046371337823654,59.99994619682825
0.4046371337823654,59.99999872927147
0.4046371337823654,59.99999111774339
0.4046371337823654,59.999983047577395
0.4046371337823654,60.00003944558381
0.4046371337823654,60.000030429927975
0.4046371337823654,60.000019092292085
0.4046371337823654,60.00000945063749
0.4046371337823654,59.99997535018905
0.4046371337823654,59.99996809539774
0.4046371337823654,59.99999867956757
0.4046371337823654,60.00000645742706
0.4046371337823654,59.999975651623544
0.4046371337823654,59.99999681545151
0.4046371337823654,59.9999955396937
0.4046371337823654,60.00001188930147
0.4046371337823654,60.00003959731883
0.4046371337823654,59.99998130193317
0.4046371337823654,59.99999510962194
0.4046371337823654,59.99998082459382
0.4046371337823654,59.999958149312135
0.4046371337823654,59.99999024770866
0.4046371337823654,60.000000073289655
0.4046371337823654,60.00002428650008
0.4046371337823654,59.999948609605056
0.4046371337823654,59.99997255278662
0.4046371337823654,60.0000254391148
0.4046371337823654,60.00002764952311
0.4046371337823654,59.999986034842706
0.4046371337823654,60.00003064895538
0.4046371337823654,59.99997760607827
0.4046371337823654,59.99999377205569
0.4046371337823654,59.99996904233413
0.4046371337823654,59.99994106410841
0.4046371337823654,60.000025315157295
0.4046371337823654,60.00000348618367
0.4046371337823654,60.00001210041906
0.4046371337823654,59.99995012292824
0.4046371337823654,60.00001153150633
0.4046371337823654,60.00003185680851
0.4046371337823654,59.99996525698219
0.4046371337823654,59.99997480950447
0.4046371337823654,60.0000149341581
0.4046371337823654,59.999985268068755
0.4046371337823654,59.99999613852296
0.4046371337823654,60.00001325091811
0.4046371337823654,59.99999736232198
0.4046371337823654,60.00002705095333
0.4046371337823654,59.99997978745403
0.4046371337823654,59.999982041958106
0.4046371337823654,60.000045528094866
0.4046371337823654,59.99997448388848
0.4046371337823654,59.999983435527064
0.4046371337823654,59.99997144946741
0.4046371337823654,60.00001917238947
0.4046371337823654,59.99995257919601
0.4046371337823654,60.00002293391075
0.4046371337823654,59.99998605374271
0.4046371337823654,60.000050668198796
0.4046371337823654,60.00000612930494
0.4046371337823654,59.99999800757716
0.4046371337823654,60.00002308117184
0.4046371337823654,59.99999292820023
0.4046371337823654,60.00002098895927
0.4046371337823654,59.99999029348496
0.4046371337823654,59.99999990742903
0.4046371337823654,59.9999963244827
0.4046371337823654,60.00000933675733
0.4046371337823654,60.000035708282496
0.4046371337823654,60.00000536345506
0.4046371337823654,59.999998806300816
0.4046371337823654,60.00003616066338
0.4046371337823654,60.00003738020314
0.4046371337823654,60.00000682554566
0.4046371337823654,60.000025948053235
0.4046371337823654,59.9999799059809
0.4046371337823654,59.999980884914855
0.4046371337823654,59.99997581135927
0.4046371337823654,59.999993201098484
0.4046371337823654,60.00002919018481
0.4046371337823654,60.00000216403774
0.4046371337823654,59.99999187645942
0.4046371337823654,60.00002955227114
0.4046371337823654,59.99998452580097
0.4046371337823654,59.999999575367305
0.4046371337823654,59.9999863652495
0.4046371337823654,59.99999738004061
0.4046371337823654,60.00000032402714
0.4046371337823654,60.00006122470454
0.4046371337823654,60.00000124757819
0.4046371337823654,60.0000143176565
0.4046371337823654,59.999984035415864
0.4046371337823654,60.000045202917555
0.4046371337823654,60.00001070552919
0.4046371337823654,60.000058869856254
0.4046371337823654,60.00004457869405
0.4046371337823654,60.00004414106634
0.4046371337823654,60.000042481042016
0.4046371337823654,60.000047847616514
0.4046371337823654,59.99996214619956
0.4046371337823654,59.99995594602937
0.4046371337823654,59.999995120271095
0.4046371337823654,59.99997825236637
0.4046371337823654,59.999938015026366
0.4046371337823654,60.00001749504707
0.4046371337823654,59.99997601679183
0.4046371337823654,59.999962078661994
0.4046371337823654,60.00000658032625
0.4046371337823654,60.0000208922218
0.4046371337823654,60.000006001435644
0.4046371337823654,60.000007304042
0.4046371337823654,60.000005772007235
0.4046371337823654,59.99998117694772
0.4046371337823654,60.00000543664981
0.4046371337823654,60.00002207070915
0.4046371337823654,60.00001651242013
0.4046371337823654,60.000023055364515
0.4046371337823654,59.99998064073583
0.4046371337823654,59.99996579856391
0.4046371337823654,59.99996738546725
0.4046371337823654,60.000001667721975
0.4046371337823654,59.99997049260045
0.4046371337823654,59.99999439950895
0.4046371337823654,59.999992954161215
0.4046371337823654,59.99998758776616
0.4046371337823654,60.00003957243126
0.4046371337823654,59.99998921171855
0.4046371337823654,59.99995267894007
0.4046371337823654,59.99991916701232
0.4046371337823654,59.9999667998153
0.4046371337823654,60.000047307082674
0.4046371337823654,60.00001204873141
0.4046371337823654,60.00002654094521
0.4046371337823654,60.00004243839814
0.4046371337823654,59.99997626322324
0.4046371337823654,59.99998176394245
0.4046371337823654,59.99997431552817
0.4046371337823654,60.00002879133907
0.4046371337823654,60.000011884833846
0.4046371337823654,59.999997279669806
0.4046371337823654,60.000007997288655
0.4046371337823654,60.000007965635405
0.4046371337823654,60.00006813701497
0.4046371337823654,60.000012830671714
0.4046371337823654,60.0001049825497
0.4046371337823654,60.00000128731438
0.4046371337823654,59.99999215540516
0.4046371337823654,59.999951539707936
0.4046371337823654,60.000002774382295
0.4046371337823654,60.000033831588254
0.4046371337823654,60.000042506835435
0.4046371337823654,59.99995762659493
0.4046371337823654,60.00001121854296
0.4046371337823654,59.999998920940506
0.4046371337823654,60.00000677799229
0.4046371337823654,59.99998729129123
0.4046371337823654,59.99999724021649
0.4046371337823654,60.00001415282398
0.4046371337823654,59.99996928132542
0.4046371337823654,59.99994240950528
0.4046371337823654,59.99999097986938
0.4046371337823654,60.00000836823686
0.4046371337823654,60.00000670017528
0.4046371337823654,60.00004160901002
0.4046371337823654,60.00005226967088
0.4046371337823654,59.999971772752396
0.4046371337823654,59.999978702894666
0.4046371337823654,59.99997939641901
0.4046371337823654,59.999980168805784
0.4046371337823654,60.00000661329738
0.4046371337823654,60.000000650574975
0.4046371337823654,59.99998387313394
0.4046371337823654,59.99997758160106
0.4046371337823654,59.99999241214943
0.4046371337823654,59.99999874431688
0.4046371337823654,60.000012308657794
0.4046371337823654,60.00002739976159
0.4046371337823654,60.00002433480914
0.4046371337823654,59.999997605072394
0.4046371337823654,60.000031879046205
0.4046371337823654,59.99997634632531
0.4046371337823654,59.999993483264845
0.4046371337823654,59.999903549361605
0.4046371337823654,60.000021342595666
0.4046371337823654,59.999984505508
0.4046371337823654,59.999974649391646
0.4046371337823654,60.00000647248525
0.4046371337823654,60.00002018726835
0.4046371337823654,59.99996028503094
0.4046371337823654,59.99997477260162
0.4046371337823654,60.00002174017239
0.4046371337823654,59.99999874907212
0.4046371337823654,59.999963652632985
0.4046371337823654,59.99999321729159
0.4046371337823654,59.99999946464255
0.4046371337823654,59.99997302787923
0.4046371337823654,60.00000225447875
0.4046371337823654,59.99997507250058
0.4046371337823654,60.00000184155188
0.4046371337823654,59.99997236650607
0.4046371337823654,59.99998123579368
0.4046371337823654,59.99996902229829
0.4046371337823654,59.99999791221328
0.4046371337823654,60.00000156723787
0.4046371337823654,60.00000939134394
0.4046371337823654,59.9999816746057
0.4046371337823654,59.99998404170454
0.4046371337823654,59.99999579365793
0.4046371337823654,59.99997380802156
0.4046371337823654,59.99999355754
0.4046371337823654,59.999975371243394
0.4046371337823654,59.99998652183537
0.4046371337823654,60.000014112159036
0.4046371337823654,59.99999867596752
0.4046371337823654,59.999970217453935
0.4046371337823654,60.00002622633622
0.4046371337823654,60.00004591927259
0.4046371337823654,59.999998466966574
0.4046371337823654,59.99999124188996
0.4046371337823654,59.999978628022745
0.4046371337823654,59.99998157592622
0.4046371337823654,59.99997731929554
0.4046371337823654,59.999977096134295
0.4046371337823654,60.00000015995576
0.4046371337823654,59.99999915714048
0.4046371337823654,60.00002664351951
0.4046371337823654,60.00001465315262
0.4046371337823654,60.00001905894287
0.4046371337823654,59.999998082357344
0.4046371337823654,60.00003841942639
0.4046371337823654,60.000047255522624
0.4046371337823654,60.00001878774583
0.4046371337823654,59.999945123136236
0.4046371337823654,60.00000774913072
0.4046371337823654,60.000007895767084
0.4046371337823654,60.00000322794067
0.4046371337823654,59.99998644498398
0.4046371337823654,60.00007584953326
0.4046371337823654,60.000007132328726
0.4046371337823654,60.000050720912384
0.4046371337823654,59.999983067180835
0.4046371337823654,60.00001811942707
0.4046371337823654,60.00004084343074
0.4046371337823654,60.00002058297997
0.4046371337823654,60.00003143703157
0.4046371337823654,60.00001080767539
0.4046371337823654,60.00002326634416
0.4046371337823654,59.99997616528383
0.4046371337823654,60.00002420718899
0.4046371337823654,59.99997381427514
0.4046371337823654,59.999990155766575
0.4046371337823654,59.99993715087786
0.4046371337823654,60.00001339638685
0.4046371337823654,60.00001694238428
0.4046371337823654,59.99987621152622
0.4046371337823654,60.00002164025431
0.4046371337823654,60.00003889706087
0.4046371337823654,59.9999814377797
0.4046371337823654,59.99994876664023
0.4046371337823654,60.0000956306382
0.4046371337823654,60.000011827464625
0.4046371337823654,59.99999125732548
0.4046371337823654,60.00002742342916
0.4046371337823654,60.00005014362594
0.4046371337823654,59.99992816543869
0.4046371337823654,59.99999470316353
0.4046371337823654,60.00002288921348
0.4046371337823654,59.99999832498303
0.4046371337823654,59.99998484567162
0.4046371337823654,60.000002587530524
0.4046371337823654,59.99999685428934
0.4046371337823654,60.00002928837302
0.4046371337823654,59.9999693693894
0.4046371337823654,59.99997949203144
0.4046371337823654,60.000028564732254
0.4046371337823654,59.999980862968926
0.4046371337823654,59.99999124859543
0.4046371337823654,59.999992045199996
0.4046371337823654,59.999968048579845
0.4046371337823654,59.99998528360354
0.4046371337823654,59.99998381375149
0.4046371337823654,59.99999511152067
0.4046371337823654,59.999972704336734
0.4046371337823654,59.99999603721766
0.4046371337823654,60.00002067351178
0.4046371337823654,59.99997433231061
0.4046371337823654,59.99993005969413
0.4046371337823654,59.9999536244924
0.4046371337823654,60.00001547182992
0.4046371337823654,60.00007377292872
0.4046371337823654,59.99998073419473
0.4046371337823654,60.00002047852035
0.4046371337823654,60.00000766230224
0.4046371337823654,59.99999650893363
0.4046371337823654,59.99999142788793
0.4046371337823654,59.99998455340696
0.4046371337823654,59.99998621976323
0.4046371337823654,60.000044208723146
0.4046371337823654,59.999995082068374
0.4046371337823654,59.99995212564128
0.4046371337823654,59.99999293165804
0.4046371337823654,59.99998690578224
0.4046371337823654,59.99997567684638
0.4046371337823654,59.99994051899309
0.4046371337823654,59.99998583918271
0.4046371337823654,60.00000693889467
0.4046371337823654,59.99999696976045
0.4046371337823654,60.00001332830245
0.4046371337823654,59.999981775001096
0.4046371337823654,60.00000412661469
0.4046371337823654,60.00004829707129
0.4046371337823654,60.00000107422418
0.4046371337823654,59.99996199596405
0.4046371337823654,60.00001696229547
0.4046371337823654,59.99993911276268
0.4046371337823654,59.99999778229823
0.4046371337823654,59.9999862822304
0.4046371337823654,59.99997468295645
0.4046371337823654,60.000009051500335
0.4046371337823654,60.000036500051415
0.4046371337823654,60.000013024015765
0.4046371337823654,59.99997382134909
0.4046371337823654,60.00003674997754
0.4046371337823654,59.999954852964976
0.4046371337823654,60.000001803861934
0.4046371337823654,60.00004262078235
0.4046371337823654,59.99997967218744
0.4046371337823654,60.00004779846948
0.4046371337823654,59.99997761169539
0.4046371337823654,59.999979455630935
0.4046371337823654,60.00003791550792
0.4046371337823654,60.00002304205291
0.4046371337823654,60.00000279375249
0.4046371337823654,59.99999549701021
0.4046371337823654,60.000012751549804
0.4046371337823654,59.99997389755227
0.4046371337823654,60.000008434010965
0.4046371337823654,59.999965592896224
0.4046371337823654,59.99998981827052
0.4046371337823654,59.99996406317909
0.4046371337823654,60.00002794053686
0.4046371337823654,60.00003503825269
0.4046371337823654,59.99996683891765
0.4046371337823654,59.99991483997798
0.4046371337823654,59.99998173980694
0.4046371337823654,60.00003225718693
0.4046371337823654,59.999980547242885
0.4046371337823654,59.99996963984276
0.4046371337823654,60.00003207588509
0.4046371337823654,60.00002347566922
0.4046371337823654,60.0000439816561
0.4046371337823654,60.00002761699535
0.4046371337823654,59.99996475392743
0.4046371337823654,59.999976661917174
0.4046371337823654,59.99999067828914
0.4046371337823654,59.99999262081846
0.4046371337823654,59.99996428289498
0.4046371337823654,59.99998311046994
0.4046371337823654,59.99998845215671
0.4046371337823654,59.999940588164925
0.4046371337823654,60.00001137653969
0.4046371337823654,59.999921335077566
0.4046371337823654,59.99997617058751
0.4046371337823654,59.99997932240476
0.4046371337823654,60.0000508923068
0.4046371337823654,59.99996966548188
0.4046371337823654,60.00004990474272
0.4046371337823654,60.00002767900422
0.4046371337823654,60.000012813395585
0.4046371337823654,60.00000504263926
0.4046371337823654,59.999929394523605
0.4046371337823654,59.999936359442806
0.4046371337823654,59.99995580337553
0.4046371337823654,60.000024342950695
0.4046371337823654,60.00002141754345
0.4046371337823654,59.99999824748521
0.4046371337823654,60.0000229037175
0.4046371337823654,59.99998105466591
0.4046371337823654,60.00004258967625
0.4046371337823654,60.00000927352863
0.4046371337823654,60.000019535156746
0.4046371337823654,60.00002050999779
0.4046371337823654,59.9999620374751
0.4046371337823654,60.000018469776734
0.4046371337823654,60.00002274278771
0.4046371337823654,59.99995739150944
0.4046371337823654,60.000003543629944
0.4046371337823654,59.999965632859144
0.4046371337823654,60.00000865962517
0.4046371337823654,59.99999333095052
0.4046371337823654,60.000003481438014
0.4046371337823654,59.99997063857073
0.4046371337823654,59.9999973891534
0.4046371337823654,59.99999569862599
0.4046371337823654,59.999934947402124
0.4046371337823654,59.99999183749715
0.4046371337823654,60.00005153259023
0.4046371337823654,60.00000552102986
0.4046371337823654,60.00000247542606
0.4046371337823654,60.00003373918561
0.4046371337823654,59.99993546625777
0.4046371337823654,60.000022344663776
0.4046371337823654,60.000006950570366
0.4046371337823654,59.99995082550021
0.4046371337823654,60.00001534427671
0.4046371337823654,60.000007892451755
0.4046371337823654,59.99999659704871
0.4046371337823654,60.000020354805
0.4046371337823654,60.000044436836575
0.4046371337823654,59.999983400056884
0.4046371337823654,60.000010775420215
0.4046371337823654,60.00002635502842
0.4046371337823654,59.99997592415531
0.4046371337823654,59.99998035088052
0.4046371337823654,59.99997403831319
0.4046371337823654,60.000007173945825
0.4046371337823654,60.00001203332541
0.4046371337823654,60.00000989362087
0.4046371337823654,59.99996326592842
0.4046371337823654,60.000013340796556
0.4046371337823654,60.00003147258663
0.4046371337823654,59.99996957311218
0.4046371337823654,60.0000273469553
0.4046371337823654,60.00002950037623
0.4046371337823654,60.00000003720788
0.4046371337823654,59.999972879894834
0.4046371337823654,59.999984342767306
0.4046371337823654,60.00008182157406
0.4046371337823654,59.99995743520748
0.4046371337823654,60.00000032745436
0.4046371337823654,59.99996157036625
0.4046371337823654,60.00000544445172
0.4046371337823654,59.999985764739755
0.4046371337823654,60.0000258793917
0.4046371337823654,59.99999996906769
0.4046371337823654,60.00000746812365
0.4046371337823654,59.99999494419756
0.4046371337823654,59.999948004741526
0.4046371337823654,59.99996654202083
0.4046371337823654,59.99999518151162
0.4046371337823654,59.99999005266345
0.4046371337823654,59.99998979952333
0.4046371337823654,60.00002626259131
0.4046371337823654,60.00000284093182
0.4046371337823654,60.00000407078006
0.4046371337823654,59.99998650445901
0.4046371337823654,60.00005034911955
0.4046371337823654,59.999976139886044
0.4046371337823654,60.000040419423094
0.4046371337823654,59.99997913821425
0.4046371337823654,60.00003052987328
0.4046371337823654,60.00000697693515
0.4046371337823654,59.99996761307235
0.4046371337823654,60.00003823712265
0.4046371337823654,60.00001293180656
0.4046371337823654,59.99996848089996
0.4046371337823654,59.99999977232935
0.4046371337823654,59.9999919665373
0.4046371337823654,60.00001933838744
0.4046371337823654,60.000001179788256
0.4046371337823654,59.99997511131702
0.4046371337823654,59.99997111134552
0.4046371337823654,60.000007717789536
0.4046371337823654,60.00002769403358
0.4046371337823654,60.000026500991765
0.4046371337823654,59.999991061235285
0.4046371337823654,59.9999403577195
0.4046371337823654,59.99999647494882
0.4046371337823654,60.00001957426821
0.4046371337823654,60.00000241403947
0.4046371337823654,60.00002031573285
0.4046371337823654,60.00002338506973
0.4046371337823654,59.9999940032125
0.4046371337823654,59.999993865697405
0.4046371337823654,59.99999147404843
0.4046371337823654,60.0000171737859
0.4046371337823654,59.99997779402115
0.4046371337823654,59.9999814730729
0.4046371337823654,60.00000521358876
0.4046371337823654,59.99998491328557
0.4046371337823654,60.000019080907
0.4046371337823654,60.000019013863444
0.4046371337823654,60.00000149411477
0.4046371337823654,60.00008323738599
0.4046371337823654,60.000009963644395
0.4046371337823654,60.00002621180398
0.4046371337823654,59.999991955227195
0.4046371337823654,59.99998557904725
0.4046371337823654,59.99995330194265
0.4046371337823654,60.00001387687703
0.4046371337823654,59.99994118045068
0.4046371337823654,60.000025470773906
0.4046371337823654,60.00002282375318
0.4046371337823654,59.99997215883553
0.4046371337823654,60.000045217954295
0.4046371337823654,59.99999556918356
0.4046371337823654,59.99999336151297
0.4046371337823654,60.000014135302585
0.4046371337823654,60.00001028682008
0.4046371337823654,60.00001267472533
0.4046371337823654,59.99999127004374
0.4046371337823654,59.99999955915234
0.4046371337823654,59.9999540202309
0.4046371337823654,60.000004653023076
0.4046371337823654,59.99995661143776
0.4046371337823654,59.99996774960343
0.4046371337823654,59.9999989589617
0.4046371337823654,59.99994733764219
0.4046371337823654,60.000010978768806
0.4046371337823654,59.99995261313776
0.4046371337823654,60.000002330610045
0.4046371337823654,59.9999747254668
0.4046371337823654,60.000004404080116
0.4046371337823654,59.99996316545083
0.4046371337823654,60.000065786553755
0.4046371337823654,60.00002842021166
0.4046371337823654,60.000008041009956
0.4046371337823654,60.00001110796411
0.4046371337823654,60.0000133258842
0.4046371337823654,60.00000139671518
0.4046371337823654,60.00001286215102
0.4046371337823654,59.999969224453544
0.4046371337823654,59.99997415959804
0.4046371337823654,59.99999369245035
0.4046371337823654,59.99999284527985
0.4046371337823654,60.00000076970248
0.4046371337823654,59.999967788196514
0.4046371337823654,59.99997864909908
0.4046371337823654,59.9999588854806
0.4046371337823654,59.9999642884493
0.4046371337823654,59.99997803304373
0.4046371337823654,59.999994231159334
0.4046371337823654,59.999995609083875
0.4046371337823654,60.000018677277986
0.4046371337823654,59.99996951592894
0.4046371337823654,60.000010482253366
0.4046371337823654,60.00004598292527
0.4046371337823654,59.999991867453396
0.4046371337823654,60.00006139206018
0.4046371337823654,60.000005126291484
0.4046371337823654,59.99999721044696
0.4046371337823654,59.999943402570025
0.4046371337823654,59.999950424871145
0.4046371337823654,59.999986877700486
0.4046371337823654,60.000025773531604
0.4046371337823654,59.99998001743224
0.4046371337823654,60.00005109150469
0.4046371337823654,60.00000533945871
0.4046371337823654,60.00000197358326
0.4046371337823654,59.999957278983146
0.4046371337823654,59.999951527348095
0.4046371337823654,59.99998377617834
0.4046371337823654,59.999975431726746
0.4046371337823654,59.999970188573855
0.4046371337823654,60.000057835951345
0.4046371337823654,59.99999947379661
0.4046371337823654,59.99998738543215
0.4046371337823654,60.00000914790068
0.4046371337823654,60.00006122006282
0.4046371337823654,59.99999002517556
0.4046371337823654,59.99996138702769
0.4046371337823654,60.000021243580825
0.4046371337823654,59.9999420551506
0.4046371337823654,59.999960126131306
0.4046371337823654,60.000016296890315
0.4046371337823654,59.99998782150501
0.4046371337823654,60.00001548105782
0.4046371337823654,59.99993442986419
0.4046371337823654,59.9999993529908
0.4046371337823654,60.00001263648187
0.4046371337823654,60.000013848326375
0.4046371337823654,60.00001293128139
0.4046371337823654,60.000044531916984
0.4046371337823654,59.99998290882567
0.4046371337823654,60.00000877050485
0.4046371337823654,60.00002142917249
0.4046371337823654,60.00002466434827
0.4046371337823654,59.999970462031634
0.4046371337823654,59.999970820352345
0.4046371337823654,59.99995917257268
0.4046371337823654,59.99998527074998
0.4046371337823654,59.99997213897472
0.4046371337823654,59.999958375240446
0.4046371337823654,60.00000555845799
0.4046371337823654,59.9999643838498
0.4046371337823654,60.00000330563842
0.4046371337823654,59.999994647143566
0.4046371337823654,60.00003067338438
0.4046371337823654,59.999992999432074
0.4046371337823654,59.99997371073163
0.4046371337823654,60.00002073707186
0.4046371337823654,59.99999478969185
0.4046371337823654,59.9999889151188
0.4046371337823654,60.00000607207605
0.4046371337823654,60.00001249991755
0.4046371337823654,59.99999320780763
0.4046371337823654,60.00001470805291
0.4046371337823654,60.00001594746657
0.4046371337823654,59.99998852105209
0.4046371337823654,59.999998299740575
0.4046371337823654,59.99998884362294
0.4046371337823654,59.99999836256612
0.4046371337823654,60.00000876171632
0.4046371337823654,59.99999242224733
0.4046371337823654,60.000011917207495
0.4046371337823654,59.999913096149825
0.4046371337823654,60.000008692359565
0.4046371337823654,59.99994780985427
0.4046371337823654,60.00005920468182
0.4046371337823654,59.99996720599112
0.4046371337823654,59.9999933271765
0.4046371337823654,59.999971077030786
0.4046371337823654,60.00002100643166
0.4046371337823654,59.99999350154497
0.4046371337823654,59.999919309107376
0.4046371337823654,60.0000591624745
0.4046371337823654,59.99997507400094
0.4046371337823654,60.00000494907718
0.4046371337823654,59.99999363330811
0.4046371337823654,60.00001992158963
0.4046371337823654,60.00003018205018
0.4046371337823654,59.9999960326759
0.4046371337823654,59.99995042557989
0.4046371337823654,60.00001358111899
0.4046371337823654,59.999971979562304
0.4046371337823654,59.999964414566186
0.4046371337823654,60.00001905290919
0.4046371337823654,59.99999502553679
0.4046371337823654,59.99999333157041
0.4046371337823654,60.00002309831451
0.4046371337823654,59.9999858260037
0.4046371337823654,59.99996781069404
0.4046371337823654,59.999975464445725
0.4046371337823654,59.999997110975706
0.4046371337823654,60.000015353576806
0.4046371337823654,59.999988685483224
0.4046371337823654,59.99996404010636
0.4046371337823654,60.00000100669363
0.4046371337823654,59.999993705485984
0.4046371337823654,59.999985946965346
0.4046371337823654,60.00002750095003
0.4046371337823654,59.999980601824895
0.4046371337823654,59.99999152726333
0.4046371337823654,60.00001978486638
0.4046371337823654,59.999999241729974
0.4046371337823654,60.00000078561973
0.4046371337823654,59.99996820198271
0.4046371337823654,59.999999982085356
0.4046371337823654,59.99998435000875
0.4046371337823654,59.9999804688605
0.4046371337823654,60.0000212509262
0.4046371337823654,59.999959976543366
0.4046371337823654,59.999996959818574
0.4046371337823654,59.99999355926942
0.4046371337823654,60.00004251490619
0.4046371337823654,59.99999601273892
0.4046371337823654,60.00001288978281
0.4046371337823654,60.00000294339994
0.4046371337823654,60.00003742306464
0.4046371337823654,60.000054523830364
0.4046371337823654,60.00004238784876
0.4046371337823654,59.999985043142395
0.4046371337823654,60.00003087207164
0.4046371337823654,59.99997256628335
0.4046371337823654,59.99998625394492
0.4046371337823654,60.00000018762873
0.4046371337823654,59.99999217713434
0.4046371337823654,59.99997827313864
0.4046371337823654,60.00000669436658
0.4046371337823654,60.000035131529366
0.4046371337823654,60.00001237566234
0.4046371337823654,59.99997926032081
0.4046371337823654,59.999954785631424
0.4046371337823654,60.000007555455625
0.4046371337823654,60.000008118827765
0.4046371337823654,59.99996237751569
0.4046371337823654,59.999973731995645
0.4046371337823654,60.00001311202948
0.4046371337823654,60.000016070269226
0.4046371337823654,59.999982829929635
0.4046371337823654,60.00002164265983
0.4046371337823654,60.000015004296614
0.4046371337823654,59.99999366524302
0.4046371337823654,59.99999111301249
0.4046371337823654,60.000004801015955
0.4046371337823654,59.99999504579712
0.4046371337823654,60.000023949602216
0.4046371337823654,60.00001598997965
0.4046371337823654,59.999982185085315
0.4046371337823654,59.999992453370254
0.4046371337823654,60.000030889998484
0.4046371337823654,59.99998485636199
0.4046371337823654,59.99999305088402
0.4046371337823654,60.00000888567309
0.4046371337823654,59.99996835770961
0.4046371337823654,59.99999136578391
0.4046371337823654,60.00000230270115
0.4046371337823654,59.99994908452284
0.4046371337823654,59.99994715396905
0.4046371337823654,60.00000356055955
0.4046371337823654,59.99996005903029
0.4046371337823654,59.99996969226712
0.4046371337823654,59.99998966542156
0.4046371337823654,59.99999613315186
0.4046371337823654,59.99993636381672
0.4046371337823654,59.9999670328247
0.4046371337823654,59.999974850508146
0.4046371337823654,60.000003444893316
0.4046371337823654,60.00004515379306
0.4046371337823654,60.000027416883185
0.4046371337823654,59.999988036989876
0.4046371337823654,59.99992571872814
0.4046371337823654,60.00009906342872
0.4046371337823654,59.99997545722193
0.4046371337823654,59.999941360385606
0.4046371337823654,59.99999440324336
0.4046371337823654,59.9999740817966
0.4046371337823654,59.999974238989196
0.4046371337823654,59.99999157724328
0.4046371337823654,59.999986195731964
0.4046371337823654,59.999956301279695
0.4046371337823654,60.00001902302931
0.4046371337823654,60.00002228462651
0.4046371337823654,59.99999995561356
0.4046371337823654,59.999990935230436
0.4046371337823654,60.00003438175177
0.4046371337823654,60.000023966926406
0.4046371337823654,59.99998104997781
0.4046371337823654,59.999995580434316
0.4046371337823654,59.999983782310906
0.4046371337823654,60.00001994503736
0.4046371337823654,60.00006476869805
0.4046371337823654,59.99999328377334
0.4046371337823654,60.0000182779588
0.4046371337823654,59.9999669322546
0.4046371337823654,59.99999490002692
0.4046371337823654,59.99998065922793
0.4046371337823654,60.00001627316199
0.4046371337823654,60.00003229312068
0.4046371337823654,59.99995240585819
0.4046371337823654,60.000003971796254
0.4046371337823654,59.99995406161215
0.4046371337823654,60.00002667512061
0.4046371337823654,59.99998079720318
0.4046371337823654,60.000028926249435
0.4046371337823654,59.99998369211214
0.4046371337823654,59.99995730666598
0.4046371337823654,60.00001755281619
0.4046371337823654,59.99999530687501
0.4046371337823654,59.9999914221788
0.4046371337823654,60.00000927420446
0.4046371337823654,60.000022736491395
0.4046371337823654,59.99999286032636
0.4046371337823654,60.000034371295015
0.4046371337823654,59.99997710009768
0.4046371337823654,59.99997030343487
0.4046371337823654,59.99992490636605
0.4046371337823654,60.00000447451658
0.4046371337823654,59.99997621886375
0.4046371337823654,59.999995526909025
0.4046371337823654,59.9999930946615
0.4046371337823654,59.99997827714883
0.4046371337823654,59.99997972186767
0.4046371337823654,60.00000968611176
0.4046371337823654,60.00001788761702
0.4046371337823654,59.99997157747396
0.4046371337823654,59.999942203599915
0.4046371337823654,60.00003746376362
0.4046371337823654,59.99994270857781
0.4046371337823654,60.000017154119966
0.4046371337823654,59.99999816885916
0.4046371337823654,59.99994593411616
0.4046371337823654,59.99998741012438
0.4046371337823654,60.00001557334214
0.4046371337823654,59.99998560309636
0.4046371337823654,59.99997172423846
0.4046371337823654,59.99997008572655
0.4046371337823654,60.00001866871447
0.4046371337823654,60.000004981241254
0.4046371337823654,59.999995536304084
0.4046371337823654,59.99993978214415
0.4046371337823654,60.00002646712078
0.4046371337823654,60.0000320704938
0.4046371337823654,59.99999365483813
0.4046371337823654,60.00001742886492
0.4046371337823654,59.9999973024926
0.4046371337823654,59.9999976035196
0.4046371337823654,60.000012052383305
0.4046371337823654,60.00000436252357
0.4046371337823654,59.99999068439658
0.4046371337823654,60.00002909623625
0.4046371337823654,60.00002820285879
0.4046371337823654,60.0000241512926
0.4046371337823654,60.00005269351541
0.4046371337823654,60.00001440885434
0.4046371337823654,60.000020398557446
0.4046371337823654,59.99996388402821
0.4046371337823654,60.00000739476504
0.4046371337823654,60.00002291743298
0.4046371337823654,59.99995353744367
0.4046371337823654,59.99992178812579
0.4046371337823654,59.99996433871808
0.4046371337823654,59.99999030715877
0.4046371337823654,59.99999580374257
0.4046371337823654,60.000069893773684
0.4046371337823654,59.99999904904142
0.4046371337823654,59.99999162753116
0.4046371337823654,59.999988068333124
0.4046371337823654,59.99998634963101
0.4046371337823654,59.9999098652119
0.4046371337823654,59.99998958332014
0.4046371337823654,60.00000749640632
0.4046371337823654,59.9999957138934
0.4046371337823654,60.00002153351466
0.4046371337823654,59.99995437894533
0.4046371337823654,60.000028865476786
0.4046371337823654,59.999944041110744
0.4046371337823654,60.00000240277621
0.4046371337823654,59.99993827702552
0.4046371337823654,59.999999854311206
0.4046371337823654,59.99999122785896
0.4046371337823654,60.00002383351417
0.4046371337823654,59.99999103815184
0.4046371337823654,59.99993013707089
0.4046371337823654,59.999991992020846
0.4046371337823654,59.999951148986725
0.4046371337823654,59.999934644982645
0.4046371337823654,60.00003106820363
0.4046371337823654,59.999981130908
0.4046371337823654,60.00001199561763
0.4046371337823654,59.999967851317514
0.4046371337823654,59.99999981176439
0.4046371337823654,60.0000118689782
0.4046371337823654,60.0000342536387
0.4046371337823654,60.00004387862763
0.4046371337823654,60.000008220986196
0.4046371337823654,60.000002132933844
0.4046371337823654,59.99995663507854
0.4046371337823654,59.99996388046386
0.4046371337823654,59.99999427102724
0.4046371337823654,60.0000272099681
0.4046371337823654,60.000002913808686
0.4046371337823654,59.99998228856257
0.4046371337823654,60.0000514267976
0.4046371337823654,60.0000834832708
0.4046371337823654,59.99998465884294
0.4046371337823654,59.99997749421802
0.4046371337823654,59.9999848913987
0.4046371337823654,60.000015636769184
0.4046371337823654,59.999990106766866
0.4046371337823654,60.000017011781395
0.4046371337823654,59.99994442571555
0.4046371337823654,60.000002109367195
0.4046371337823654,59.99999729738801
0.4046371337823654,59.99995864326766
0.4046371337823654,59.99993584036888
0.4046371337823654,59.999998224536405
0.4046371337823654,59.99998157020521
0.4046371337823654,59.99994979649193
0.4046371337823654,59.99998161439545
0.4046371337823654,59.99999532553127
0.4046371337823654,59.99998592414108
0.4046371337823654,59.99999091531221
0.4046371337823654,59.999946617907085
0.4046371337823654,60.00002307783146
0.4046371337823654,59.999944912814385
0.4046371337823654,59.999923239116384
0.4046371337823654,59.99998435824053
0.4046371337823654,60.00001458172752
0.4046371337823654,60.00002587409896
0.4046371337823654,60.000001839565115
0.4046371337823654,59.99993992382923
0.4046371337823654,59.9999920686133
0.4046371337823654,60.00002236506458
0.4046371337823654,59.99995861537696
0.4046371337823654,60.00002387091276
0.4046371337823654,59.999950382795745
0.4046371337823654,59.99999254556223
0.4046371337823654,59.9999833209422
0.4046371337823654,60.00002040021381
0.4046371337823654,60.00001557993686
0.4046371337823654,59.999988063016175
0.4046371337823654,60.00002343504589
0.4046371337823654,60.00004065904121
0.4046371337823654,59.99999687076253
0.4046371337823654,59.9999439128815
0.4046371337823654,60.00000556652442
0.4046371337823654,59.999996965826824
0.4046371337823654,60.00000608847238
0.4046371337823654,59.99997995305997
0.4046371337823654,60.00002638340124
0.4046371337823654,60.00001100833741
0.4046371337823654,59.999997189211015
0.4046371337823654,59.99997369596316
0.4046371337823654,60.000030808750275
0.4046371337823654,59.999967780898274
0.4046371337823654,59.99999287241776
0.4046371337823654,60.00000934653774
0.4046371337823654,59.99998792266496
0.4046371337823654,59.99996352193163
0.4046371337823654,59.99997596359623
0.4046371337823654,59.999971202065154
0.4046371337823654,60.00001244994136
0.4046371337823654,60.00000519420883
0.4046371337823654,60.00000071729003
0.4046371337823654,60.00000496296877
0.4046371337823654,60.000012202277595
0.4046371337823654,59.99996264047952
0.4046371337823654,59.9999543869611
0.4046371337823654,60.00000523528283
0.4046371337823654,60.00000030490359
0.4046371337823654,60.00005308980036
0.4046371337823654,60.00001024799257
0.4046371337823654,59.99999897803674
0.4046371337823654,59.99998417634903
0.4046371337823654,59.999984173231255
0.4046371337823654,59.99996722285508
0.4046371337823654,59.999936167717
0.4046371337823654,60.00000793171197
0.4046371337823654,59.99997665402219
0.4046371337823654,59.99998198721496
0.4046371337823654,59.99994830888911
0.4046371337823654,59.99999100537027
0.4046371337823654,60.00003159610054
0.4046371337823654,59.99995308456666
0.4046371337823654,59.99999813353912
0.4046371337823654,60.00003527314452
0.4046371337823654,60.0000320217153
0.4046371337823654,60.000030720898685
0.4046371337823654,59.99996157970014
0.4046371337823654,59.999991981442705
0.4046371337823654,59.99994763147854
0.4046371337823654,60.00002588174603
0.4046371337823654,60.00000668973283
0.4046371337823654,59.999998251579065
0.4046371337823654,60.00002102771643
0.4046371337823654,59.99994507283067
0.4046371337823654,60.00003236805799
0.4046371337823654,59.999991148086956
0.4046371337823654,60.000013417198325
0.4046371337823654,59.999972604805194
0.4046371337823654,60.00001199450103
0.4046371337823654,60.00001559206634
0.4046371337823654,60.0000004111135
0.4046371337823654,60.00001211616684
0.4046371337823654,59.9999829119981
0.4046371337823654,60.00001392120692
0.4046371337823654,60.000047091459294
0.4046371337823654,60.000031589271586
0.4046371337823654,60.00000978527662
0.4046371337823654,60.00001758065584
0.4046371337823654,59.999966860886545
0.4046371337823654,59.99994618448302
0.4046371337823654,59.99988860742034
0.4046371337823654,59.99999547506869
0.4046371337823654,60.000015981829215
0.4046371337823654,59.999905426139975
0.4046371337823654,59.99995638781522
0.4046371337823654,59.99995562307125
0.4046371337823654,60.00002053281662
0.4046371337823654,60.000002803890084
0.4046371337823654,59.99998096614916
0.4046371337823654,60.00002013241048
0.4046371337823654,60.0000117949012
0.4046371337823654,59.99999769374778
0.4046371337823654,59.999993971893346
0.4046371337823654,59.999988138951544
0.4046371337823654,59.999987251368786
0.4046371337823654,59.99999678454191
0.4046371337823654,59.999994343811814
0.4046371337823654,60.00004870632635
0.4046371337823654,59.99996889565732
0.4046371337823654,59.9999796400596
0.4046371337823654,60.00002963943359
0.4046371337823654,60.00003814809391
0.4046371337823654,59.99998218070332
0.4046371337823654,59.99999682796097
0.4046371337823654,59.99998621088746
0.4046371337823654,59.99997034731399
0.4046371337823654,59.99996295542346
0.4046371337823654,59.99998220405567
0.4046371337823654,60.000020679135005
0.4046371337823654,59.99999024515829
0.4046371337823654,59.999971805705236
0.4046371337823654,59.99998218767338
0.4046371337823654,59.99998619613326
0.4046371337823654,60.000023738475605
0.4046371337823654,60.00003413273377
0.4046371337823654,59.99996411252906
0.4046371337823654,59.99996054950944
0.4046371337823654,60.000074375934844
0.4046371337823654,60.00000806924354
0.4046371337823654,60.00002877550213
0.4046371337823654,60.00001972776756
0.4046371337823654,59.99997686240309
0.4046371337823654,59.99997835373081
0.4046371337823654,59.999968008641545
0.4046371337823654,59.999940168463105
0.4046371337823654,59.999973186950854
0.4046371337823654,60.00003237817663
0.4046371337823654,60.0000034331127
0.4046371337823654,59.99997022030543
0.4046371337823654,59.99998053009932
0.4046371337823654,60.00001022768052
0.4046371337823654,60.00001791839016
0.4046371337823654,60.00003552741018
0.4046371337823654,59.99998515811019
0.4046371337823654,60.000010087768466
0.4046371337823654,59.99998858423502
0.4046371337823654,59.99999234916013
0.4046371337823654,59.999987257178894
0.4046371337823654,59.99999749138094
0.4046371337823654,60.00004032265192
0.4046371337823654,60.00003007589191
0.4046371337823654,60.00000566496406
0.4046371337823654,59.99998419747066
0.4046371337823654,60.00003327607849
0.4046371337823654,60.00001145268503
0.4046371337823654,59.99999016964257
0.4046371337823654,60.000016107757446
0.4046371337823654,59.99999054820166
0.4046371337823654,60.000007734596245
0.4046371337823654,59.99993773901109
0.4046371337823654,60.000037496488964
0.4046371337823654,59.99999865288479
0.4046371337823654,59.99997309533865
0.4046371337823654,59.999990450702235
0.4046371337823654,59.99999851904246
0.4046371337823654,60.00002584848764
0.4046371337823654,59.99999719615547
0.4046371337823654,59.9999796587876
0.4046371337823654,59.999997963931975
0.4046371337823654,60.00000746650198
0.4046371337823654,59.999984128388306
0.4046371337823654,59.99993777279164
0.4046371337823654,59.99997093988298
0.4046371337823654,59.999984224292355
0.4046371337823654,60.000034889023524
0.4046371337823654,60.00002432260965
0.4046371337823654,59.9999960091746
0.4046371337823654,59.9999797515606
0.4046371337823654,60.00003408910847
0.4046371337823654,60.00004014831519
0.4046371337823654,60.00002767488145
0.4046371337823654,59.99997591697176
0.4046371337823654,60.0000074316526
0.4046371337823654,60.00001003224932
0.4046371337823654,59.99997386662078
0.4046371337823654,59.99997666196942
0.4046371337823654,60.00001885604918
0.4046371337823654,59.99999618939132
0.4046371337823654,60.00000491862638
0.4046371337823654,60.00002027017456
0.4046371337823654,60.000021526425726
0.4046371337823654,60.000003260124366
0.4046371337823654,60.00004102939845
0.4046371337823654,59.9999820380075
0.4046371337823654,59.99995705664021
0.4046371337823654,59.99996689945508
0.4046371337823654,60.000052444042836
0.4046371337823654,59.999993931211364
0.4046371337823654,60.00002211176169
0.4046371337823654,59.999889279730425
0.4046371337823654,59.9998672779481
0.4046371337823654,60.000032737307315
0.4046371337823654,60.00000617506078
0.4046371337823654,60.00009712505859
0.4046371337823654,59.99992690540278
0.4046371337823654,59.99991060804229
0.4046371337823654,60.00011170028462
0.4046371337823654,59.99997512927037
0.4046371337823654,60.00005075814965
0.4046371337823654,59.99996022434893
0.4046371337823654,60.00004225766344
0.4046371337823654,59.99997845112861
0.4046371337823654,59.99970321607759
0.4046371337823654,60.000014130480466
0.4046371337823654,59.99998345664382
0.4046371337823654,60.000036322286384
0.4046371337823654,59.999995577146166
0.4046371337823654,60.00006162182865
0.4046371337823654,59.99997977485302
0.4046371337823654,59.99971343426471
0.4046371337823654,59.99993434285222
0.4046371337823654,59.99994339844262
0.4046371337823654,60.000002385993426
0.4046371337823654,59.999795510763455
0.4046371337823654,59.99993473600889
0.4046371337823654,59.999896472341746
0.4046371337823654,60.000009125175126
0.4046371337823654,59.999974079444975
0.4046371337823654,59.99999258348801
0.4046371337823654,60.0000305451725
0.4046371337823654,60.00001056385339
0.4046371337823654,59.999797330022496
0.4046371337823654,60.000091573095446
0.4046371337823654,59.99984376305496
0.4046371337823654,60.00006372441964
0.4046371337823654,59.99985499944808
0.4046371337823654,59.99983329705183
0.4046371337823654,59.99981703888357
0.4046371337823654,59.999988032989634
0.4046371337823654,59.99999111049704
0.4046371337823654,60.00003266512058
0.4046371337823654,60.000031661940675
0.4046371337823654,59.999939180304295
0.4046371337823654,60.00001909595369
0.4046371337823654,59.999997962905766
0.4046371337823654,60.00001475160672
0.4046371337823654,59.99992063912862
0.4046371337823654,60.0000075693494
0.4046371337823654,60.000038746623595
0.4046371337823654,60.00006269907033
0.4046371337823654,60.000018838115736
0.4046371337823654,60.00002726606701
0.4046371337823654,60.00002560457311
0.4046371337823654,59.99993458750661
0.4046371337823654,60.00005163326603
0.4046371337823654,60.00000537837599
0.4046371337823654,60.00002116927595
0.4046371337823654,59.99995956835039
0.4046371337823654,60.00000744855141
0.4046371337823654,60.00006042948932
0.4046371337823654,59.99988347985504
0.4046371337823654,60.0000341776224
0.4046371337823654,60.000027283138174
0.4046371337823654,59.999945228642446
0.4046371337823654,59.99999460401602
0.4046371337823654,60.0001028622727
0.4046371337823654,60.00009986198936
0.4046371337823654,59.99997936306188
0.4046371337823654,60.00004084693864
0.4046371337823654,59.999912403098804
0.4046371337823654,60.00004970790501
0.4046371337823654,59.99987256398653
0.4046371337823654,60.00032707058219
0.4046371337823654,59.99999487910681
0.4046371337823654,59.999990879578085
0.4046371337823654,59.99999730604765
0.4046371337823654,60.000002977266135
0.4046371337823654,60.00001639039395
0.4046371337823654,60.000013279069776
0.4046371337823654,59.99996927428263
0.4046371337823654,60.00012506429713
0.4046371337823654,60.000008373253635
0.4046371337823654,60.00016452352693
0.4046371337823654,60.00018669790004
0.4046371337823654,60.00013017288447
0.4046371337823654,60.0000408522272
0.4046371337823654,60.000038470080725
0.4046371337823654,60.0001294205982
0.4046371337823654,60.000030740309924
0.4046371337823654,60.000124122024594
0.4046371337823654,60.00004095309499
0.4046371337823654,60.000122007928844
0.4046371337823654,59.999976807141806
0.4046371337823654,60.000023701635875
0.4046371337823654,60.00000870750639
0.4046371337823654,60.000001891480885
0.4046371337823654,59.99997459373313
0.4046371337823654,60.000071163839074
0.4046371337823654,59.99998084590275
0.4046371337823654,60.00001870730217
0.4046371337823654,60.000153868480155
0.4046371337823654,59.99996425627084
0.4046371337823654,60.000108448243964
0.4046371337823654,60.00015530700593
0.4046371337823654,60.000162115876215
0.4046371337823654,60.00002581903461
0.4046371337823654,60.00007427484713
0.4046371337823654,60.00000650816813
0.4046371337823654,60.00009775043296
0.4046371337823654,60.00005147042353
0.4046371337823654,60.000002388853474
0.4046371337823654,60.00003908692682
0.4046371337823654,60.00009858759396
0.4046371337823654,60.00017872576917
0.4046371337823654,60.00005699684809
0.4046371337823654,60.000147762908966
0.4046371337823654,59.999999446609664
0.4046371337823654,60.000083442598495
0.4046371337823654,60.0000444468055
0.4046371337823654,59.999971578268834
0.4046371337823654,60.00003607387739
0.4046371337823654,60.00005612276676
0.4046371337823654,60.0000919655311
0.4046371337823654,59.999985001847726
0.4046371337823654,60.00014974599068
0.4046371337823654,60.00008256785692
0.4046371337823654,60.000114901963904
0.4046371337823654,60.00016606243757
0.4046371337823654,60.000142264182095
0.4046371337823654,60.00002709758751
0.4046371337823654,60.00001384011688
0.4046371337823654,59.99999810482181
0.4046371337823654,60.000000105362396
0.4046371337823654,60.000010942430386
0.4046371337823654,59.99991981348599
0.4046371337823654,60.000032562564115
0.4046371337823654,60.000015829002564
0.4046371337823654,60.00000375074622
0.4046371337823654,60.00004625038553
0.4046371337823654,59.999931765169116
0.4046371337823654,59.99997924589548
0.4046371337823654,59.99982031316647
0.4046371337823654,60.00021708988236
0.4046371337823654,59.99999480313859
0.4046371337823654,59.99998833189161
0.4046371337823654,60.0000284369851
0.4046371337823654,60.000042612091015
0.4046371337823654,60.00004801810034
0.4046371337823654,60.00003142732895
0.4046371337823654,59.99999600503572
0.4046371337823654,60.00003638205256
0.4046371337823654,59.999996722418906
0.4046371337823654,59.99998989941475
0.4046371337823654,59.999994468082164
0.4046371337823654,60.000211825750924
0.4046371337823654,60.00014994899274
0.4046371337823654,60.00003883317123
0.4046371337823654,60.0002090478562
0.4046371337823654,60.00000433646536
0.4046371337823654,60.00002312934007
0.4046371337823654,60.000022849784756
0.4046371337823654,59.99998976932594
0.4046371337823654,60.00002124553282
0.4046371337823654,60.00004357243691
0.4046371337823654,59.99999928713319
0.4046371337823654,60.00027013545964
0.4046371337823654,59.99994987185655
0.4046371337823654,60.00016344505571
0.4046371337823654,60.000014128298005
0.4046371337823654,60.00022848520788
0.4046371337823654,60.0000649651399
0.4046371337823654,60.00016000070338
0.4046371337823654,59.99994466528311
0.4046371337823654,59.999988822925005
0.4046371337823654,60.00007517192185
0.4046371337823654,59.99998497312004
0.4046371337823654,59.9999245617182
0.4046371337823654,59.99998742119066
0.4046371337823654,59.9999686021569
0.4046371337823654,59.999980005035844
0.4046371337823654,60.00003241731755
0.4046371337823654,60.00002472286923
0.4046371337823654,60.0000300288422
0.4046371337823654,60.00000074421761
0.4046371337823654,60.00000316099783
0.4046371337823654,60.000174860745986
0.4046371337823654,60.00004653164058
0.4046371337823654,59.99999192676878
0.4046371337823654,60.00009299958448
0.4046371337823654,60.000015915468374
0.4046371337823654,60.0001201078997
0.4046371337823654,60.00006891698461
0.4046371337823654,60.00011508390957
0.4046371337823654,60.00010840862628
0.4046371337823654,60.00007301495502
0.4046371337823654,60.00007245804293
0.4046371337823654,60.00007635018422
0.4046371337823654,60.00015215631661
0.4046371337823654,60.0000942289498
0.4046371337823654,59.99999495446968
0.4046371337823654,59.99999861965912
0.4046371337823654,60.00002006960188
0.4046371337823654,60.00009997919476
0.4046371337823654,59.999961556420196
0.4046371337823654,60.00000156897696
0.4046371337823654,60.000133029083045
0.4046371337823654,60.00005074815009
0.4046371337823654,60.00002394900583
0.4046371337823654,59.99998985462975
0.4046371337823654,60.00005016365072
0.4046371337823654,60.00005740961586
0.4046371337823654,60.000081356106215
0.4046371337823654,59.99999753256261
0.4046371337823654,60.00014451062372
0.4046371337823654,60.00006321665486
0.4046371337823654,60.00006072676748
0.4046371337823654,60.000031743860355
0.4046371337823654,60.00004763196635
0.4046371337823654,60.0000368379404
0.4046371337823654,60.00003927733146
0.4046371337823654,60.00007491376474
0.4046371337823654,60.000024844454856
0.4046371337823654,60.000031607164445
0.4046371337823654,59.99997325886446
0.4046371337823654,60.00000562485443
0.4046371337823654,60.00002013536132
0.4046371337823654,59.99990563150183
0.4046371337823654,59.999917137006136
0.4046371337823654,60.00020291107776
0.4046371337823654,60.000395371952806
0.4046371337823654,60.00013608885382
0.4046371337823654,60.000225587246824
0.4046371337823654,60.00011468022963
0.4046371337823654,59.99999782342569
0.4046371337823654,59.999966605057914
0.4046371337823654,60.00001506182106
0.4046371337823654,60.000059657363515
0.4046371337823654,60.00002783030403
0.4046371337823654,60.000010802417286
0.4046371337823654,59.999978351131624
0.4046371337823654,60.00001705875189
0.4046371337823654,59.999954502334575
0.4046371337823654,60.00000317974399
0.4046371337823654,60.00019147275641
0.4046371337823654,60.0000409752712
0.4046371337823654,60.00001167259592
0.4046371337823654,59.99994105576702
0.4046371337823654,60.00012407820359
0.4046371337823654,59.99995467016026
0.4046371337823654,60.00006400751214
0.4046371337823654,60.00001201314092
0.4046371337823654,60.000025210952174
0.4046371337823654,59.999928832896785
0.4046371337823654,60.00003721213019
0.4046371337823654,60.00003679458654
0.4046371337823654,60.00003977542977
0.4046371337823654,60.000084027581515
0.4046371337823654,60.00003227926222
0.4046371337823654,59.999913012625335
0.4046371337823654,60.00008721369673
0.4046371337823654,60.00002627088488
0.4046371337823654,60.00006285615324
0.4046371337823654,60.0000523545996
0.4046371337823654,60.0000555877721
0.4046371337823654,60.000044939202624
0.4046371337823654,60.000000789985855
0.4046371337823654,59.999977164014496
0.4046371337823654,59.999997299107676
0.4046371337823654,60.00000627820527
0.4046371337823654,60.000010295732864
0.4046371337823654,60.00001189583696
0.4046371337823654,59.99998727522786
0.4046371337823654,59.99999144938039
0.4046371337823654,60.000016476542534
0.4046371337823654,60.00000418721398
0.4046371337823654,60.000006981196634
0.4046371337823654,59.999980641764246
0.4046371337823654,59.99991017076266
0.4046371337823654,60.000034151801145
0.4046371337823654,59.99997018201351
0.4046371337823654,59.99999633391913
0.4046371337823654,59.99996042238798
0.4046371337823654,59.99995148191506
0.4046371337823654,59.999886436775874
0.4046371337823654,59.9999848376679
0.4046371337823654,60.00003681673594
0.4046371337823654,59.99999668527152
0.4046371337823654,59.999962440489625
0.4046371337823654,60.000025263083025
0.4046371337823654,59.999981672755034
0.4046371337823654,60.000041904689986
0.4046371337823654,60.000005785839896
0.4046371337823654,59.99998900113105
0.4046371337823654,59.99993027650955
0.4046371337823654,59.99999305646308
0.4046371337823654,60.00003947998446
0.4046371337823654,59.999993142883646
0.4046371337823654,59.99998345209566
0.4046371337823654,60.00001955876516
0.4046371337823654,59.999986960135345
0.4046371337823654,59.999983735606556
0.4046371337823654,60.0000054532196
0.4046371337823654,59.999974669972424
0.4046371337823654,59.99992897129471
0.4046371337823654,59.99999712363254
0.4046371337823654,59.999953514634754
0.4046371337823654,60.00007622438734
0.4046371337823654,59.99994522902071
0.4046371337823654,59.99991574531842
0.4046371337823654,59.99997145586165
0.4046371337823654,59.99993845331206
0.4046371337823654,59.99981881217847
0.4046371337823654,60.000182245070874
0.4046371337823654,60.00005381092912
0.4046371337823654,59.99996212584345
0.4046371337823654,59.99992724636178
0.4046371337823654,60.00001995424022
0.4046371337823654,60.000013345330174
0.4046371337823654,59.99999635236647
0.4046371337823654,59.99997939734771
0.4046371337823654,59.99995556822188
0.4046371337823654,60.00012913911678
0.4046371337823654,60.000105620307565
0.4046371337823654,59.999954668849035
0.4046371337823654,59.99995619283722
0.4046371337823654,59.9999738863945
0.4046371337823654,60.00024965603533
0.4046371337823654,60.0001721429364
0.4046371337823654,59.99995633492657
0.4046371337823654,60.00002478825713
0.4046371337823654,60.000020041919804
0.4046371337823654,59.99996622735015
0.4046371337823654,59.99998126940809
0.4046371337823654,60.0000334337932
0.4046371337823654,59.99997888942764
0.4046371337823654,60.00003908658093
0.4046371337823654,60.0000283487531
0.4046371337823654,60.0000225387994
0.4046371337823654,59.99999588532953
0.4046371337823654,60.00005634565134
0.4046371337823654,59.99999310775121
0.4046371337823654,60.00026419316964
0.4046371337823654,60.00016929411784
0.4046371337823654,59.99997010469492
0.4046371337823654,60.00022344377886
0.4046371337823654,60.00001472627141
0.4046371337823654,59.99986142469735
0.4046371337823654,59.999949199926505
0.4046371337823654,59.99985000840271
0.4046371337823654,60.00001523449092
0.4046371337823654,60.000022427846424
0.4046371337823654,60.000002776590264
0.4046371337823654,59.99999623234237
0.4046371337823654,59.999975756982536
0.4046371337823654,60.00003135849708
0.4046371337823654,60.00011136505809
0.4046371337823654,59.99997195455622
0.4046371337823654,60.000155797792715
0.4046371337823654,59.999959412715995
0.4046371337823654,59.99992698488827
0.4046371337823654,60.00010947181138
0.4046371337823654,60.00004748270288
0.4046371337823654,60.000229551011465
0.4046371337823654,59.999955410757764
0.4046371337823654,60.000066141882016
0.4046371337823654,60.00003987436401
0.4046371337823654,59.999972684925865
0.4046371337823654,60.00001332188597
0.4046371337823654,60.00003226477038
0.4046371337823654,60.000013809212575
0.4046371337823654,60.000022842622315
0.4046371337823654,60.0000034669055
0.4046371337823654,59.99998028506697
0.4046371337823654,59.99994327964182
0.4046371337823654,60.0000384614934
0.4046371337823654,59.99994952948743
0.4046371337823654,59.99990010620667
0.4046371337823654,59.999933544725124
0.4046371337823654,59.999943327735544
0.4046371337823654,59.9999948405632
0.4046371337823654,59.99993605605654
0.4046371337823654,60.00001646034489
0.4046371337823654,59.999997442871965
0.4046371337823654,60.00006220448546
0.4046371337823654,59.999979541455055
0.4046371337823654,60.00001611360999
0.4046371337823654,59.99998204223581
0.4046371337823654,60.00000955869503
0.4046371337823654,59.99991584329131
0.4046371337823654,59.99997133356362
0.4046371337823654,60.00003718599289
0.4046371337823654,59.99995997341447
0.4046371337823654,59.99992843365296
0.4046371337823654,59.99994661724982
0.4046371337823654,59.99996370271564
0.4046371337823654,60.00001110588295
0.4046371337823654,60.00002604775116
0.4046371337823654,60.0000355783345
0.4046371337823654,60.00000728697559
0.4046371337823654,60.00000735065566
0.4046371337823654,60.000011177485355
0.4046371337823654,59.99996297850723
0.4046371337823654,59.999985808370056
0.4046371337823654,60.00002338548368
0.4046371337823654,60.00000555981099
0.4046371337823654,59.99998926989051
0.4046371337823654,59.999964894879845
0.4046371337823654,59.99999153142684
0.4046371337823654,59.99999601155088
0.4046371337823654,60.00002305824348
0.4046371337823654,59.99996570264576
0.4046371337823654,59.99999841398818
0.4046371337823654,59.99999428476962
0.4046371337823654,59.999993217870575
0.4046371337823654,59.999941339524604
0.4046371337823654,60.00001135658784
0.4046371337823654,59.99997606885033
0.4046371337823654,59.9999166285724
0.4046371337823654,59.99986126204915
0.4046371337823654,60.000175166003174
0.4046371337823654,60.000133932960885
0.4046371337823654,59.99995982285292
0.4046371337823654,59.999960890694965
0.4046371337823654,59.999969999438235
0.4046371337823654,59.99995684090992
0.4046371337823654,59.999980653891555
0.4046371337823654,59.999986621675454
0.4046371337823654,60.00000264064975
0.4046371337823654,60.00014275902699
0.4046371337823654,60.000095714303306
0.4046371337823654,60.00000435596507
0.4046371337823654,59.99996066765601
0.4046371337823654,59.999940795802765
0.4046371337823654,60.000119223382875
0.4046371337823654,59.99992055622235
0.4046371337823654,59.999860911737734
0.4046371337823654,60.00014985742456
0.4046371337823654,60.000107868922306
0.4046371337823654,59.999959484633756
0.4046371337823654,59.999994373059735
0.4046371337823654,60.00005527884209
0.4046371337823654,59.99999683773213
0.4046371337823654,60.00011707659784
0.4046371337823654,60.00002317276531
0.4046371337823654,60.000014159753235
0.4046371337823654,59.99996030735951
0.4046371337823654,60.00007097237879
0.4046371337823654,60.000138596242046
0.4046371337823654,60.000100237300536
0.4046371337823654,60.000151416268416
0.4046371337823654,59.99995928437757
0.4046371337823654,60.00007710903123
0.4046371337823654,60.00016028858348
0.4046371337823654,59.99997947326989
0.4046371337823654,60.00003520026247
0.4046371337823654,60.000002184325744
0.4046371337823654,60.0000028447421
0.4046371337823654,60.00001650048558
0.4046371337823654,59.999981592502266
0.4046371337823654,60.000006736175834
0.4046371337823654,59.999994600716526
0.4046371337823654,60.00012600575388
0.4046371337823654,60.0000491431083
0.4046371337823654,60.00008379861105
0.4046371337823654,60.000078636083856
0.4046371337823654,60.000085283619995
0.4046371337823654,59.99998558675323
0.4046371337823654,60.00014826172139
0.4046371337823654,60.00006204122059
0.4046371337823654,60.000085026127955
0.4046371337823654,60.00012954301558
0.4046371337823654,60.0000431198829
0.4046371337823654,59.99999934342596
0.4046371337823654,60.000002472252476
0.4046371337823654,60.000015271905724
0.4046371337823654,60.000029623982364
0.4046371337823654,60.00001993819872
0.4046371337823654,60.00000148573086
0.4046371337823654,60.00008731904095
0.4046371337823654,60.00005752401034
0.4046371337823654,60.0000909165861
0.4046371337823654,60.00005383660806
0.4046371337823654,60.00000249798589
0.4046371337823654,59.99996106966969
0.4046371337823654,60.000003081323804
0.4046371337823654,60.00007298326131
0.4046371337823654,60.000025629474834
0.4046371337823654,60.00003212641376
0.4046371337823654,60.00002290593011
0.4046371337823654,60.000091084230455
0.4046371337823654,59.999982226384276
0.4046371337823654,60.00000945297329
0.4046371337823654,60.00009402447363
0.4046371337823654,59.99993775032544
0.4046371337823654,59.9999042517562
0.4046371337823654,59.9999598169298
0.4046371337823654,59.99979893277818
0.4046371337823654,59.999771270333866
0.4046371337823654,59.99975420757927
0.4046371337823654,59.999997968270264
0.4046371337823654,59.99997705267985
0.4046371337823654,60.00000143876477
0.4046371337823654,59.99998517038188
0.4046371337823654,59.99999646129672
0.4046371337823654,59.99993617719163
0.4046371337823654,60.00000255694719
0.4046371337823654,60.000028464113576
0.4046371337823654,60.00000244310408
0.4046371337823654,60.00001753961998
0.4046371337823654,60.00000930892069
0.4046371337823654,59.99995342612756
0.4046371337823654,60.000018486019385
0.4046371337823654,59.99984764423246
0.4046371337823654,59.999990928863326
0.4046371337823654,59.999904778907215
0.4046371337823654,59.99997902547793
0.4046371337823654,59.99974737290003
0.4046371337823654,59.99996393628389
0.4046371337823654,60.00001067281236
0.4046371337823654,60.00000662418859
0.4046371337823654,59.99998667960049
0.4046371337823654,60.00005426335232
0.4046371337823654,59.999992120505006
0.4046371337823654,59.99998302977632
0.4046371337823654,60.00000411054191
0.4046371337823654,59.99998751333435
0.4046371337823654,59.999903221156316
0.4046371337823654,59.9998542442448
0.4046371337823654,59.999872305831076
0.4046371337823654,59.999771571134
0.4046371337823654,60.00002003661827
0.4046371337823654,59.99979833787729
0.4046371337823654,60.00002557057734
0.4046371337823654,59.99999811904871
0.4046371337823654,59.99999372133191
0.4046371337823654,59.99994863244136
0.4046371337823654,60.00000260508317
0.4046371337823654,60.00004049231681
0.4046371337823654,60.000060007774685
0.4046371337823654,60.000020909212296
0.4046371337823654,60.000033043880194
0.4046371337823654,59.99997497209611
0.4046371337823654,59.999933091817475
0.4046371337823654,59.99998499128362
0.4046371337823654,59.99998725775697
0.4046371337823654,60.00000387133376
0.4046371337823654,60.000014709998126
0.4046371337823654,60.000036048862
0.4046371337823654,59.99996694232139
0.4046371337823654,59.99998803663635
0.4046371337823654,60.00003695447306
0.4046371337823654,59.99987174149438
0.4046371337823654,59.99988558203892
0.4046371337823654,59.99981983190567
0.4046371337823654,60.00000193159396
0.4046371337823654,59.99996602877139
0.4046371337823654,59.9999286264943
0.4046371337823654,59.99988143871373
0.4046371337823654,59.99995773732036
0.4046371337823654,60.00003455364638
0.4046371337823654,59.99998704732991
0.4046371337823654,60.00001531035358
0.4046371337823654,59.99987731447355
0.4046371337823654,59.99991462366392
0.4046371337823654,59.99993964740618
0.4046371337823654,59.99999494154734
0.4046371337823654,60.000009654740836
0.4046371337823654,60.00007497967667
0.4046371337823654,59.999984029328026
0.4046371337823654,60.000019876738286
0.4046371337823654,60.000010385527574
0.4046371337823654,60.000025774179235
0.4046371337823654,60.00002066640576
0.4046371337823654,60.000030250628704
0.4046371337823654,60.00003596845606
0.4046371337823654,60.000008064836614
0.4046371337823654,59.99989420721926
0.4046371337823654,60.00004354638422
0.4046371337823654,59.99992020700297
0.4046371337823654,60.00002409572884
0.4046371337823654,59.99995400859725
0.4046371337823654,59.999939711286885
0.4046371337823654,59.99990945259714
0.4046371337823654,59.99991259698422
0.4046371337823654,59.99996057704826
0.4046371337823654,59.99990836840331
0.4046371337823654,60.00000349921364
0.4046371337823654,60.00000606321804
0.4046371337823654,60.000032213421925
0.4046371337823654,59.99999061247012
0.4046371337823654,59.999963810107026
0.4046371337823654,60.00003071161065
0.4046371337823654,59.99996248447397
0.4046371337823654,59.999989515556365
0.4046371337823654,59.99989486089984
0.4046371337823654,59.99992268953451
0.4046371337823654,59.9999949692726
0.4046371337823654,59.99994920712552
0.4046371337823654,59.99991237487668
0.4046371337823654,59.99993470522344
0.4046371337823654,59.9999309625841
0.4046371337823654,59.99998497493366
0.4046371337823654,59.999892579413356
0.4046371337823654,59.999930847057804
0.4046371337823654,59.999900231953816
0.4046371337823654,59.99990954825597
0.4046371337823654,59.999994673112425
0.4046371337823654,60.00001128089541
0.4046371337823654,59.99998768205705
0.4046371337823654,60.00001695109778
0.4046371337823654,60.00002560824727
0.4046371337823654,59.999994458098236
0.4046371337823654,59.99997671011274
0.4046371337823654,60.000023687798695
0.4046371337823654,59.999951364108846
0.4046371337823654,59.99999890406518
0.4046371337823654,60.000127658704336
0.4046371337823654,59.99989939348185
0.4046371337823654,60.00014360154776
0.4046371337823654,60.00000978251974
0.4046371337823654,60.00002713074847
0.4046371337823654,60.000003735117765
0.4046371337823654,60.00002916722179
0.4046371337823654,59.9999774201159
0.4046371337823654,59.999992805572035
0.4046371337823654,59.99996912644943
0.4046371337823654,60.000001308256714
0.4046371337823654,60.00006582493127
0.4046371337823654,60.00013309804461
0.4046371337823654,60.00003098393268
0.4046371337823654,60.00002967378077
0.4046371337823654,60.000016014422954
0.4046371337823654,60.00002268952795
0.4046371337823654,60.00010786882408
0.4046371337823654,60.00012080297642
0.4046371337823654,59.99996316178201
0.4046371337823654,60.0000128333654
0.4046371337823654,59.99998583782697
0.4046371337823654,60.000016321967145
0.4046371337823654,59.99998775303404
0.4046371337823654,60.0000148386915
0.4046371337823654,60.0000156088967
0.4046371337823654,60.00002960781907
0.4046371337823654,60.000020430625426
0.4046371337823654,59.999955823594576
0.4046371337823654,60.00002207633399
0.4046371337823654,59.999972626059154
0.4046371337823654,60.00011088102281
0.4046371337823654,60.00008195186168
0.4046371337823654,60.000025045984664
0.4046371337823654,60.00004787242835
0.4046371337823654,59.999982327014756
0.4046371337823654,60.000028739985375
0.4046371337823654,59.999992243685156
0.4046371337823654,60.00001083351435
0.4046371337823654,59.999990227873184
0.4046371337823654,60.00002198769185
0.4046371337823654,60.0000003710727
0.4046371337823654,60.0000285955919
0.4046371337823654,59.999991668924906
0.4046371337823654,59.99990252468601
0.4046371337823654,60.00006870919195
0.4046371337823654,60.00010199071093
0.4046371337823654,60.000082575357226
0.4046371337823654,59.99993943701402
0.4046371337823654,59.99999792780317
0.4046371337823654,60.00004383157537
0.4046371337823654,60.00000601829104
0.4046371337823654,60.00004992138756
0.4046371337823654,59.99998109866147
0.4046371337823654,60.00002738999818
0.4046371337823654,59.99984308690954
0.4046371337823654,60.00006535986633
0.4046371337823654,60.00011046949271
0.4046371337823654,60.000160260962076
0.4046371337823654,60.00014888577851
0.4046371337823654,60.00011265530289
0.4046371337823654,59.99998155935152
0.4046371337823654,59.99998125938358
0.4046371337823654,60.00001527973435
0.4046371337823654,59.99998433391817
0.4046371337823654,60.000029937968975
0.4046371337823654,59.99995983220935
0.4046371337823654,60.00000647173626
0.4046371337823654,59.99996199366332
0.4046371337823654,60.00011486612507
0.4046371337823654,60.00018468912182
0.4046371337823654,60.00014975978591
0.4046371337823654,60.000008198992674
0.4046371337823654,59.99990470198626
0.4046371337823654,59.99989282512618
0.4046371337823654,59.99988361409026
0.4046371337823654,59.99995675624631
0.4046371337823654,60.00001156207591
0.4046371337823654,60.00003145210539
0.4046371337823654,60.00004233845088
0.4046371337823654,59.999994202980574
0.4046371337823654,60.00000948583162
0.4046371337823654,60.000014655378145
0.4046371337823654,60.00013590147564
0.4046371337823654,59.99994528982528
0.4046371337823654,59.99998814073129
0.4046371337823654,60.00010841314312
0.4046371337823654,60.00006176086997
0.4046371337823654,59.99997495896643
0.4046371337823654,60.00012397749003
0.4046371337823654,60.00000043402635
0.4046371337823654,59.999972544295446
0.4046371337823654,60.00002769526654
0.4046371337823654,59.99999935670435
0.4046371337823654,60.00002186504944
0.4046371337823654,60.00002083812618
0.4046371337823654,59.99999807637597
0.4046371337823654,60.000005563134486
0.4046371337823654,59.999961245143965
0.4046371337823654,59.99991036603464
0.4046371337823654,60.00004565711474
0.4046371337823654,60.0001258964686
0.4046371337823654,59.99996617368314
0.4046371337823654,59.999925833666346
0.4046371337823654,60.000158374146416
0.4046371337823654,59.99995961565079
0.4046371337823654,60.00009403319626
0.4046371337823654,60.000017431599694
0.4046371337823654,60.00000920922724
0.4046371337823654,60.00003015772755
0.4046371337823654,60.000042596181075
0.4046371337823654,60.000007654188074
0.4046371337823654,59.99996041962205
0.4046371337823654,59.99999474876788
0.4046371337823654,59.99993591019851
0.4046371337823654,59.99993413697586
0.4046371337823654,59.999941944617305
0.4046371337823654,59.99996487315547
0.4046371337823654,59.999865934528714
0.4046371337823654,59.99996704926608
0.4046371337823654,60.00006974356
0.4046371337823654,59.99997238817303
0.4046371337823654,59.99995633704828
0.4046371337823654,60.00005084404515
0.4046371337823654,60.00004132339423
0.4046371337823654,60.00002049339588
0.4046371337823654,60.00001313296732
0.4046371337823654,59.999986586598276
0.4046371337823654,59.99997121156491
0.4046371337823654,59.99999919992412
0.4046371337823654,59.999997937578755
0.4046371337823654,59.9999721595489
0.4046371337823654,60.00000841122376
0.4046371337823654,59.99996603364781
0.4046371337823654,60.00002730458992
0.4046371337823654,60.00005557202837
0.4046371337823654,59.999971830950244
0.4046371337823654,60.000023316872735
0.4046371337823654,60.00002693588783
0.4046371337823654,60.00002042085383
0.4046371337823654,59.99993007664154
0.4046371337823654,60.00000000799592
0.4046371337823654,59.99995435946567
0.4046371337823654,59.99998897100904
0.4046371337823654,59.99997917369594
0.4046371337823654,60.00002930477859
0.4046371337823654,60.00003510709703
0.4046371337823654,60.00006752561602
0.4046371337823654,59.99996430833809
0.4046371337823654,59.99995926638209
0.4046371337823654,59.99999574339083
0.4046371337823654,60.000063668770494
0.4046371337823654,59.999840311774605
0.4046371337823654,59.99979624230581
0.4046371337823654,59.99973349495732
0.4046371337823654,59.99996094245141
0.4046371337823654,59.999956625443524
0.4046371337823654,59.99999413764758
0.4046371337823654,59.999986050289955
0.4046371337823654,60.000015719244274
0.4046371337823654,60.000001381684996
0.4046371337823654,59.999851508726216
0.4046371337823654,59.99989614932303
0.4046371337823654,60.0000029397372
0.4046371337823654,59.99999998608245
0.4046371337823654,60.00004302652539
0.4046371337823654,60.000027870155
0.4046371337823654,59.999984988263826
0.4046371337823654,59.99989182318837
0.4046371337823654,60.00003825158692
0.4046371337823654,59.99992161701125
0.4046371337823654,59.999958736763716
0.4046371337823654,59.999916965607625
0.4046371337823654,59.99990339094185
0.4046371337823654,59.99995600754572
0.4046371337823654,60.00001699181253
0.4046371337823654,60.00001542344325
0.4046371337823654,59.99998803310145
0.4046371337823654,59.99995101878756
0.4046371337823654,59.99998386118745
0.4046371337823654,59.99990588610536
0.4046371337823654,59.99988884408804
0.4046371337823654,59.99999430729957
0.4046371337823654,59.99998880833519
0.4046371337823654,59.99989561153484
0.4046371337823654,59.99989832077775
0.4046371337823654,59.9998914189687
0.4046371337823654,60.00000905604259
0.4046371337823654,59.999994956271
0.4046371337823654,60.00002073798726
0.4046371337823654,59.999975683469266
0.4046371337823654,59.999992263069274
0.4046371337823654,60.00000349815823
0.4046371337823654,60.0000785296376
0.4046371337823654,60.00000694408526
0.4046371337823654,59.999999015345026
0.4046371337823654,59.999997402859826
0.4046371337823654,60.00000278616201
0.4046371337823654,59.99998903155863
0.4046371337823654,59.99999158237838
0.4046371337823654,59.99996388426041
0.4046371337823654,60.000028831886205
0.4046371337823654,59.999988893939246
0.4046371337823654,59.99998994197606
0.4046371337823654,59.99998932631378
0.4046371337823654,59.99998623202488
0.4046371337823654,60.00002511491479
0.4046371337823654,60.00001218795538
0.4046371337823654,60.00002267553138
0.4046371337823654,60.00003495373764
0.4046371337823654,59.999945482919834
0.4046371337823654,59.99998630052349
0.4046371337823654,60.00002227235774
0.4046371337823654,60.00002209846186
0.4046371337823654,60.00000900953711
0.4046371337823654,59.99999573694908
0.4046371337823654,60.00001161153279
0.4046371337823654,59.9999744723509
0.8126435439808029,60.000544750862396
0.8126435439808029,59.99993895849128
0.8126435439808029,60.0000675165104
0.8126435439808029,59.999957121471915
0.8126435439808029,60.00032546965054
0.8126435439808029,59.99931664002959
0.8126435439808029,60.00007555447079
0.8126435439808029,59.997281894991715
0.8126435439808029,60.00045065098742
0.8126435439808029,60.00011658847019
0.8126435439808029,59.99839021847124
0.8126435439808029,60.00020215622503
0.8126435439808029,59.99998322719517
0.8126435439808029,59.99761021357149
0.8126435439808029,60.01010975187054
0.8126435439808029,59.99994987845695
0.8126435439808029,60.01591177533421
0.8126435439808029,59.99990904124869
0.8126435439808029,60.00059479291067
0.8126435439808029,59.99975041629309
0.8126435439808029,59.99997164854663
0.8126435439808029,60.00028606997976
0.8126435439808029,60.00030727936414
0.8126435439808029,59.99843245001153
0.8126435439808029,60.00015541766053
0.8126435439808029,60.000602351732255
0.8126435439808029,60.01002165273893
0.8126435439808029,59.998435902004594
0.8126435439808029,59.99666683811203
0.8126435439808029,59.99994115076279
0.8126435439808029,59.9985065343543
0.8126435439808029,60.000015869576316
0.8126435439808029,60.01046702310405
0.8126435439808029,59.999743913816815
0.8126435439808029,60.000007695984365
0.8126435439808029,60.00023813955303
0.8126435439808029,59.99998658563983
0.8126435439808029,59.9999734766951
0.8126435439808029,59.996939146171194
0.8126435439808029,59.996175911487626
0.8126435439808029,59.99961064221295
0.8126435439808029,59.99691473825006
0.8126435439808029,59.999951621189
0.8126435439808029,60.0000450668568
0.8126435439808029,60.0000965376682
0.8126435439808029,60.0002095433192
0.8126435439808029,59.99979145447156
0.8126435439808029,59.99996467712414
0.8126435439808029,60.00029065154704
0.8126435439808029,59.99994552712261
0.8126435439808029,60.02511184343823
0.8126435439808029,59.99873284004299
0.8126435439808029,59.998483452382224
0.8126435439808029,60.00020590745946
0.8126435439808029,59.99852787432644
0.8126435439808029,60.00003424651832
0.8126435439808029,60.01314046765294
0.8126435439808029,59.99302602357707
0.8126435439808029,60.00005485971765
0.8126435439808029,60.00011086818509
0.8126435439808029,59.99993720770379
0.8126435439808029,60.000023565664726
0.8126435439808029,60.00002253820776
0.8126435439808029,60.00022467672259
0.8126435439808029,59.999750594754296
0.8126435439808029,60.000298841423195
0.8126435439808029,60.00048196181978
0.8126435439808029,60.01147076010679
0.8126435439808029,60.022204155985605
0.8126435439808029,59.9978285097318
0.8126435439808029,59.99701314413529
0.8126435439808029,59.997605080274475
0.8126435439808029,59.99947813323082
0.8126435439808029,60.00000651204285
0.8126435439808029,59.99994440376352
0.8126435439808029,59.99961899029633
0.8126435439808029,60.00014872872867
0.8126435439808029,59.999999711233684
0.8126435439808029,60.00003182438332
0.8126435439808029,60.027829073502616
0.8126435439808029,59.99998926697781
0.8126435439808029,59.99418244752954
0.8126435439808029,59.99761855995275
0.8126435439808029,60.00040643944107
0.8126435439808029,59.99998866059425
0.8126435439808029,60.027438013343684
0.8126435439808029,59.99537641053555
0.8126435439808029,60.01552969501835
0.8126435439808029,59.999448110963016
0.8126435439808029,60.00001414306857
0.8126435439808029,59.99683013775944
0.8126435439808029,59.99978447479693
0.8126435439808029,59.999974267602894
0.8126435439808029,59.99942506316512
0.8126435439808029,59.999948205650135
0.8126435439808029,59.99799862495058
0.8126435439808029,59.999597225684056
0.8126435439808029,59.997281768502056
0.8126435439808029,59.99170177251943
0.8126435439808029,60.011242159005846
0.8126435439808029,59.99690446325871
0.8126435439808029,60.014044622505835
0.8126435439808029,59.999507633402565
0.8126435439808029,60.02200880223363
0.8126435439808029,60.000304593861664
0.8126435439808029,59.997571712389586
0.8126435439808029,60.00001811139245
0.8126435439808029,60.01532511890663
0.8126435439808029,59.99687887198815
0.8126435439808029,59.999684427641
0.8126435439808029,60.01627875052698
0.8126435439808029,59.99091319544199
0.8126435439808029,59.99769233430918
0.8126435439808029,59.99878372228696
0.8126435439808029,60.000079324508505
0.8126435439808029,60.0001409820687
0.8126435439808029,60.01337048875227
0.8126435439808029,59.99438816188111
0.8126435439808029,59.99928587919897
0.8126435439808029,59.99708776441145
0.8126435439808029,59.99964369381553
0.8126435439808029,60.01361809193375
0.8126435439808029,59.99832179321005
0.8126435439808029,59.999546206482485
0.8126435439808029,60.000370691016435
0.8126435439808029,60.00040206560873
0.8126435439808029,59.999869450916314
0.8126435439808029,59.99993797144386
0.8126435439808029,59.999956522312736
0.8126435439808029,59.999895726662324
0.8126435439808029,60.00060525712318
0.8126435439808029,59.996655304006346
0.8126435439808029,60.01250685338182
0.8126435439808029,59.99821307511623
0.8126435439808029,60.00152279903423
0.8126435439808029,60.01579043563886
0.8126435439808029,59.99746953890575
0.8126435439808029,59.999456832370456
0.8126435439808029,59.99657059789131
0.8126435439808029,59.98967911120695
0.8126435439808029,60.0000404811192
0.8126435439808029,60.000202042775655
0.8126435439808029,59.99995485534494
0.8126435439808029,60.000108962325896
0.8126435439808029,59.99978131962363
0.8126435439808029,59.99789219002395
0.8126435439808029,60.00040269043418
0.8126435439808029,60.036793193779424
0.8126435439808029,60.000298788713934
0.8126435439808029,59.999933009444966
0.8126435439808029,60.015373836549834
0.8126435439808029,59.99263719061454
0.8126435439808029,60.00212043624444
0.8126435439808029,59.99516332525696
0.8126435439808029,60.014876831416856
0.8126435439808029,59.99832769085141
0.8126435439808029,59.99749764004923
0.8126435439808029,60.00096334021177
0.8126435439808029,59.99918994523351
0.8126435439808029,60.000822279512604
0.8126435439808029,59.99441160779667
0.8126435439808029,59.99739357450489
0.8126435439808029,60.000229492151725
0.8126435439808029,59.998871285633015
0.8126435439808029,59.99946856426475
0.8126435439808029,60.00067723389877
0.8126435439808029,59.999954489006456
0.8126435439808029,60.00095490049196
0.8126435439808029,59.991640300927834
0.8126435439808029,59.99874394980575
0.8126435439808029,59.99885918208367
0.8126435439808029,59.996921020319995
0.8126435439808029,59.998733717680636
0.8126435439808029,59.99682501554096
0.8126435439808029,60.02745626787188
0.8126435439808029,60.01619594194936
0.8126435439808029,60.03779933764605
0.8126435439808029,60.000605860822475
0.8126435439808029,60.000007060229144
0.8126435439808029,59.99896524326604
0.8126435439808029,59.99978918641177
0.8126435439808029,59.997386151270156
0.8126435439808029,60.00073483195753
0.8126435439808029,60.01218923931404
0.8126435439808029,59.99714682474923
0.8126435439808029,60.017746140926505
0.8126435439808029,59.99976201788672
0.8126435439808029,59.99983111353558
0.8126435439808029,60.013295005421064
0.8126435439808029,59.99955469627975
0.8126435439808029,60.00012863416759
0.8126435439808029,60.01420733440431
0.8126435439808029,59.98373752102573
0.8126435439808029,60.016000463004694
0.8126435439808029,60.00023566986647
0.8126435439808029,59.99495031448918
0.8126435439808029,60.011950528732406
0.8126435439808029,59.999440719330615
0.8126435439808029,59.99634703461167
0.8126435439808029,60.02489342838711
0.8126435439808029,59.99838252206144
0.8126435439808029,60.01038640039753
0.8126435439808029,59.999950783444895
0.8126435439808029,60.00241235625092
0.8126435439808029,59.99599989381063
0.8126435439808029,60.013865959205724
0.8126435439808029,59.99969397575009
0.8126435439808029,59.9986845183094
0.8126435439808029,60.004514563815356
0.8126435439808029,60.00048308271985
0.8126435439808029,60.00050039032233
0.8126435439808029,59.99637203194809
0.8126435439808029,59.99294028678126
0.8126435439808029,60.06356453451226
0.8126435439808029,59.99320706678624
0.8126435439808029,60.01140519499901
0.8126435439808029,59.999598706488285
0.8126435439808029,59.997458098496836
0.8126435439808029,59.997475267649925
0.8126435439808029,60.000046208756125
0.8126435439808029,60.00022088957987
0.8126435439808029,59.999394047716365
0.8126435439808029,60.02742794934119
0.8126435439808029,60.00017503869412
0.8126435439808029,59.99602230327464
0.8126435439808029,59.98761673345553
0.8126435439808029,60.04175423968542
0.8126435439808029,60.01949485698927
0.8126435439808029,60.00063909183806
0.8126435439808029,59.99880397069944
0.8126435439808029,59.99976929551126
0.8126435439808029,59.99718394220472
0.8126435439808029,60.00377840943954
0.8126435439808029,59.99922334393898
0.8126435439808029,59.99781044691551
0.8126435439808029,60.00070205376321
0.8126435439808029,59.99936254800298
0.8126435439808029,59.99990833800753
0.8126435439808029,59.99601112863627
0.8126435439808029,59.99913666016394
0.8126435439808029,60.000742592257936
0.8126435439808029,60.016411260625546
0.8126435439808029,60.01383593803701
0.8126435439808029,60.00336510285989
0.8126435439808029,60.00239410268232
0.8126435439808029,60.000210733706005
0.8126435439808029,59.99655542144653
0.8126435439808029,59.99687477700542
0.8126435439808029,59.999904946140425
0.8126435439808029,60.00028227135118
0.8126435439808029,60.0006333406097
0.8126435439808029,60.01313409086106
0.8126435439808029,60.00027254657138
0.8126435439808029,59.99458136993039
0.8126435439808029,59.99768588312575
0.8126435439808029,60.01604680394284
0.8126435439808029,59.995881250316565
0.8126435439808029,59.997073057747244
0.8126435439808029,60.01394360955692
0.8126435439808029,59.9995284517544
0.8126435439808029,59.961356171675334
0.8126435439808029,59.99828020315178
0.8126435439808029,60.07751950175249
0.8126435439808029,59.832310127457696
0.8126435439808029,59.99317095785673
0.8126435439808029,60.00016533372015
0.8126435439808029,59.99914558754654
0.8126435439808029,59.99856461867999
0.8126435439808029,60.00043036061539
0.8126435439808029,59.99898825817054
0.8126435439808029,60.00132134047817
0.8126435439808029,59.998917712467986
0.8126435439808029,60.02892262435455
0.8126435439808029,59.996881829954376
0.8126435439808029,59.996279177674836
0.8126435439808029,60.018580754802265
0.8126435439808029,59.98780990270762
0.8126435439808029,60.02693505715591
0.8126435439808029,59.85903465456358
0.8126435439808029,59.857781440682004
0.8126435439808029,60.02184605268273
0.8126435439808029,59.999594465385506
0.8126435439808029,60.00021013384819
0.8126435439808029,59.99645213927795
0.8126435439808029,60.00005754871716
0.8126435439808029,59.99852659408317
0.8126435439808029,59.99948360280942
0.8126435439808029,59.999478000122195
0.8126435439808029,59.99949217698225
0.8126435439808029,59.99872080659551
0.8126435439808029,59.897717498018714
0.8126435439808029,59.9997686466239
0.8126435439808029,60.01506001240124
0.8126435439808029,59.99983148856576
0.8126435439808029,60.000287421627434
0.8126435439808029,60.00007345932471
0.8126435439808029,59.9999828168812
0.8126435439808029,59.993651440802296
0.8126435439808029,60.00266102338071
0.8126435439808029,60.01429744444965
0.8126435439808029,59.99802581971278
0.8126435439808029,59.99769160706392
0.8126435439808029,60.016324371645666
0.8126435439808029,59.99693209363717
0.8126435439808029,60.03335818582003
0.8126435439808029,60.02624884672965
0.8126435439808029,59.93569898417543
0.8126435439808029,59.703377975252984
0.8126435439808029,59.99448205466257
0.8126435439808029,61.454316495616645
0.8126435439808029,59.619779046372265
0.8126435439808029,59.99974893453014
0.8126435439808029,59.99363408347273
0.8126435439808029,60.001946556950124
0.8126435439808029,59.995139106499316
0.8126435439808029,59.99994371676162
0.8126435439808029,60.00018706339484
0.8126435439808029,59.9983946700409
0.8126435439808029,60.053786598538444
0.8126435439808029,59.9989489460914
0.8126435439808029,59.9972796374914
0.8126435439808029,59.99914665074728
0.8126435439808029,60.00026265458845
0.8126435439808029,59.99941123362272
0.8126435439808029,59.997352977817286
0.8126435439808029,59.9834035258138
0.8126435439808029,59.94927734505508
0.8126435439808029,59.90318905200369
0.8126435439808029,61.869782238615755
0.8126435439808029,59.999871656286274
0.8126435439808029,60.015095026706604
0.8126435439808029,59.99984398029231
0.8126435439808029,59.99996011044333
0.8126435439808029,60.0002540292582
0.8126435439808029,60.00000155845809
0.8126435439808029,59.99080880060458
0.8126435439808029,60.002569398026466
0.8126435439808029,60.0659676892288
0.8126435439808029,59.99997039000716
0.8126435439808029,60.00009161026706
0.8126435439808029,59.998951601906185
0.8126435439808029,60.01154190280235
0.8126435439808029,59.99824783255996
0.8126435439808029,60.04966718581423
0.8126435439808029,59.999859041059445
0.8126435439808029,60.004595506235766
0.8126435439808029,59.99778121833776
0.8126435439808029,59.997146173658834
0.8126435439808029,60.00010784434338
0.8126435439808029,59.99774669663339
0.8126435439808029,60.00048607393028
0.8126435439808029,59.9999063173624
0.8126435439808029,60.05394300380036
0.8126435439808029,60.01301825614244
0.8126435439808029,59.87253322930376
0.8126435439808029,59.99787292610307
0.8126435439808029,59.73866917986613
0.8126435439808029,59.71963720309517
0.8126435439808029,60.00044049601655
0.8126435439808029,60.00821909826867
0.8126435439808029,60.03393725245099
0.8126435439808029,59.99273438706404
0.8126435439808029,60.00003458024608
0.8126435439808029,59.99996556612995
0.8126435439808029,60.000224704602815
0.8126435439808029,59.999927795910864
0.8126435439808029,59.976712519184666
0.8126435439808029,59.684591003751365
0.8126435439808029,60.021539944271
0.8126435439808029,64.32381074327614
0.8126435439808029,59.99222989836041
0.8126435439808029,60.00145883815199
0.8126435439808029,60.09694864539924
0.8126435439808029,59.9567523476679
0.8126435439808029,60.000472492413955
0.8126435439808029,59.999979244227845
0.8126435439808029,59.99947723082327
0.8126435439808029,59.99984332110277
0.8126435439808029,60.000158926291846
0.8126435439808029,59.986076530773985
0.8126435439808029,60.152399600459496
0.8126435439808029,59.92412097410067
0.8126435439808029,59.8180110926173
0.8126435439808029,59.979755600003344
0.8126435439808029,59.99997480338533
0.8126435439808029,59.99993237171201
0.8126435439808029,59.9988094205782
0.8126435439808029,59.99763791442543
0.8126435439808029,59.996589962072264
0.8126435439808029,59.99782360716553
0.8126435439808029,59.99813112009304
0.8126435439808029,60.01257008597151
0.8126435439808029,59.99750080260038
0.8126435439808029,59.99424865452377
0.8126435439808029,59.99981161015562
0.8126435439808029,60.033117112464126
0.8126435439808029,59.84191257853049
0.8126435439808029,59.99360988798153
0.8126435439808029,60.104344751084476
0.8126435439808029,59.89422532313491
0.8126435439808029,61.76586883995681
0.8126435439808029,60.076551247310576
0.8126435439808029,60.049596045175036
0.8126435439808029,60.01403317492377
0.8126435439808029,59.999985713736656
0.8126435439808029,59.99887350323411
0.8126435439808029,60.0443748259664
0.8126435439808029,59.99977230671195
0.8126435439808029,59.979578650145626
0.8126435439808029,60.06596036355827
0.8126435439808029,59.6228405414772
0.8126435439808029,59.83428660805975
0.8126435439808029,59.93775580478994
0.8126435439808029,60.000054487415326
0.8126435439808029,60.00021277306794
0.8126435439808029,59.99925376497658
0.8126435439808029,59.997747648339626
0.8126435439808029,60.00019808262595
0.8126435439808029,60.03680344800906
0.8126435439808029,59.90819122761724
0.8126435439808029,62.05614490788505
0.8126435439808029,61.657011060653566
0.8126435439808029,59.97510449872118
0.8126435439808029,60.06585557505994
0.8126435439808029,60.000018449659045
0.8126435439808029,59.99992681253422
0.8126435439808029,59.99996319754736
0.8126435439808029,60.002423680964206
0.8126435439808029,60.00028678010372
0.8126435439808029,59.99922602516313
0.8126435439808029,60.0159510572122
0.8126435439808029,59.99800635857146
0.8126435439808029,60.01846282212543
0.8126435439808029,60.01799098762751
0.8126435439808029,60.00005943171538
0.8126435439808029,60.014132915344774
0.8126435439808029,59.758793449796286
0.8126435439808029,59.97631701459507
0.8126435439808029,60.058204054786565
0.8126435439808029,59.82556310080341
0.8126435439808029,60.118359570054615
0.8126435439808029,59.67042497742196
0.8126435439808029,59.710784334540776
0.8126435439808029,60.00001674856426
0.8126435439808029,60.00005410459331
0.8126435439808029,60.028909081996765
0.8126435439808029,59.99945687326786
0.8126435439808029,59.99992508271833
0.8126435439808029,59.99822602210108
0.8126435439808029,59.999079570987995
0.8126435439808029,59.99927886317698
0.8126435439808029,60.00016248767393
0.8126435439808029,59.79519869332405
0.8126435439808029,60.080492343438756
0.8126435439808029,59.79584720928444
0.8126435439808029,59.88445207398085
0.8126435439808029,59.99993753880602
0.8126435439808029,59.99993219473772
0.8126435439808029,59.99941408808731
0.8126435439808029,60.000069333996755
0.8126435439808029,60.0409047818371
0.8126435439808029,60.08842120954478
0.8126435439808029,64.46275679664157
0.8126435439808029,59.63822780899035
0.8126435439808029,59.71136555959521
0.8126435439808029,59.762143138698335
0.8126435439808029,61.70750995011707
0.8126435439808029,59.24640873561529
0.8126435439808029,59.999962023893424
0.8126435439808029,59.999929069459085
0.8126435439808029,59.99992019676247
0.8126435439808029,60.00003869516974
0.8126435439808029,60.016455262694066
0.8126435439808029,59.99766995734584
0.8126435439808029,59.999524347223385
0.8126435439808029,60.00026555731014
0.8126435439808029,59.9998596697551
0.8126435439808029,59.99987754596255
0.8126435439808029,59.997910812225406
0.8126435439808029,59.997650666908804
0.8126435439808029,60.00015930564989
0.8126435439808029,59.91510867682854
0.8126435439808029,59.98111248766082
0.8126435439808029,60.03414361943541
0.8126435439808029,61.15115262762102
0.8126435439808029,59.39928062587813
0.8126435439808029,60.12439688970204
0.8126435439808029,60.069917617857826
0.8126435439808029,59.99999877221785
0.8126435439808029,60.00018676683954
0.8126435439808029,59.99027660222802
0.8126435439808029,59.579385139327094
0.8126435439808029,59.701076560089
0.8126435439808029,61.37170330313487
0.8126435439808029,61.93450816350937
0.8126435439808029,59.57416355547644
0.8126435439808029,59.840694579773405
0.8126435439808029,59.99994588122745
0.8126435439808029,60.00000094845123
0.8126435439808029,60.000186501081345
0.8126435439808029,60.00013590618765
0.8126435439808029,59.99998993681276
0.8126435439808029,60.000358281082256
0.8126435439808029,60.02919466603894
0.8126435439808029,60.033651517915
0.8126435439808029,63.71739288334305
0.8126435439808029,61.51161876589446
0.8126435439808029,59.8555469094897
0.8126435439808029,59.65529903009148
0.8126435439808029,60.00025349674352
0.8126435439808029,59.99988962425398
0.8126435439808029,60.00005043116674
0.8126435439808029,59.99846841770665
0.8126435439808029,60.00002510587043
0.8126435439808029,59.999984754653966
0.8126435439808029,60.00013652519098
0.8126435439808029,60.00016679785317
0.8126435439808029,60.0000444927109
0.8126435439808029,60.000008180709266
0.8126435439808029,59.99528602242728
0.8126435439808029,59.97985943363343
0.8126435439808029,59.84797034258935
0.8126435439808029,60.134450562627315
0.8126435439808029,59.11851156404879
0.8126435439808029,63.04670387032119
0.8126435439808029,59.567191943455946
0.8126435439808029,59.45264081015007
0.8126435439808029,59.43923322090833
0.8126435439808029,60.100573208900826
0.8126435439808029,59.94368987527699
0.8126435439808029,59.999960479620164
0.8126435439808029,59.99996039565415
0.8126435439808029,59.99930466505211
0.8126435439808029,60.000127680442965
0.8126435439808029,58.987152893924524
0.8126435439808029,59.80135347686223
0.8126435439808029,61.37261796074883
0.8126435439808029,59.792545463489134
0.8126435439808029,59.66162709896698
0.8126435439808029,60.03147250528497
0.8126435439808029,60.00000342887727
0.8126435439808029,59.99998161518983
0.8126435439808029,59.9999548052619
0.8126435439808029,60.00002166363917
0.8126435439808029,59.99994418993295
0.8126435439808029,60.020818455344155
0.8126435439808029,62.777140727517406
0.8126435439808029,59.22474273599908
0.8126435439808029,61.292252820785826
0.8126435439808029,61.37882885044047
0.8126435439808029,59.69863591308574
0.8126435439808029,59.99996070305881
0.8126435439808029,60.000250760690115
0.8126435439808029,59.99997599655407
0.8126435439808029,59.99998864764047
0.8126435439808029,59.99997506005347
0.8126435439808029,59.99995220154355
0.8126435439808029,60.0000118954001
0.8126435439808029,59.99998539428926
0.8126435439808029,60.02867587565841
0.8126435439808029,60.075812364704746
0.8126435439808029,59.970371592947565
0.8126435439808029,60.04047643128556
0.8126435439808029,59.59439813955044
0.8126435439808029,61.18382144663429
0.8126435439808029,60.15469755598768
0.8126435439808029,59.99995586851417
0.8126435439808029,59.99997646766705
0.8126435439808029,59.99999262524669
0.8126435439808029,60.00012012910457
0.8126435439808029,60.00002697910773
0.8126435439808029,59.99997353003875
0.8126435439808029,59.99014183316582
0.8126435439808029,59.962607041094586
0.8126435439808029,60.19057345686744
0.8126435439808029,58.959521324594576
0.8126435439808029,59.21073667931205
0.8126435439808029,59.99545680481376
0.8126435439808029,59.375162380538704
0.8126435439808029,60.00007230023028
0.8126435439808029,59.999997840219464
0.8126435439808029,60.00001303553728
0.8126435439808029,59.99998785484766
0.8126435439808029,60.000019596199394
0.8126435439808029,59.99999170292058
0.8126435439808029,59.99996504092412
0.8126435439808029,59.99419675168503
0.8126435439808029,60.06942637949341
0.8126435439808029,59.598866312002585
0.8126435439808029,64.00714084752501
0.8126435439808029,62.96359018514579
0.8126435439808029,61.53868922019205
0.8126435439808029,59.70329281821375
0.8126435439808029,59.63101870191856
0.8126435439808029,59.86648185486664
0.8126435439808029,60.00002741967693
0.8126435439808029,59.999990467361435
0.8126435439808029,59.99997280886353
0.8126435439808029,59.99994785624034
0.8126435439808029,60.00001497731403
0.8126435439808029,60.00002310001945
0.8126435439808029,59.999991182911984
0.8126435439808029,59.999943015319765
0.8126435439808029,59.99998502324033
0.8126435439808029,59.99130353214038
0.8126435439808029,59.98780391166176
0.8126435439808029,59.99101923248392
0.8126435439808029,60.0458632770875
0.8126435439808029,59.742096271005984
0.8126435439808029,59.3126074924178
0.8126435439808029,59.68700020156903
0.8126435439808029,60.00001881134471
0.8126435439808029,60.00001997776247
0.8126435439808029,60.000004909852834
0.8126435439808029,60.00001338392449
0.8126435439808029,59.99996988184809
0.8126435439808029,59.999985332947574
0.8126435439808029,60.00001827322823
0.8126435439808029,59.999973004834075
0.8126435439808029,60.0056179773598
0.8126435439808029,59.9955113868267
0.8126435439808029,59.83015895430915
0.8126435439808029,59.72234942596672
0.8126435439808029,59.398033987174706
0.8126435439808029,59.87432461335017
0.8126435439808029,61.788000761460104
0.8126435439808029,59.558949806032196
0.8126435439808029,60.00001868261675
0.8126435439808029,59.99998673100364
0.8126435439808029,60.0000104058116
0.8126435439808029,60.00001629193144
0.8126435439808029,59.999999137669036
0.8126435439808029,59.99999919287155
0.8126435439808029,60.00156537930776
0.8126435439808029,60.18024554851117
0.8126435439808029,64.25582785419896
0.8126435439808029,60.08650652429614
0.8126435439808029,60.11433150477146
0.8126435439808029,59.89126598618425
0.8126435439808029,61.53119270523405
0.8126435439808029,60.00002193213959
0.8126435439808029,60.00000889867467
0.8126435439808029,60.000004302229
0.8126435439808029,59.99998629530396
0.8126435439808029,59.99997119502185
0.8126435439808029,60.000000424464396
0.8126435439808029,60.0000015924683
0.8126435439808029,59.999983612969615
0.8126435439808029,59.99999714578768
0.8126435439808029,59.99999971401423
0.8126435439808029,60.003904331130144
0.8126435439808029,60.00310609976817
0.8126435439808029,59.991858693171864
0.8126435439808029,59.998170844876874
0.8126435439808029,59.27534742694873
0.8126435439808029,59.78935699634021
0.8126435439808029,59.77373220479737
0.8126435439808029,59.86303418964324
0.8126435439808029,60.000016664769724
0.8126435439808029,59.99996717485521
0.8126435439808029,59.99998028790473
0.8126435439808029,60.00001180384505
0.8126435439808029,60.00001033151985
0.8126435439808029,59.99999163057832
0.8126435439808029,60.00002140418105
0.8126435439808029,59.99626212413805
0.8126435439808029,60.00904375457768
0.8126435439808029,60.05619411135577
0.8126435439808029,59.90175176429713
0.8126435439808029,59.90428804107191
0.8126435439808029,60.198204945339675
0.8126435439808029,60.114338178258635
0.8126435439808029,59.85766459945255
0.8126435439808029,59.48123466626354
0.8126435439808029,60.00001972920764
0.8126435439808029,59.99997966617175
0.8126435439808029,59.999981528578836
0.8126435439808029,60.00000942905242
0.8126435439808029,59.99999118862313
0.8126435439808029,59.999998718451735
0.8126435439808029,60.000010019645515
0.8126435439808029,59.99999354641099
0.8126435439808029,60.00045906418688
0.8126435439808029,58.73349925037986
0.8126435439808029,62.66480479506394
0.8126435439808029,59.88661999127113
0.8126435439808029,59.830968818149806
0.8126435439808029,61.42503580764054
0.8126435439808029,59.99998662086157
0.8126435439808029,60.00001178640382
0.8126435439808029,59.999976168458495
0.8126435439808029,60.00001710679411
0.8126435439808029,59.999991148340534
0.8126435439808029,60.00003846874611
0.8126435439808029,60.00000453657022
0.8126435439808029,59.999997235650895
0.8126435439808029,60.00001654048812
0.8126435439808029,59.99974846922061
0.8126435439808029,60.00022276809465
0.8126435439808029,60.001000020724184
0.8126435439808029,60.002623409211786
0.8126435439808029,63.334544542773045
0.8126435439808029,59.234605730781325
0.8126435439808029,59.84526284602215
0.8126435439808029,60.00000651347996
0.8126435439808029,60.00000217228781
0.8126435439808029,60.000014963025855
0.8126435439808029,60.00001145307026
0.8126435439808029,60.00000595844332
0.8126435439808029,60.000018460719126
0.8126435439808029,59.999980329070134
0.8126435439808029,59.999546526526174
0.8126435439808029,60.16106837642713
0.8126435439808029,59.36033832838506
0.8126435439808029,59.715578984774275
0.8126435439808029,60.036000994255815
0.8126435439808029,59.99999996799966
0.8126435439808029,60.000022231814455
0.8126435439808029,59.999987281733254
0.8126435439808029,59.9999980242531
0.8126435439808029,59.99998736905301
0.8126435439808029,59.999999572108315
0.8126435439808029,59.999997840114254
0.8126435439808029,59.99976090017863
0.8126435439808029,59.99039190631719
0.8126435439808029,59.925924010708414
0.8126435439808029,62.720127084259666
0.8126435439808029,59.50362283996524
0.8126435439808029,60.089673527761136
0.8126435439808029,59.88355350433524
0.8126435439808029,59.72390182565684
0.8126435439808029,59.143137399165475
0.8126435439808029,60.00003382221364
0.8126435439808029,60.000035102313745
0.8126435439808029,59.99997201422465
0.8126435439808029,59.99996393848393
0.8126435439808029,59.99999262387327
0.8126435439808029,59.9999803716631
0.8126435439808029,59.99995515251024
0.8126435439808029,60.00001496698924
0.8126435439808029,59.999979122562785
0.8126435439808029,59.999975283912484
0.8126435439808029,59.999417514506796
0.8126435439808029,60.00044283742768
0.8126435439808029,59.999028736031896
0.8126435439808029,59.61721177223912
0.8126435439808029,61.33791414884906
0.8126435439808029,61.1824689409541
0.8126435439808029,59.37633211056397
0.8126435439808029,60.00001972796095
0.8126435439808029,60.00002159724674
0.8126435439808029,60.00002185357019
0.8126435439808029,59.999981377366886
0.8126435439808029,59.99997568785102
0.8126435439808029,59.99997183710183
0.8126435439808029,59.99999242993469
0.8126435439808029,59.93253857509786
0.8126435439808029,60.00072019942112
0.8126435439808029,59.5135030136497
0.8126435439808029,59.891740401959396
0.8126435439808029,59.92577168719422
0.8126435439808029,59.24767013725411
0.8126435439808029,59.99997775926986
0.8126435439808029,59.99994256603656
0.8126435439808029,59.99997673050481
0.8126435439808029,60.00003328810837
0.8126435439808029,60.00000503431347
0.8126435439808029,60.000020803335
0.8126435439808029,60.00003117957479
0.8126435439808029,59.99997821143351
0.8126435439808029,59.99998294207579
0.8126435439808029,59.99997679161434
0.8126435439808029,60.00541765601912
0.8126435439808029,60.04796075941522
0.8126435439808029,62.4614114390306
0.8126435439808029,61.10766133262915
0.8126435439808029,59.093039902910036
0.8126435439808029,60.07413920791684
0.8126435439808029,59.5224857773397
0.8126435439808029,59.79408499868238
0.8126435439808029,64.7661685472397
0.8126435439808029,62.20054973659332
0.8126435439808029,61.387173435627346
0.8126435439808029,60.000004022412014
0.8126435439808029,60.0000250632179
0.8126435439808029,60.00003064097079
0.8126435439808029,59.99997745037459
0.8126435439808029,60.00000947909118
0.8126435439808029,59.99999304405074
0.8126435439808029,60.0000046159681
0.8126435439808029,60.008842914689346
0.8126435439808029,59.99359814774115
0.8126435439808029,59.95822048608439
0.8126435439808029,59.682768800037245
0.8126435439808029,59.90344735157285
0.8126435439808029,58.59596663504395
0.8126435439808029,59.702922264662035
0.8126435439808029,59.792539913586296
0.8126435439808029,60.00003302690043
0.8126435439808029,60.00003448352196
0.8126435439808029,59.99998507456464
0.8126435439808029,59.999986766949085
0.8126435439808029,59.999988171962514
0.8126435439808029,59.999988405831914
0.8126435439808029,60.04015205041337
0.8126435439808029,62.538116967953
0.8126435439808029,59.59586093687929
0.8126435439808029,59.67655262224297
0.8126435439808029,64.0699011717493
0.8126435439808029,60.104282514619904
0.8126435439808029,61.61047014613025
0.8126435439808029,59.82942075892631
0.8126435439808029,60.00001809274914
0.8126435439808029,60.000001084016716
0.8126435439808029,60.00002790084505
0.8126435439808029,60.00000067095624
0.8126435439808029,59.99999809136739
0.8126435439808029,59.99993084496489
0.8126435439808029,60.00001568042704
0.8126435439808029,59.9999882080487
0.8126435439808029,59.999977550823914
0.8126435439808029,59.999999762507095
0.8126435439808029,60.00001249149932
0.8126435439808029,59.99996672045606
0.8126435439808029,60.020740841720986
0.8126435439808029,59.851555146002895
0.8126435439808029,59.84510407902114
0.8126435439808029,59.93959645265831
0.8126435439808029,61.39331315722585
0.8126435439808029,59.4619961431768
0.8126435439808029,59.84800278431415
0.8126435439808029,60.13535770102673
0.8126435439808029,59.757541270469815
0.8126435439808029,60.00000410325163
0.8126435439808029,59.999982443437226
0.8126435439808029,59.999984562273546
0.8126435439808029,59.999978097357484
0.8126435439808029,59.99999494532437
0.8126435439808029,59.9999999076779
0.8126435439808029,60.000003735402395
0.8126435439808029,59.99998423572312
0.8126435439808029,59.99998462721735
0.8126435439808029,59.984744747904536
0.8126435439808029,60.074110739737975
0.8126435439808029,61.57164607742953
0.8126435439808029,60.08478545623533
0.8126435439808029,59.93678129085227
0.8126435439808029,59.93735535404631
0.8126435439808029,59.83351848392442
0.8126435439808029,60.011854636216654
0.8126435439808029,60.000022149162895
0.8126435439808029,60.00003598508629
0.8126435439808029,59.99999911210954
0.8126435439808029,59.99999346557994
0.8126435439808029,59.99998328068707
0.8126435439808029,59.9999867576265
0.8126435439808029,60.013857178296156
0.8126435439808029,59.86473982966655
0.8126435439808029,59.62863768193856
0.8126435439808029,60.119498377145185
0.8126435439808029,60.16407715665215
0.8126435439808029,59.69034399494223
0.8126435439808029,60.24574496180806
0.8126435439808029,59.9042310053653
0.8126435439808029,60.00003094377405
0.8126435439808029,60.00004046492453
0.8126435439808029,60.00001082111399
0.8126435439808029,59.99995045709063
0.8126435439808029,60.000007639186755
0.8126435439808029,59.99999842608543
0.8126435439808029,60.00000097690718
0.8126435439808029,59.99998464465896
0.8126435439808029,60.00005428083475
0.8126435439808029,60.04042648868322
0.8126435439808029,59.48389955670828
0.8126435439808029,59.53823234155739
0.8126435439808029,62.01972919703166
0.8126435439808029,59.437576128444896
0.8126435439808029,61.998495311073974
0.8126435439808029,60.11638547044215
0.8126435439808029,60.0000063788811
0.8126435439808029,60.00001924983224
0.8126435439808029,59.999980044328154
0.8126435439808029,60.00001171068877
0.8126435439808029,59.99998170791284
0.8126435439808029,59.99999184532742
0.8126435439808029,59.99995495589569
0.8126435439808029,60.00000735151862
0.8126435439808029,60.00000946054647
0.8126435439808029,59.99989903615634
0.8126435439808029,60.00146034805968
0.8126435439808029,59.97079967241974
0.8126435439808029,62.5121289066931
0.8126435439808029,61.16606384618649
0.8126435439808029,60.05497173126683
0.8126435439808029,59.997862820458955
0.8126435439808029,59.71409334769372
0.8126435439808029,59.87506813305502
0.8126435439808029,61.125824742135
0.8126435439808029,59.5556774679571
0.8126435439808029,59.40794825192852
0.8126435439808029,60.00001378440486
0.8126435439808029,59.99999774464774
0.8126435439808029,59.99998678333215
0.8126435439808029,60.000005320783266
0.8126435439808029,59.99998647911099
0.8126435439808029,59.98607680401277
0.8126435439808029,59.88940905442929
0.8126435439808029,59.929318374075145
0.8126435439808029,61.23718007150947
0.8126435439808029,60.123247901134405
0.8126435439808029,59.99999648760941
0.8126435439808029,59.999999467058416
0.8126435439808029,59.99997299416937
0.8126435439808029,59.99998684676977
0.8126435439808029,59.99999073745402
0.8126435439808029,59.99999117239933
0.8126435439808029,59.99997433008513
0.8126435439808029,59.99999406641241
0.8126435439808029,60.00001651290395
0.8126435439808029,59.999975775153295
0.8126435439808029,59.99994876971765
0.8126435439808029,60.012983016190255
0.8126435439808029,60.0472750696444
0.8126435439808029,59.96813692288421
0.8126435439808029,59.587466869585434
0.8126435439808029,60.01280152437112
0.8126435439808029,59.41188758558405
0.8126435439808029,61.397394398860364
0.8126435439808029,59.832634531133365
0.8126435439808029,59.906048481452856
0.8126435439808029,62.19865213884322
0.8126435439808029,60.000031073199
0.8126435439808029,59.999994811810986
0.8126435439808029,59.99996217855418
0.8126435439808029,59.99998799022941
0.8126435439808029,59.999990742538586
0.8126435439808029,59.99998326643712
0.8126435439808029,59.999957197408136
0.8126435439808029,59.99998903650548
0.8126435439808029,60.00000105644313
0.8126435439808029,59.999988413687916
0.8126435439808029,60.09411601994934
0.8126435439808029,59.91894196036152
0.8126435439808029,59.832923219712484
0.8126435439808029,59.85529381059916
0.8126435439808029,60.0289454095506
0.8126435439808029,59.77127744872305
0.8126435439808029,59.9685816439325
0.8126435439808029,59.80233401968755
0.8126435439808029,59.51786260928019
0.8126435439808029,59.99998829529889
0.8126435439808029,59.99998204155339
0.8126435439808029,60.000005977603124
0.8126435439808029,60.00002700126232
0.8126435439808029,60.0000090901628
0.8126435439808029,59.999978240352355
0.8126435439808029,60.0073668966759
0.8126435439808029,60.00555151628123
0.8126435439808029,59.55122794756491
0.8126435439808029,59.736012156968805
0.8126435439808029,59.890693793857
0.8126435439808029,60.02701936870274
0.8126435439808029,61.64363489221669
0.8126435439808029,59.423422517622015
0.8126435439808029,60.00003369643779
0.8126435439808029,60.00001418252156
0.8126435439808029,60.00000178285247
0.8126435439808029,59.999993627901596
0.8126435439808029,60.000001841066656
0.8126435439808029,59.99997756941716
0.8126435439808029,60.00000272456444
0.8126435439808029,59.999971362071946
0.8126435439808029,59.999983347139334
0.8126435439808029,60.03326155512188
0.8126435439808029,59.93716883087142
0.8126435439808029,60.10694458929276
0.8126435439808029,60.018685924446615
0.8126435439808029,68.85248113142293
0.8126435439808029,60.12541459857012
0.8126435439808029,59.84997653087288
0.8126435439808029,60.00051828932878
0.8126435439808029,59.95240128023507
0.8126435439808029,60.065818016091775
0.8126435439808029,59.91940206903462
0.8126435439808029,60.00003478988803
0.8126435439808029,60.000018242493056
0.8126435439808029,59.999976686750124
0.8126435439808029,59.99997938011143
0.8126435439808029,59.99999075545995
0.8126435439808029,59.999994890257526
0.8126435439808029,59.99997526194107
0.8126435439808029,59.999986281869134
0.8126435439808029,59.99998585760668
0.8126435439808029,59.99995802865165
0.8126435439808029,60.09170396070749
0.8126435439808029,60.05991540368535
0.8126435439808029,61.95309692082364
0.8126435439808029,59.49569780872911
0.8126435439808029,60.00677823394412
0.8126435439808029,60.061794643267405
0.8126435439808029,60.00003574289498
0.8126435439808029,60.00002094986901
0.8126435439808029,60.00001301731796
0.8126435439808029,60.000010160156265
0.8126435439808029,59.99995165073857
0.8126435439808029,59.999953384197816
0.8126435439808029,59.99996731468586
0.8126435439808029,60.01868386537159
0.8126435439808029,60.00467281512564
0.8126435439808029,60.019632445053574
0.8126435439808029,59.99485599267513
0.8126435439808029,62.68820675829657
0.8126435439808029,59.77788976977725
0.8126435439808029,59.95580734916449
0.8126435439808029,60.0009989841639
0.8126435439808029,59.995877386712536
0.8126435439808029,60.13335123678264
0.8126435439808029,59.86099443121693
0.8126435439808029,60.00001888775631
0.8126435439808029,59.99997322355114
0.8126435439808029,60.00000279505005
0.8126435439808029,59.99997663455392
0.8126435439808029,60.00000374910817
0.8126435439808029,59.99999367817886
0.8126435439808029,60.00000336203459
0.8126435439808029,59.999973101110776
0.8126435439808029,59.999997125805336
0.8126435439808029,59.99999631935749
0.8126435439808029,59.99996180542188
0.8126435439808029,59.98594776181857
0.8126435439808029,60.00844057085916
0.8126435439808029,59.99468061395258
0.8126435439808029,59.99241338640161
0.8126435439808029,59.86060103670719
0.8126435439808029,60.020552135680795
0.8126435439808029,59.998434651662066
0.8126435439808029,59.97436463647309
0.8126435439808029,59.999960446111565
0.8126435439808029,60.0000133680686
0.8126435439808029,60.000006972334134
0.8126435439808029,59.99999473996791
0.8126435439808029,60.00001826614508
0.8126435439808029,60.000026806903236
0.8126435439808029,59.999988945122105
0.8126435439808029,60.000004880794876
0.8126435439808029,59.98802064594394
0.8126435439808029,59.77904051062023
0.8126435439808029,60.04275858882755
0.8126435439808029,59.54819229251428
0.8126435439808029,60.00063825547268
0.8126435439808029,59.990528833136686
0.8126435439808029,60.036642732043376
0.8126435439808029,59.98065700751901
0.8126435439808029,60.000007895262996
0.8126435439808029,60.00002508509687
0.8126435439808029,59.99998354373483
0.8126435439808029,60.00001808971236
0.8126435439808029,60.00002337687992
0.8126435439808029,60.00000436625833
0.8126435439808029,60.00088395994506
0.8126435439808029,60.00213887947686
0.8126435439808029,60.001244700849675
0.8126435439808029,60.09750797716634
0.8126435439808029,59.75330749951205
0.8126435439808029,60.000497718004794
0.8126435439808029,60.0037271600752
0.8126435439808029,60.000624400318394
0.8126435439808029,60.00011046215713
0.8126435439808029,59.99973612289911
0.8126435439808029,60.00046655143748
0.8126435439808029,60.001200581521964
0.8126435439808029,60.011676837045165
0.8126435439808029,59.9999750983418
0.8126435439808029,60.000002911518116
0.8126435439808029,59.999987573223265
0.8126435439808029,59.99999388604476
0.8126435439808029,60.00002257226784
0.8126435439808029,60.00000108694624
0.8126435439808029,60.00000524878891
0.8126435439808029,59.999990241592755
0.8126435439808029,60.00004058517699
0.8126435439808029,59.99998846348778
0.8126435439808029,60.000031615325646
0.8126435439808029,59.99998160571594
0.8126435439808029,60.00545386549017
0.8126435439808029,60.001210461851564
0.8126435439808029,59.806097136865134
0.8126435439808029,59.9989629915831
0.8126435439808029,60.00030741410721
0.8126435439808029,60.00001387794505
0.8126435439808029,60.06258226262741
0.8126435439808029,60.05242249009314
0.8126435439808029,60.000014964140384
0.8126435439808029,60.000002595570045
0.8126435439808029,59.999980563973274
0.8126435439808029,59.99997717184502
0.8126435439808029,60.0000061761536
0.8126435439808029,60.00001623421837
0.8126435439808029,60.000022131940135
0.8126435439808029,60.00490285028854
0.8126435439808029,59.99989681524354
0.8126435439808029,60.0562772359713
0.8126435439808029,59.99987067081347
0.8126435439808029,60.00044898723344
0.8126435439808029,60.00052164114507
0.8126435439808029,59.97382555818555
0.8126435439808029,60.00098392283051
0.8126435439808029,59.99998980895693
0.8126435439808029,59.99999091242085
0.8126435439808029,60.00001182304175
0.8126435439808029,59.99997561875739
0.8126435439808029,59.999986170758426
0.8126435439808029,60.000000727849944
0.8126435439808029,59.99998548666681
0.8126435439808029,60.00001689847343
0.8126435439808029,60.00002212885971
0.8126435439808029,60.00000382642632
0.8126435439808029,59.99985134629039
0.8126435439808029,59.99838058147007
0.8126435439808029,60.03738850750762
0.8126435439808029,59.99991577766579
0.8126435439808029,59.99988309983936
0.8126435439808029,59.999882692842554
0.8126435439808029,59.99994588246385
0.8126435439808029,59.99988691899726
0.8126435439808029,59.99993189024066
0.8126435439808029,59.993994761676944
0.8126435439808029,59.99997442861907
0.8126435439808029,60.00002299039726
0.8126435439808029,59.999992306045094
0.8126435439808029,59.99999227337712
0.8126435439808029,60.00001347846379
0.8126435439808029,60.000007349718494
0.8126435439808029,60.000008687129245
0.8126435439808029,59.99989840838272
0.8126435439808029,60.005988696995004
0.8126435439808029,59.99751151031931
0.8126435439808029,60.000426297187936
0.8126435439808029,59.99992902722787
0.8126435439808029,59.987873980625466
0.8126435439808029,59.97698304518349
0.8126435439808029,59.99996184809493
0.8126435439808029,60.00000243904995
0.8126435439808029,59.9999678639942
0.8126435439808029,59.99999861309241
0.8126435439808029,59.999980685927966
0.8126435439808029,60.00000119602549
0.8126435439808029,59.99998095291142
0.8126435439808029,60.00004640749497
0.8126435439808029,60.000021325383635
0.8126435439808029,59.999989263927944
0.8126435439808029,59.99410839397476
0.8126435439808029,60.001590954023484
0.8126435439808029,60.00000759619059
0.8126435439808029,59.9998891983507
0.8126435439808029,59.99994580655401
0.8126435439808029,60.00000536473725
0.8126435439808029,60.000011464763645
0.8126435439808029,59.98644674886013
0.8126435439808029,59.999994647937676
0.8126435439808029,59.99996655652258
0.8126435439808029,59.9999850594736
0.8126435439808029,59.99996414814103
0.8126435439808029,59.99997651520786
0.8126435439808029,59.99997941705726
0.8126435439808029,59.99999454194999
0.8126435439808029,60.00000169771558
0.8126435439808029,60.00001132633769
0.8126435439808029,59.99998394235283
0.8126435439808029,60.00001318122461
0.8126435439808029,60.000059138181406
0.8126435439808029,59.99998360889983
0.8126435439808029,60.00081804019369
0.8126435439808029,59.99698651590789
0.8126435439808029,60.000167463807855
0.8126435439808029,59.99998545097857
0.8126435439808029,59.999912785691365
0.8126435439808029,59.99996073753012
0.8126435439808029,60.000031555473775
0.8126435439808029,59.99998884196773
0.8126435439808029,59.99011985462024
0.8126435439808029,59.99999911264062
0.8126435439808029,60.00000224893922
0.8126435439808029,59.99997207327008
0.8126435439808029,59.99996966006516
0.8126435439808029,59.999979275633045
0.8126435439808029,59.99997861977079
0.8126435439808029,59.99997730415222
0.8126435439808029,60.000035021745056
0.8126435439808029,59.99999613757128
0.8126435439808029,60.00000449693614
0.8126435439808029,60.00001187571853
0.8126435439808029,59.99466825361249
0.8126435439808029,60.00012141205777
0.8126435439808029,60.00017328112484
0.8126435439808029,60.00002360056781
0.8126435439808029,59.9999552588005
0.8126435439808029,59.99996542728815
0.8126435439808029,60.000011990393254
0.8126435439808029,59.999985934018184
0.8126435439808029,60.00000876971013
0.8126435439808029,59.99995228783156
0.8126435439808029,59.99999277180604
0.8126435439808029,60.00000787914178
0.8126435439808029,60.00000878766271
0.8126435439808029,60.00000713123869
0.8126435439808029,59.99974008915078
0.8126435439808029,60.001629176223844
0.8126435439808029,60.000019948359714
0.8126435439808029,60.00000319784315
0.8126435439808029,60.00004314695622
0.8126435439808029,59.99993740912852
0.8126435439808029,59.999977187871934
0.8126435439808029,59.999960810849515
0.8126435439808029,59.999986652515325
0.8126435439808029,59.99997409108756
0.8126435439808029,59.99996678005851
0.8126435439808029,60.00000137127736
0.8126435439808029,59.99997608109084
0.8126435439808029,59.99999895826391
0.8126435439808029,59.999995607765406
0.8126435439808029,60.00002256431208
0.8126435439808029,59.99998639319726
0.8126435439808029,59.99998879544774
0.8126435439808029,60.00001248942946
0.8126435439808029,59.99971746823501
0.8126435439808029,60.00069505095897
0.8126435439808029,60.00113371077538
0.8126435439808029,60.00000316272673
0.8126435439808029,59.99999393475692
0.8126435439808029,60.00000906431624
0.8126435439808029,60.00001973455742
0.8126435439808029,59.99997752991979
0.8126435439808029,59.99999053403181
0.8126435439808029,59.99999021402613
0.8126435439808029,59.99998968448347
0.8126435439808029,60.00000861379426
0.8126435439808029,59.999998066604114
0.8126435439808029,60.00000486273982
0.8126435439808029,59.99993619447305
0.8126435439808029,60.00000336725659
0.8126435439808029,59.999966351536095
0.8126435439808029,59.99983064533345
0.8126435439808029,59.99997564858624
0.8126435439808029,59.99999310727457
0.8126435439808029,59.9999785111501
0.8126435439808029,60.00001361668922
0.8126435439808029,59.99999235326346
0.8126435439808029,59.999940498927565
0.8126435439808029,60.00003527771672
0.8126435439808029,59.999990023923374
0.8126435439808029,59.999997647260834
0.8126435439808029,59.99999968872454
0.8126435439808029,60.0000046934699
0.8126435439808029,59.9999950260641
0.8126435439808029,59.99980973175293
0.8126435439808029,59.999976316494006
0.8126435439808029,60.00001105509739
0.8126435439808029,59.99998218394509
0.8126435439808029,59.99997005156849
0.8126435439808029,60.000013261557264
0.8126435439808029,59.999995421895534
0.8126435439808029,59.9999972160804
0.8126435439808029,60.000018419609106
0.8126435439808029,59.999985068502994
0.8126435439808029,59.999973908706295
0.8126435439808029,59.99997858485594
0.8126435439808029,59.99999705095735
0.8126435439808029,60.000010095875226
0.8126435439808029,59.999996809400244
0.8126435439808029,59.99997612014072
0.8126435439808029,60.000000170826745
0.8126435439808029,59.9999944243708
0.8126435439808029,59.99998619087659
0.8126435439808029,60.00002462728112
0.8126435439808029,59.99998332717163
0.8126435439808029,59.99999877293003
0.8126435439808029,60.00000932727384
0.8126435439808029,59.999993555964
0.8126435439808029,60.00000478001015
0.8126435439808029,59.999978158679085
0.8126435439808029,59.99999781739101
0.8126435439808029,59.9999865171883
0.8126435439808029,59.999984381734365
0.8126435439808029,60.00001384535342
0.8126435439808029,59.9999696643132
0.8126435439808029,59.99999727771385
0.8126435439808029,59.99999419666196
0.8126435439808029,60.00003125532537
0.8126435439808029,60.000003021163195
0.8126435439808029,60.00000740024368
0.8126435439808029,60.00000320227812
0.8126435439808029,60.0000236851162
0.8126435439808029,60.00003711748586
0.8126435439808029,60.00003104599577
0.8126435439808029,60.00001753399797
0.8126435439808029,60.00002403856955
0.8126435439808029,59.999980763926395
0.8126435439808029,59.99998908700456
0.8126435439808029,60.00000469891431
0.8126435439808029,59.999990891677164
0.8126435439808029,59.999984450780104
0.8126435439808029,60.00000243780067
0.8126435439808029,60.000027661259
0.8126435439808029,60.00000938894409
0.8126435439808029,59.999984966734104
0.8126435439808029,59.99996835312624
0.8126435439808029,60.00000196662155
0.8126435439808029,60.00000247680439
0.8126435439808029,59.99997569641572
0.8126435439808029,59.99997778420881
0.8126435439808029,60.000008252953066
0.8126435439808029,60.00000999032387
0.8126435439808029,59.999987338046644
0.8126435439808029,60.00001582670123
0.8126435439808029,60.000015319613446
0.8126435439808029,59.99999727291848
0.8126435439808029,59.99998859966561
0.8126435439808029,59.99999821695497
0.8126435439808029,59.99999495142131
0.8126435439808029,60.0000169811629
0.8126435439808029,60.00001148879013
0.8126435439808029,59.99998818057094
0.8126435439808029,59.9999959690389
0.8126435439808029,60.0000232907323
0.8126435439808029,59.99999043840284
0.8126435439808029,59.99999382426599
0.8126435439808029,60.00000710739438
0.8126435439808029,59.99997662208471
0.8126435439808029,59.999996774066446
0.8126435439808029,60.000005049361945
0.8126435439808029,59.999953979846154
0.8126435439808029,59.99995654575382
0.8126435439808029,60.0000069689292
0.8126435439808029,59.99996579190113
0.8126435439808029,59.99998201598423
0.8126435439808029,59.99998278908356
0.8126435439808029,59.999989034555796
0.8126435439808029,59.99995319190462
0.8126435439808029,59.999977897096244
0.8126435439808029,59.99998168247048
0.8126435439808029,60.00000713122366
0.8126435439808029,60.0000304296781
0.8126435439808029,60.00002251153776
0.8126435439808029,59.999976140885934
0.8126435439808029,59.99994806309898
0.8126435439808029,60.00006420815381
0.8126435439808029,59.99998105859743
0.8126435439808029,59.99995444109034
0.8126435439808029,59.99999226980523
0.8126435439808029,59.99997705921824
0.8126435439808029,59.99997695461553
0.8126435439808029,59.99999176790524
0.8126435439808029,59.99998978910489
0.8126435439808029,59.99996354953526
0.8126435439808029,60.000013157772486
0.8126435439808029,60.000016381874524
0.8126435439808029,59.99999797600991
0.8126435439808029,59.99999355712108
0.8126435439808029,60.00002044669175
0.8126435439808029,60.00001834791197
0.8126435439808029,59.99998154130846
0.8126435439808029,59.99999792442232
0.8126435439808029,59.99998172196902
0.8126435439808029,60.00001805366162
0.8126435439808029,60.000043558101396
0.8126435439808029,59.999991849422614
0.8126435439808029,60.000000531824206
0.8126435439808029,59.99997012045311
0.8126435439808029,59.99999331760361
0.8126435439808029,59.999983735610975
0.8126435439808029,60.000009885157986
0.8126435439808029,60.0000216737856
0.8126435439808029,59.99996486387761
0.8126435439808029,60.00000375302987
0.8126435439808029,59.99996507323264
0.8126435439808029,60.0000184919527
0.8126435439808029,59.99998397599588
0.8126435439808029,60.00002238454669
0.8126435439808029,59.99998690205675
0.8126435439808029,59.99997128481214
0.8126435439808029,60.000011398862654
0.8126435439808029,59.999991777410024
0.8126435439808029,59.999993217143
0.8126435439808029,60.000006656927006
0.8126435439808029,60.00002442743728
0.8126435439808029,59.999994057854906
0.8126435439808029,60.00003007608837
0.8126435439808029,59.99997609605001
0.8126435439808029,59.99997785383513
0.8126435439808029,59.999955103552914
0.8126435439808029,60.00000215013679
0.8126435439808029,59.999979774816275
0.8126435439808029,59.99999486468576
0.8126435439808029,59.99999403868901
0.8126435439808029,59.99998256839168
0.8126435439808029,59.99998984513151
0.8126435439808029,60.00000817791687
0.8126435439808029,60.00001751082951
0.8126435439808029,59.99997082243001
0.8126435439808029,59.999953488018434
0.8126435439808029,60.00002815458761
0.8126435439808029,59.99996258458166
0.8126435439808029,60.00000861109297
0.8126435439808029,60.00000201459338
0.8126435439808029,59.99995849400653
0.8126435439808029,59.99998945905116
0.8126435439808029,60.000008815753645
0.8126435439808029,59.999992456166105
0.8126435439808029,59.99998135706141
0.8126435439808029,59.99997170450395
0.8126435439808029,60.00001646037111
0.8126435439808029,60.000007374413805
0.8126435439808029,60.00000667206857
0.8126435439808029,59.99996124667775
0.8126435439808029,60.00000986351637
0.8126435439808029,60.00002184504308
0.8126435439808029,59.999991802043176
0.8126435439808029,60.00001753488334
0.8126435439808029,59.99999275559786
0.8126435439808029,60.00000145582483
0.8126435439808029,60.00000421106393
0.8126435439808029,59.99999763885223
0.8126435439808029,59.999991410770996
0.8126435439808029,60.000018193490064
0.8126435439808029,60.00001794353584
0.8126435439808029,60.00001282319731
0.8126435439808029,60.00001859921497
0.8126435439808029,60.00001106328483
0.8126435439808029,60.00001175726688
0.8126435439808029,59.99997934440004
0.8126435439808029,60.00000472326143
0.8126435439808029,60.00001555484959
0.8126435439808029,59.99997076920758
0.8126435439808029,59.9999395132609
0.8126435439808029,59.99997088479154
0.8126435439808029,59.99999595142017
0.8126435439808029,59.99999494655935
0.8126435439808029,60.000047203635695
0.8126435439808029,59.999992777752645
0.8126435439808029,59.99999236158248
0.8126435439808029,59.99998787726821
0.8126435439808029,59.99998326084555
0.8126435439808029,59.999932877679086
0.8126435439808029,59.99998792124397
0.8126435439808029,59.999996586906185
0.8126435439808029,59.99999270762772
0.8126435439808029,60.000017178271264
0.8126435439808029,59.99997101434016
0.8126435439808029,60.00002307386685
0.8126435439808029,59.99997042568772
0.8126435439808029,60.00000031664977
0.8126435439808029,59.99996285173288
0.8126435439808029,59.999998783934856
0.8126435439808029,59.999995571341664
0.8126435439808029,60.00002436905757
0.8126435439808029,59.99998905592266
0.8126435439808029,59.99994558179605
0.8126435439808029,59.99999069703586
0.8126435439808029,59.999961503801806
0.8126435439808029,59.99995052777929
0.8126435439808029,60.00002610065237
0.8126435439808029,59.999985424722375
0.8126435439808029,60.00000770312934
0.8126435439808029,59.99997542324996
0.8126435439808029,59.99999681819807
0.8126435439808029,60.000008536774786
0.8126435439808029,60.000022131748544
0.8126435439808029,60.000017275677145
0.8126435439808029,59.99999762245236
0.8126435439808029,59.99999358150703
0.8126435439808029,59.99998302051868
0.8126435439808029,59.99997752111513
0.8126435439808029,59.999993324220355
0.8126435439808029,60.00001731608095
0.8126435439808029,60.00000628516517
0.8126435439808029,59.99998309712025
0.8126435439808029,60.00003442636012
0.8126435439808029,60.00005294310494
0.8126435439808029,59.999989034278755
0.8126435439808029,59.99998634421897
0.8126435439808029,59.99998716336745
0.8126435439808029,60.000012138260395
0.8126435439808029,59.99998927715135
0.8126435439808029,60.00001329359832
0.8126435439808029,59.99995642983965
0.8126435439808029,59.999998234116326
0.8126435439808029,59.99999750047107
0.8126435439808029,59.99996294011971
0.8126435439808029,59.99995788502346
0.8126435439808029,60.00000172944941
0.8126435439808029,59.9999804850462
0.8126435439808029,59.999959605273084
0.8126435439808029,59.99998385325963
0.8126435439808029,59.99999479662264
0.8126435439808029,59.99998653784931
0.8126435439808029,59.99999440380053
0.8126435439808029,59.999959464052004
0.8126435439808029,60.00001509398434
0.8126435439808029,59.999963931857124
0.8126435439808029,59.99995459157047
0.8126435439808029,59.99998603469249
0.8126435439808029,60.00001090051541
0.8126435439808029,60.00002280049709
0.8126435439808029,60.00000551161622
0.8126435439808029,59.99995083262668
0.8126435439808029,59.999984338140564
0.8126435439808029,60.00000816020394
0.8126435439808029,59.99997191727237
0.8126435439808029,60.000017628184395
0.8126435439808029,59.9999640077354
0.8126435439808029,59.99998936353478
0.8126435439808029,59.99998367796477
0.8126435439808029,60.000017988330725
0.8126435439808029,60.000010957100464
0.8126435439808029,59.9999852376247
0.8126435439808029,60.00001424023733
0.8126435439808029,60.000014791280414
0.8126435439808029,59.99999699165181
0.8126435439808029,59.99995108565083
0.8126435439808029,59.99999947124749
0.8126435439808029,59.99999407639395
0.8126435439808029,60.00000318563223
0.8126435439808029,59.99998687956772
0.8126435439808029,60.00001960744683
0.8126435439808029,60.000002090074325
0.8126435439808029,59.99999412367896
0.8126435439808029,59.99998297634263
0.8126435439808029,60.00002567616457
0.8126435439808029,59.999972294976466
0.8126435439808029,59.999990541086596
0.8126435439808029,60.00000977320823
0.8126435439808029,59.999989135523975
0.8126435439808029,59.99997041971246
0.8126435439808029,59.99997880693725
0.8126435439808029,59.99997567429382
0.8126435439808029,60.000012807019786
0.8126435439808029,60.0000054768472
0.8126435439808029,59.999995734760425
0.8126435439808029,60.00000331779592
0.8126435439808029,60.000002983673745
0.8126435439808029,59.99997647393688
0.8126435439808029,59.99997079470393
0.8126435439808029,60.00000382158295
0.8126435439808029,60.00000172865683
0.8126435439808029,60.00003383771259
0.8126435439808029,60.0000023911388
0.8126435439808029,59.999995448367606
0.8126435439808029,59.99998919837176
0.8126435439808029,59.99998658889186
0.8126435439808029,59.99997136037501
0.8126435439808029,59.99995044815679
0.8126435439808029,60.000004949039045
0.8126435439808029,59.99998660829409
0.8126435439808029,59.99998447448736
0.8126435439808029,59.99996304015923
0.8126435439808029,59.99999727330402
0.8126435439808029,60.000027059339914
0.8126435439808029,59.99996226992327
0.8126435439808029,59.99999489559728
0.8126435439808029,60.00002335195489
0.8126435439808029,60.000024297485865
0.8126435439808029,60.00003156091712
0.8126435439808029,59.99997494631639
0.8126435439808029,59.999997967956446
0.8126435439808029,59.99996206810495
0.8126435439808029,60.00001730303184
0.8126435439808029,60.0000074409714
0.8126435439808029,59.99999229114896
0.8126435439808029,60.00000836833126
0.8126435439808029,59.99995837634416
0.8126435439808029,60.00002099242851
0.8126435439808029,59.999994629410836
0.8126435439808029,60.0000001707186
0.8126435439808029,59.99997703084378
0.8126435439808029,60.00000617850685
0.8126435439808029,60.00000872583685
0.8126435439808029,60.00000245578227
0.8126435439808029,60.00000463138138
0.8126435439808029,59.999991237771184
0.8126435439808029,60.00001026652344
0.8126435439808029,60.00002826920173
0.8126435439808029,60.00002621685509
0.8126435439808029,60.000003014776944
0.8126435439808029,60.00001272002633
0.8126435439808029,59.99997664144427
0.8126435439808029,59.999963783075124
0.8126435439808029,59.99993039155136
0.8126435439808029,59.99999888835915
0.8126435439808029,60.000008901222884
0.8126435439808029,59.999931693828024
0.8126435439808029,59.99996280703701
0.8126435439808029,59.999964681151695
0.8126435439808029,60.00001434047231
0.8126435439808029,60.0000088653862
0.8126435439808029,59.99998758454765
0.8126435439808029,60.00001984484945
0.8126435439808029,60.00001558465326
0.8126435439808029,59.999997022050906
0.8126435439808029,59.99999875764764
0.8126435439808029,59.99998802960859
0.8126435439808029,59.99999205716895
0.8126435439808029,59.999994173760555
0.8126435439808029,59.999989103948415
0.8126435439808029,60.00003730674391
0.8126435439808029,59.99998143543586
0.8126435439808029,59.99998472148644
0.8126435439808029,60.00002685944015
0.8126435439808029,60.00002977616306
0.8126435439808029,59.99999233659422
0.8126435439808029,60.00000082117489
0.8126435439808029,59.99999268048595
0.8126435439808029,59.99997657106026
0.8126435439808029,59.999981259726184
0.8126435439808029,59.999988403037825
0.8126435439808029,60.00001304731694
0.8126435439808029,59.99999020665537
0.8126435439808029,59.999970933948696
0.8126435439808029,59.99998160240169
0.8126435439808029,59.99998272481531
0.8126435439808029,60.00002005850857
0.8126435439808029,60.00002823389225
0.8126435439808029,59.99997287273061
0.8126435439808029,59.99997129048963
0.8126435439808029,60.00005164148619
0.8126435439808029,60.0000074062073
0.8126435439808029,60.00002324941493
0.8126435439808029,60.00001769277466
0.8126435439808029,59.99998308205097
0.8126435439808029,59.999985624372144
0.8126435439808029,59.99997617685288
0.8126435439808029,59.99995918756296
0.8126435439808029,59.99997735651312
0.8126435439808029,60.00002445348753
0.8126435439808029,60.000002624277656
0.8126435439808029,59.99998690604426
0.8126435439808029,59.99998506456095
0.8126435439808029,60.00000568302268
0.8126435439808029,60.00001553909709
0.8126435439808029,60.00002397884709
0.8126435439808029,59.99998990350093
0.8126435439808029,60.000007532154285
0.8126435439808029,59.99999137432105
0.8126435439808029,59.99998976377461
0.8126435439808029,59.99998916764807
0.8126435439808029,59.99999421815612
0.8126435439808029,60.00003250459763
0.8126435439808029,60.00001928430855
0.8126435439808029,60.00000514296903
0.8126435439808029,59.99998875969808
0.8126435439808029,60.00002497627799
0.8126435439808029,60.00000563436129
0.8126435439808029,59.99999442527182
0.8126435439808029,60.00001284851246
0.8126435439808029,59.99999118982911
0.8126435439808029,60.000011152849865
0.8126435439808029,59.999958148584156
0.8126435439808029,60.00002234159079
0.8126435439808029,59.99999766696245
0.8126435439808029,59.99998219682427
0.8126435439808029,59.99999205552634
0.8126435439808029,59.99999783562014
0.8126435439808029,60.000020956856225
0.8126435439808029,59.99999678543481
0.8126435439808029,59.999991958058985
0.8126435439808029,59.99999552947049
0.8126435439808029,60.00000349873945
0.8126435439808029,59.99999105099965
0.8126435439808029,59.99995918937664
0.8126435439808029,59.9999780437673
0.8126435439808029,59.99999207242031
0.8126435439808029,60.00001754184241
0.8126435439808029,60.000010100646215
0.8126435439808029,59.999995535338215
0.8126435439808029,59.99998542415311
0.8126435439808029,60.00002656328853
0.8126435439808029,60.00002665985427
0.8126435439808029,60.00002250246463
0.8126435439808029,59.999980720166384
0.8126435439808029,60.0000111432294
0.8126435439808029,60.00000932346338
0.8126435439808029,59.999976719975685
0.8126435439808029,59.99999281589351
0.8126435439808029,60.00001031625225
0.8126435439808029,59.99999565911453
0.8126435439808029,60.00000253895532
0.8126435439808029,60.000017280287274
0.8126435439808029,60.00001399995891
0.8126435439808029,60.000004759477015
0.8126435439808029,60.00002667565009
0.8126435439808029,59.99999375813373
0.8126435439808029,59.99996017706914
0.8126435439808029,59.999969722038756
0.8126435439808029,60.000032010081725
0.8126435439808029,59.99999457654678
0.8126435439808029,60.000018136357
0.8126435439808029,59.99992147390041
0.8126435439808029,59.99990679112284
0.8126435439808029,60.00002969070718
0.8126435439808029,60.00001943035919
0.8126435439808029,60.00005426509718
0.8126435439808029,59.999918031267
0.8126435439808029,59.999924866994
0.8126435439808029,60.00009042135605
0.8126435439808029,59.999989229875894
0.8126435439808029,60.0000384105863
0.8126435439808029,59.99996589877401
0.8126435439808029,60.00003297647933
0.8126435439808029,59.99998642408123
0.8126435439808029,59.9997633497256
0.8126435439808029,60.00001028191858
0.8126435439808029,59.999988707991584
0.8126435439808029,60.00004563128404
0.8126435439808029,59.999995477202084
0.8126435439808029,60.000025570169015
0.8126435439808029,59.99998525967417
0.8126435439808029,59.99976075994761
0.8126435439808029,59.999942867333765
0.8126435439808029,59.99995291946724
0.8126435439808029,60.0000109863625
0.8126435439808029,59.99981846775866
0.8126435439808029,59.99993147509486
0.8126435439808029,59.9999190021903
0.8126435439808029,60.00000055352363
0.8126435439808029,59.99998425645895
0.8126435439808029,59.99999545358775
0.8126435439808029,60.0000177020643
0.8126435439808029,60.000007140252045
0.8126435439808029,59.999814672518035
0.8126435439808029,60.00006632157909
0.8126435439808029,59.999860854667375
0.8126435439808029,59.999987288637044
0.8126435439808029,59.999870898386796
0.8126435439808029,59.99986031335543
0.8126435439808029,59.99983312449533
0.8126435439808029,59.999995676375896
0.8126435439808029,60.00001273506019
0.8126435439808029,60.00002235614759
0.8126435439808029,60.000025760769546
0.8126435439808029,59.999966536964074
0.8126435439808029,60.00001024950524
0.8126435439808029,60.000000139951545
0.8126435439808029,60.000012138268495
0.8126435439808029,59.99993972411851
0.8126435439808029,60.00001119650858
0.8126435439808029,60.00002686965116
0.8126435439808029,60.00004932340795
0.8126435439808029,60.00001179182284
0.8126435439808029,60.00002354566476
0.8126435439808029,60.00002028788973
0.8126435439808029,59.999947439944194
0.8126435439808029,60.00003716215481
0.8126435439808029,60.000010975430875
0.8126435439808029,60.00001518806859
0.8126435439808029,59.999963970624904
0.8126435439808029,60.00001333715393
0.8126435439808029,60.00004054571522
0.8126435439808029,59.999915640528755
0.8126435439808029,60.00002324351553
0.8126435439808029,60.00002423167193
0.8126435439808029,59.99996245567104
0.8126435439808029,59.99999689719843
0.8126435439808029,60.00008676355486
0.8126435439808029,60.00008190182015
0.8126435439808029,59.99999025615298
0.8126435439808029,60.00003217964406
0.8126435439808029,59.999953466123756
0.8126435439808029,60.00006314094552
0.8126435439808029,59.99992565697991
0.8126435439808029,60.000222569905695
0.8126435439808029,59.99999241139135
0.8126435439808029,60.0000061600848
0.8126435439808029,60.00000851771303
0.8126435439808029,60.000009332992
0.8126435439808029,60.000013753321284
0.8126435439808029,60.000014741460184
0.8126435439808029,59.99997575407864
0.8126435439808029,60.000100806987625
0.8126435439808029,60.000022926990304
0.8126435439808029,60.000142059028164
0.8126435439808029,60.000133449100396
0.8126435439808029,60.00011002806165
0.8126435439808029,60.0000371286368
0.8126435439808029,60.000039219328265
0.8126435439808029,60.00008961288484
0.8126435439808029,60.00003409416738
0.8126435439808029,60.00011842980691
0.8126435439808029,60.00005422890615
0.8126435439808029,60.00009117569578
0.8126435439808029,59.99998861810209
0.8126435439808029,60.00001486858062
0.8126435439808029,60.0000113336035
0.8126435439808029,60.00001013812996
0.8126435439808029,59.9999763376331
0.8126435439808029,60.00005392841092
0.8126435439808029,59.999985545332216
0.8126435439808029,60.000018449761335
0.8126435439808029,60.00011636094367
0.8126435439808029,59.99998223586601
0.8126435439808029,60.00009780302017
0.8126435439808029,60.0001366649757
0.8126435439808029,60.00014054515159
0.8126435439808029,60.00002964394562
0.8126435439808029,60.00004456202225
0.8126435439808029,60.00001322830927
0.8126435439808029,60.00009287285628
0.8126435439808029,60.000043761175384
0.8126435439808029,60.00001914786693
0.8126435439808029,60.00003430546812
0.8126435439808029,60.00008067771377
0.8126435439808029,60.000137756815775
0.8126435439808029,60.00005584894255
0.8126435439808029,60.00012731954228
0.8126435439808029,60.00000100390269
0.8126435439808029,60.00006156872948
0.8126435439808029,60.00003414743173
0.8126435439808029,59.99998144995955
0.8126435439808029,60.00003339913293
0.8126435439808029,60.00004703482088
0.8126435439808029,60.00008099945833
0.8126435439808029,60.0000160378413
0.8126435439808029,60.000123756017395
0.8126435439808029,60.00006574452743
0.8126435439808029,60.000115269067834
0.8126435439808029,60.00012538238175
0.8126435439808029,60.00011959842275
0.8126435439808029,60.000017279187276
0.8126435439808029,60.000008750549405
0.8126435439808029,60.00000020134078
0.8126435439808029,59.99999876048159
0.8126435439808029,59.9999974885769
0.8126435439808029,59.9999402023941
0.8126435439808029,60.00003063931871
0.8126435439808029,60.00001422716925
0.8126435439808029,59.999998653310286
0.8126435439808029,60.00003870897242
0.8126435439808029,59.99996790264199
0.8126435439808029,60.00000589235026
0.8126435439808029,59.9998842689748
0.8126435439808029,60.000150871394155
0.8126435439808029,59.999999177382044
0.8126435439808029,59.999992184809805
0.8126435439808029,60.00002069318437
0.8126435439808029,60.00001964862044
0.8126435439808029,60.00004013451016
0.8126435439808029,60.00002981413929
0.8126435439808029,59.999993956667225
0.8126435439808029,60.00003711108619
0.8126435439808029,59.99999898277104
0.8126435439808029,59.999993579786064
0.8126435439808029,60.000003945310844
0.8126435439808029,60.000179040226975
0.8126435439808029,60.00012771122695
0.8126435439808029,60.000025233161956
0.8126435439808029,60.000151145536265
0.8126435439808029,60.000000219224006
0.8126435439808029,60.00002646882483
0.8126435439808029,60.000025400016426
0.8126435439808029,59.99998962695221
0.8126435439808029,60.000024923392296
0.8126435439808029,60.000023954105345
0.8126435439808029,60.00000256952573
0.8126435439808029,60.00020869351754
0.8126435439808029,59.99997682235926
0.8126435439808029,60.000145309159876
0.8126435439808029,60.00002416634964
0.8126435439808029,60.00018398161877
0.8126435439808029,60.00007337655889
0.8126435439808029,60.00011530254382
0.8126435439808029,59.999958386367645
0.8126435439808029,59.99999052753807
0.8126435439808029,60.00006222384707
0.8126435439808029,60.000001707195416
0.8126435439808029,59.99994625763466
0.8126435439808029,60.00000322748287
0.8126435439808029,59.99997184706031
0.8126435439808029,59.99998761855402
0.8126435439808029,60.00002068626271
0.8126435439808029,60.00002215004284
0.8126435439808029,60.00002583667988
0.8126435439808029,60.0000055457721
0.8126435439808029,59.99999997745299
0.8126435439808029,60.00015233003641
0.8126435439808029,60.000043303060295
0.8126435439808029,60.00000304573434
0.8126435439808029,60.000069771355044
0.8126435439808029,60.00001803788844
0.8126435439808029,60.00012169675778
0.8126435439808029,60.000059045916636
0.8126435439808029,60.00010781893553
0.8126435439808029,60.00009313352091
0.8126435439808029,60.000044914454094
0.8126435439808029,60.00006218541085
0.8126435439808029,60.000052397991986
0.8126435439808029,60.00012331396009
0.8126435439808029,60.000072237037536
0.8126435439808029,59.99999646782314
0.8126435439808029,59.999993476845525
0.8126435439808029,60.00002180852951
0.8126435439808029,60.00007601503943
0.8126435439808029,59.99997482141138
0.8126435439808029,60.000006001570675
0.8126435439808029,60.00011252246684
0.8126435439808029,60.00005103361313
0.8126435439808029,60.000018193152904
0.8126435439808029,59.99999148856905
0.8126435439808029,60.00005754044357
0.8126435439808029,60.00006343400649
0.8126435439808029,60.00006957446513
0.8126435439808029,60.00000049040548
0.8126435439808029,60.00011118354907
0.8126435439808029,60.0000654825993
0.8126435439808029,60.00006147018094
0.8126435439808029,60.000023991606824
0.8126435439808029,60.00004191294411
0.8126435439808029,60.00003721720839
0.8126435439808029,60.000034890944626
0.8126435439808029,60.000056748434105
0.8126435439808029,60.00002190610172
0.8126435439808029,60.00002648405427
0.8126435439808029,59.999974099656
0.8126435439808029,60.00000925287932
0.8126435439808029,60.0000191290498
0.8126435439808029,59.999958729513885
0.8126435439808029,59.99996907100926
0.8126435439808029,60.00014979789227
0.8126435439808029,60.00028901246512
0.8126435439808029,60.000100791051445
0.8126435439808029,60.00018140573527
0.8126435439808029,60.0001010544354
0.8126435439808029,60.000029593916075
0.8126435439808029,59.99997953510096
0.8126435439808029,60.00001524556038
0.8126435439808029,60.00004758606129
0.8126435439808029,60.00002468190962
0.8126435439808029,60.000017292353576
0.8126435439808029,59.999983156310684
0.8126435439808029,60.000016000262185
0.8126435439808029,59.999965532358
0.8126435439808029,60.00000206687108
0.8126435439808029,60.00015718312405
0.8126435439808029,60.00003343965608
0.8126435439808029,60.0000090085155
0.8126435439808029,59.99995822721606
0.8126435439808029,60.00011050174858
0.8126435439808029,59.99997815005438
0.8126435439808029,60.00005643803184
0.8126435439808029,60.00000729475021
0.8126435439808029,60.00001901831261
0.8126435439808029,59.99994284940167
0.8126435439808029,60.00003398850438
0.8126435439808029,60.00003338710548
0.8126435439808029,60.0000348028884
0.8126435439808029,60.00007157085878
0.8126435439808029,60.00002636883346
0.8126435439808029,59.99996090138496
0.8126435439808029,60.00007388345782
0.8126435439808029,60.000025656440975
0.8126435439808029,60.00007256109155
0.8126435439808029,60.00003298844291
0.8126435439808029,60.000030927955684
0.8126435439808029,60.00004683444049
0.8126435439808029,59.999994931479755
0.8126435439808029,59.999984646819485
0.8126435439808029,59.99999666830309
0.8126435439808029,60.00000237355319
0.8126435439808029,60.00000641341496
0.8126435439808029,60.000003533548835
0.8126435439808029,59.99998578870695
0.8126435439808029,59.99999381187171
0.8126435439808029,60.00002253703137
0.8126435439808029,60.000011639734105
0.8126435439808029,60.00000779528264
0.8126435439808029,59.99998004491925
0.8126435439808029,59.999930120976465
0.8126435439808029,60.00002992215424
0.8126435439808029,59.999987489978395
0.8126435439808029,59.999989975992634
0.8126435439808029,59.99995954196889
0.8126435439808029,59.999946742060786
0.8126435439808029,59.999911079634664
0.8126435439808029,59.99998988108426
0.8126435439808029,60.00002484398236
0.8126435439808029,59.99999713701783
0.8126435439808029,59.99996650980859
0.8126435439808029,60.00002257433762
0.8126435439808029,59.99998649636664
0.8126435439808029,60.000039145585774
0.8126435439808029,60.00000776551498
0.8126435439808029,59.99999227320407
0.8126435439808029,59.99992979658046
0.8126435439808029,59.999984635073794
0.8126435439808029,60.000026724189674
0.8126435439808029,59.99999441221445
0.8126435439808029,59.999987655974905
0.8126435439808029,60.000018912834285
0.8126435439808029,59.9999834512963
0.8126435439808029,59.99998772549137
0.8126435439808029,60.00000666762171
0.8126435439808029,59.999979710241405
0.8126435439808029,59.999940645403456
0.8126435439808029,59.9999921630317
0.8126435439808029,59.99996283109032
0.8126435439808029,60.000052222069506
0.8126435439808029,59.999949726890556
0.8126435439808029,59.99993114287096
0.8126435439808029,59.999974479700796
0.8126435439808029,59.999968330193354
0.8126435439808029,59.99988318086429
0.8126435439808029,60.00012098501803
0.8126435439808029,60.00004395000769
0.8126435439808029,59.9999693464949
0.8126435439808029,59.99994869267138
0.8126435439808029,60.00001402152759
0.8126435439808029,60.000014461819944
0.8126435439808029,60.00000170749614
0.8126435439808029,59.9999770127341
0.8126435439808029,59.999959686550326
0.8126435439808029,60.00011058832613
0.8126435439808029,60.00008765476357
0.8126435439808029,59.99996310654588
0.8126435439808029,59.99996145345736
0.8126435439808029,59.99997259022895
0.8126435439808029,60.000197317823776
0.8126435439808029,60.0001239543711
0.8126435439808029,59.999963384384
0.8126435439808029,60.00002047359855
0.8126435439808029,60.000016937215364
0.8126435439808029,59.99997170456474
0.8126435439808029,59.99998378560926
0.8126435439808029,60.00002512978914
0.8126435439808029,59.9999818658046
0.8126435439808029,60.00002334386189
0.8126435439808029,60.00002396064079
0.8126435439808029,60.000018228913426
0.8126435439808029,60.00000223242523
0.8126435439808029,60.000038571262344
0.8126435439808029,59.99999849789884
0.8126435439808029,60.00017809356873
0.8126435439808029,60.00014714564121
0.8126435439808029,60.00000489292747
0.8126435439808029,60.000184072995275
0.8126435439808029,59.99999795710693
0.8126435439808029,59.99988021055271
0.8126435439808029,59.999945960568446
0.8126435439808029,59.99988214060932
0.8126435439808029,60.00001393444581
0.8126435439808029,60.00001919236462
0.8126435439808029,60.00000678316335
0.8126435439808029,59.99999702642807
0.8126435439808029,59.999981513007874
0.8126435439808029,60.000028256101885
0.8126435439808029,60.00009357925842
0.8126435439808029,59.99997381518614
0.8126435439808029,60.00013299850031
0.8126435439808029,59.99996020870584
0.8126435439808029,59.99993322180852
0.8126435439808029,60.00008702375279
0.8126435439808029,60.00005780261004
0.8126435439808029,60.00017139109402
0.8126435439808029,59.99995510975633
0.8126435439808029,60.00006351043257
0.8126435439808029,60.0000316192093
0.8126435439808029,59.99998165018156
0.8126435439808029,60.000009679840076
0.8126435439808029,60.0000154746415
0.8126435439808029,60.00000693928122
0.8126435439808029,60.000019450398334
0.8126435439808029,60.00000177270714
0.8126435439808029,59.99998488073175
0.8126435439808029,59.999951425901536
0.8126435439808029,60.000026797624045
0.8126435439808029,59.99996162061958
0.8126435439808029,59.99991915923394
0.8126435439808029,59.9999466417119
0.8126435439808029,59.999951284566855
0.8126435439808029,59.99999716111429
0.8126435439808029,59.999951314362704
0.8126435439808029,60.0000099708955
0.8126435439808029,59.99999810375526
0.8126435439808029,60.00004010816813
0.8126435439808029,59.99998015292879
0.8126435439808029,60.00001586582082
0.8126435439808029,59.99999490783831
0.8126435439808029,60.00000946072333
0.8126435439808029,59.999934172274415
0.8126435439808029,59.9999751692113
0.8126435439808029,60.00001530072391
0.8126435439808029,59.99995593070796
0.8126435439808029,59.999941818948095
0.8126435439808029,59.9999552589436
0.8126435439808029,59.999974771417385
0.8126435439808029,60.00000807983628
0.8126435439808029,60.00002064697993
0.8126435439808029,60.00001444872497
0.8126435439808029,60.00000817705904
0.8126435439808029,59.999996688239534
0.8126435439808029,60.00001329140179
0.8126435439808029,59.999973261366605
0.8126435439808029,59.99998350922924
0.8126435439808029,60.00001349558712
0.8126435439808029,60.00000471246381
0.8126435439808029,59.99999300050087
0.8126435439808029,59.999975569403325
0.8126435439808029,59.99999175117153
0.8126435439808029,59.99999949532692
0.8126435439808029,60.00001066167937
0.8126435439808029,59.9999717527869
0.8126435439808029,59.99999385717842
0.8126435439808029,59.99999138967347
0.8126435439808029,59.999993158035764
0.8126435439808029,59.99995957776511
0.8126435439808029,60.00000332757084
0.8126435439808029,59.9999849833098
0.8126435439808029,59.99995389223577
0.8126435439808029,59.99990669484762
0.8126435439808029,60.00012898468582
0.8126435439808029,60.00010017371908
0.8126435439808029,59.999976924035764
0.8126435439808029,59.99996897227227
0.8126435439808029,59.999974420133874
0.8126435439808029,59.999965492814006
0.8126435439808029,59.99999150441709
0.8126435439808029,59.99998988134181
0.8126435439808029,59.99998962270368
0.8126435439808029,60.000108305796445
0.8126435439808029,60.00008447997076
0.8126435439808029,59.99999764101249
0.8126435439808029,59.99998472608987
0.8126435439808029,59.99995965805803
0.8126435439808029,60.00008929854876
0.8126435439808029,59.999951392276806
0.8126435439808029,59.99990807014877
0.8126435439808029,60.0001088694001
0.8126435439808029,60.00008342199851
0.8126435439808029,59.99997082900296
0.8126435439808029,60.00000033140703
0.8126435439808029,60.00002680743485
0.8126435439808029,60.00000130022729
0.8126435439808029,60.00009222743006
0.8126435439808029,60.00002121998655
0.8126435439808029,60.000012407046455
0.8126435439808029,59.99996873138764
0.8126435439808029,60.0000640972968
0.8126435439808029,60.00011136720172
0.8126435439808029,60.00009136233514
0.8126435439808029,60.000104397157685
0.8126435439808029,59.99999862684259
0.8126435439808029,60.00005561658524
0.8126435439808029,60.00012243220136
0.8126435439808029,59.99997921209204
0.8126435439808029,60.00002041446547
0.8126435439808029,60.00000056844359
0.8126435439808029,60.0000002939909
0.8126435439808029,60.000007853092136
0.8126435439808029,59.99998350672409
0.8126435439808029,60.000005136089705
0.8126435439808029,59.99999597128347
0.8126435439808029,60.00010405884603
0.8126435439808029,60.000044134578765
0.8126435439808029,60.00007415912202
0.8126435439808029,60.00006474340547
0.8126435439808029,60.0000782788419
0.8126435439808029,60.000016700859824
0.8126435439808029,60.000105129724396
0.8126435439808029,60.00004420853185
0.8126435439808029,60.00005635687869
0.8126435439808029,60.00009477062348
0.8126435439808029,60.00003865942316
0.8126435439808029,59.99999986041958
0.8126435439808029,60.00000124857931
0.8126435439808029,60.00001740691512
0.8126435439808029,60.00002345720025
0.8126435439808029,60.00001676575476
0.8126435439808029,60.00002655760748
0.8126435439808029,60.000080575469305
0.8126435439808029,60.00004834170139
0.8126435439808029,60.00005960309001
0.8126435439808029,60.00003093034262
0.8126435439808029,60.00000566893527
0.8126435439808029,59.99997624275071
0.8126435439808029,59.9999999738751
0.8126435439808029,60.000051237341445
0.8126435439808029,60.00002616764057
0.8126435439808029,60.000016704343025
0.8126435439808029,60.00001856545677
0.8126435439808029,60.00008794466791
0.8126435439808029,59.99998901288714
0.8126435439808029,60.000017139648996
0.8126435439808029,60.00004817457771
0.8126435439808029,59.99993111332743
0.8126435439808029,59.99991913890184
0.8126435439808029,59.99997536648202
0.8126435439808029,59.99984243202811
0.8126435439808029,59.9998102332236
0.8126435439808029,59.99979156251349
0.8126435439808029,59.99999741130743
0.8126435439808029,59.99998059250396
0.8126435439808029,59.99999913437494
0.8126435439808029,59.99998482991075
0.8126435439808029,60.00000109481368
0.8126435439808029,59.999952680277495
0.8126435439808029,60.00000325279255
0.8126435439808029,60.00002736676367
0.8126435439808029,60.00000847659345
0.8126435439808029,60.000016021798494
0.8126435439808029,60.00000680975467
0.8126435439808029,59.999959994860866
0.8126435439808029,60.00000286802554
0.8126435439808029,59.99986300829407
0.8126435439808029,59.99999649073376
0.8126435439808029,59.999917374463834
0.8126435439808029,59.999951028387386
0.8126435439808029,59.99979042939947
0.8126435439808029,59.99997788519402
0.8126435439808029,60.00000683284123
0.8126435439808029,60.00000754583361
0.8126435439808029,59.99999170070792
0.8126435439808029,60.000030713916864
0.8126435439808029,59.99999659316525
0.8126435439808029,59.9999887738747
0.8126435439808029,60.000003196548754
0.8126435439808029,59.999993783530876
0.8126435439808029,59.99991558620718
0.8126435439808029,59.99986354185826
0.8126435439808029,59.99989002919503
0.8126435439808029,59.99980763967608
0.8126435439808029,60.00001061308703
0.8126435439808029,59.99983087609687
0.8126435439808029,60.000024044560845
0.8126435439808029,59.99999609216955
0.8126435439808029,59.99998627754999
0.8126435439808029,59.9999629665236
0.8126435439808029,60.00000021357904
0.8126435439808029,60.00003042754365
0.8126435439808029,60.00002671867495
0.8126435439808029,60.000013870315804
0.8126435439808029,60.00002267475558
0.8126435439808029,59.99998263353403
0.8126435439808029,59.999959876888
0.8126435439808029,59.999988564316915
0.8126435439808029,59.999990812227054
0.8126435439808029,59.99999813219719
0.8126435439808029,60.00001263566683
0.8126435439808029,60.00002514618903
0.8126435439808029,59.99997671532845
0.8126435439808029,59.999984696371335
0.8126435439808029,60.000012872329144
0.8126435439808029,59.99988759324274
0.8126435439808029,59.99989364341751
0.8126435439808029,59.999851861820815
0.8126435439808029,59.9999942461389
0.8126435439808029,59.99996386915979
0.8126435439808029,59.999930709039134
0.8126435439808029,59.99990778164098
0.8126435439808029,59.99997069469746
0.8126435439808029,60.00003137028067
0.8126435439808029,59.99998893971647
0.8126435439808029,60.00001372930246
0.8126435439808029,59.999889790730535
0.8126435439808029,59.999924393720114
0.8126435439808029,59.999937624046815
0.8126435439808029,59.9999900088602
0.8126435439808029,59.99999963598611
0.8126435439808029,60.00005369759671
0.8126435439808029,59.999995843953506
0.8126435439808029,60.0000169426927
0.8126435439808029,60.00001116162018
0.8126435439808029,60.00001363855427
0.8126435439808029,60.00001352365847
0.8126435439808029,60.00002443165786
0.8126435439808029,60.00002487795824
0.8126435439808029,60.00000794574758
0.8126435439808029,59.99991127561872
0.8126435439808029,60.00003025372778
0.8126435439808029,59.99993642985415
0.8126435439808029,60.00001304306584
0.8126435439808029,59.99995879274217
0.8126435439808029,59.99995771131707
0.8126435439808029,59.999920608134396
0.8126435439808029,59.999920332978746
0.8126435439808029,59.999959534166386
0.8126435439808029,59.999927791062994
0.8126435439808029,59.999995964664286
0.8126435439808029,60.00000608727379
0.8126435439808029,60.000024535386935
0.8126435439808029,59.99999523653664
0.8126435439808029,59.99997675199791
0.8126435439808029,60.00002131798103
0.8126435439808029,59.99997477801293
0.8126435439808029,59.99999268770277
0.8126435439808029,59.99992395735692
0.8126435439808029,59.99993278271063
0.8126435439808029,59.99997524706743
0.8126435439808029,59.999954680284844
0.8126435439808029,59.999924398506685
0.8126435439808029,59.999941165411144
0.8126435439808029,59.99993620329501
0.8126435439808029,59.99997632105864
0.8126435439808029,59.99990727486695
0.8126435439808029,59.99993871630923
0.8126435439808029,59.999915902660085
0.8126435439808029,59.99992507075481
0.8126435439808029,59.999995399791466
0.8126435439808029,60.000009021682054
0.8126435439808029,59.99999002658111
0.8126435439808029,60.00001472021345
0.8126435439808029,60.00001373789414
0.8126435439808029,59.99998650099402
0.8126435439808029,59.999984674237645
0.8126435439808029,60.00001192644984
0.8126435439808029,59.99996337206691
0.8126435439808029,60.00000670920721
0.8126435439808029,60.00009836610662
0.8126435439808029,59.99993408958787
0.8126435439808029,60.000109971787225
0.8126435439808029,60.00000561111295
0.8126435439808029,60.000018025602266
0.8126435439808029,59.999994004609135
0.8126435439808029,60.00002641660163
0.8126435439808029,59.99998792012326
0.8126435439808029,59.999998754743544
0.8126435439808029,59.9999901439198
0.8126435439808029,59.999999179231175
0.8126435439808029,60.0000526479886
0.8126435439808029,60.000113994825135
0.8126435439808029,60.00003182789929
0.8126435439808029,60.0000175525295
0.8126435439808029,60.0000060690513
0.8126435439808029,60.000017613349144
0.8126435439808029,60.00007725216943
0.8126435439808029,60.000093587010184
0.8126435439808029,59.99998902722363
0.8126435439808029,60.000010852972196
0.8126435439808029,59.99999142434484
0.8126435439808029,60.000013080909476
0.8126435439808029,59.999990488584224
0.8126435439808029,60.00001124784564
0.8126435439808029,60.00001516989161
0.8126435439808029,60.000013946220704
0.8126435439808029,60.00001579413448
0.8126435439808029,59.999966517353315
0.8126435439808029,60.0000181406778
0.8126435439808029,59.99998304904804
0.8126435439808029,60.00009761381185
0.8126435439808029,60.000074709547754
0.8126435439808029,60.00004178267083
0.8126435439808029,60.000041993689145
0.8126435439808029,59.99998907372771
0.8126435439808029,60.00001810430552
0.8126435439808029,59.99999404382019
0.8126435439808029,60.000003910843205
0.8126435439808029,59.99999726592898
0.8126435439808029,60.00001390868085
0.8126435439808029,60.00000972425963
0.8126435439808029,60.00002132954189
0.8126435439808029,59.99999907564929
0.8126435439808029,59.99992898851202
0.8126435439808029,60.00004871361751
0.8126435439808029,60.000088653593124
0.8126435439808029,60.00006980535564
0.8126435439808029,59.99996363737364
0.8126435439808029,59.99999699190572
0.8126435439808029,60.00003600190166
0.8126435439808029,60.00000540722546
0.8126435439808029,60.000035327282355
0.8126435439808029,59.99998879248629
0.8126435439808029,60.0000262807446
0.8126435439808029,59.999911434792374
0.8126435439808029,60.00005209342911
0.8126435439808029,60.00008597232808
0.8126435439808029,60.00012937724317
0.8126435439808029,60.000120790159116
0.8126435439808029,60.000091919677594
0.8126435439808029,59.999985869950315
0.8126435439808029,59.99998762306598
0.8126435439808029,60.00001272322792
0.8126435439808029,59.99998903720757
0.8126435439808029,60.000025833924425
0.8126435439808029,59.9999748375316
0.8126435439808029,60.00001205684176
0.8126435439808029,59.99996753325072
0.8126435439808029,60.00010481700101
0.8126435439808029,60.000143370309985
0.8126435439808029,60.0000947307857
0.8126435439808029,59.99999443596168
0.8126435439808029,59.99991814296522
0.8126435439808029,59.99990415400528
0.8126435439808029,59.99990785625408
0.8126435439808029,59.99996579995828
0.8126435439808029,60.00001293089733
0.8126435439808029,60.000028785898444
0.8126435439808029,60.00003396645254
0.8126435439808029,60.00000323115044
0.8126435439808029,60.00001111089013
0.8126435439808029,60.00001645677349
0.8126435439808029,60.00010889509302
0.8126435439808029,59.9999449604255
0.8126435439808029,59.999984150035324
0.8126435439808029,60.00008701444574
0.8126435439808029,60.000077541556315
0.8126435439808029,59.999978812296774
0.8126435439808029,60.000075489554625
0.8126435439808029,59.99999965782067
0.8126435439808029,59.99998244854164
0.8126435439808029,60.00002711301857
0.8126435439808029,59.999993984391004
0.8126435439808029,60.000022106681485
0.8126435439808029,60.00001265260328
0.8126435439808029,60.00000113314026
0.8126435439808029,60.000001057322
0.8126435439808029,60.000015341560015
0.8126435439808029,59.99992821182675
0.8126435439808029,60.00003128617513
0.8126435439808029,60.00010458125849
0.8126435439808029,59.99997408249468
0.8126435439808029,59.99992996039995
0.8126435439808029,60.00011513681463
0.8126435439808029,59.999958439083656
0.8126435439808029,60.00009282833109
0.8126435439808029,60.00001350416695
0.8126435439808029,60.000009136974654
0.8126435439808029,60.00001958210279
0.8126435439808029,60.00003775904195
0.8126435439808029,60.00001131945445
0.8126435439808029,59.99997009476638
0.8126435439808029,60.00003126709115
0.8126435439808029,59.99995125189777
0.8126435439808029,59.99994933593658
0.8126435439808029,59.99995185227936
0.8126435439808029,59.99996219592536
0.8126435439808029,59.9998941780372
0.8126435439808029,59.99996708334223
0.8126435439808029,60.00004461916177
0.8126435439808029,59.99998639643719
0.8126435439808029,59.99996892115843
0.8126435439808029,60.00003361309231
0.8126435439808029,60.00003437014711
0.8126435439808029,60.00001322342509
0.8126435439808029,59.99999873440222
0.8126435439808029,59.99999359881706
0.8126435439808029,59.99998013737597
0.8126435439808029,59.99999564221604
0.8126435439808029,60.00000024843549
0.8126435439808029,59.99998153796201
0.8126435439808029,60.00001076342211
0.8126435439808029,59.99997713220718
0.8126435439808029,60.00002848965736
0.8126435439808029,60.00004661305976
0.8126435439808029,59.99997784664665
0.8126435439808029,60.00001938404388
0.8126435439808029,60.00002037207729
0.8126435439808029,60.00001516019253
0.8126435439808029,59.999948076396294
0.8126435439808029,60.00000321798899
0.8126435439808029,59.999968325544074
0.8126435439808029,59.99999085544374
0.8126435439808029,59.99998543638592
0.8126435439808029,60.00002410066354
0.8126435439808029,60.00002610771508
0.8126435439808029,60.00005354785097
0.8126435439808029,59.999989756697246
0.8126435439808029,59.99996947663173
0.8126435439808029,59.99999441159167
0.8126435439808029,60.00003055149968
0.8126435439808029,59.99985359755522
0.8126435439808029,59.99982388201263
0.8126435439808029,59.999790617224065
0.8126435439808029,59.99997537767847
0.8126435439808029,59.99996506561073
0.8126435439808029,59.999998593387154
0.8126435439808029,59.99998590902416
0.8126435439808029,60.00000851100198
0.8126435439808029,60.00000352940133
0.8126435439808029,59.999860482153515
0.8126435439808029,59.99990209320863
0.8126435439808029,59.999997588179646
0.8126435439808029,60.00000297158098
0.8126435439808029,60.000030464373
0.8126435439808029,60.0000251569039
0.8126435439808029,59.99998661234666
0.8126435439808029,59.99990779060458
0.8126435439808029,60.00002014669252
0.8126435439808029,59.99993612725994
0.8126435439808029,59.99997568808868
0.8126435439808029,59.999922994884514
0.8126435439808029,59.99990576639367
0.8126435439808029,59.99996164267547
0.8126435439808029,60.000014185768215
0.8126435439808029,60.00001306441008
0.8126435439808029,59.99998728274024
0.8126435439808029,59.99996278195113
0.8126435439808029,59.99998831690248
0.8126435439808029,59.99992194191514
0.8126435439808029,59.999908236165055
0.8126435439808029,60.000000933630155
0.8126435439808029,59.99997688044968
0.8126435439808029,59.99991258846995
0.8126435439808029,59.99991421061957
0.8126435439808029,59.99990607278585
0.8126435439808029,60.000005761602765
0.8126435439808029,59.99999487319935
0.8126435439808029,60.00001525530169
0.8126435439808029,59.99997916156644
0.8126435439808029,59.999995045241484
0.8126435439808029,60.0000022745789
0.8126435439808029,60.000029346627976
0.8126435439808029,60.00000749064204
0.8126435439808029,60.00000089991825
0.8126435439808029,59.99999922885509
0.8126435439808029,59.99999898320513
0.8126435439808029,59.99999434675105
0.8126435439808029,59.99999446536823
0.8126435439808029,59.99997307922812
0.8126435439808029,60.00002351176361
0.8126435439808029,59.999994581845215
0.8126435439808029,59.99999367364392
0.8126435439808029,59.99999123560118
0.8126435439808029,59.99997843736491
0.8126435439808029,60.00001961674823
0.8126435439808029,60.00000487996654
0.8126435439808029,60.00002054859095
0.8126435439808029,60.000026587385264
0.8126435439808029,59.999964798534144
0.8126435439808029,59.999983810464315
0.8126435439808029,60.0000206280146
0.8126435439808029,60.00001755757004
0.8126435439808029,60.00000448206318
0.8126435439808029,60.00000334390166
0.8126435439808029,59.99999789516003
0.8126435439808029,59.999983770140744
1.2241045788568763,60.00012030542938
1.2241045788568763,59.999944694652854
1.2241045788568763,59.99997823143352
1.2241045788568763,60.000691933017706
1.2241045788568763,60.000043346619044
1.2241045788568763,59.999734545226595
1.2241045788568763,60.000495013215144
1.2241045788568763,59.99792566194514
1.2241045788568763,60.000141345638674
1.2241045788568763,60.00005553749398
1.2241045788568763,59.99874513848123
1.2241045788568763,59.999913868194945
1.2241045788568763,59.99993389960926
1.2241045788568763,59.99793709274097
1.2241045788568763,60.00866975067156
1.2241045788568763,59.99995844370338
1.2241045788568763,60.01250183341747
1.2241045788568763,59.99971834375085
1.2241045788568763,60.00029273267519
1.2241045788568763,60.00051391767387
1.2241045788568763,60.000063098519654
1.2241045788568763,60.000948311431806
1.2241045788568763,60.00026612064802
1.2241045788568763,60.000070152135194
1.2241045788568763,60.00002785049038
1.2241045788568763,60.00041280497743
1.2241045788568763,60.008823876624
1.2241045788568763,59.99825771546556
1.2241045788568763,59.99810035520254
1.2241045788568763,59.99996198151658
1.2241045788568763,59.99865971611873
1.2241045788568763,59.999878714645526
1.2241045788568763,60.00904050228535
1.2241045788568763,60.000382405425114
1.2241045788568763,60.000044357667996
1.2241045788568763,60.00020170473217
1.2241045788568763,59.999983500225
1.2241045788568763,60.00021909601922
1.2241045788568763,59.999150796904225
1.2241045788568763,59.99595469402118
1.2241045788568763,60.000791450144284
1.2241045788568763,59.99671866855853
1.2241045788568763,59.999995968196934
1.2241045788568763,60.00006991728917
1.2241045788568763,60.00062753961642
1.2241045788568763,60.000139043757855
1.2241045788568763,60.00027748099593
1.2241045788568763,59.99999068628626
1.2241045788568763,60.00032483480654
1.2241045788568763,59.999700145813634
1.2241045788568763,60.01841144220293
1.2241045788568763,60.00078982199285
1.2241045788568763,59.99939847969973
1.2241045788568763,59.999952329720465
1.2241045788568763,59.9983985449237
1.2241045788568763,59.999975775345
1.2241045788568763,60.01131431103244
1.2241045788568763,59.99557511318896
1.2241045788568763,59.99987930617383
1.2241045788568763,60.00019567152177
1.2241045788568763,60.000229324440724
1.2241045788568763,59.99955553062865
1.2241045788568763,60.00007261436002
1.2241045788568763,60.00015810750739
1.2241045788568763,59.99916951463452
1.2241045788568763,60.000927795523864
1.2241045788568763,60.00149038729941
1.2241045788568763,60.01031110978795
1.2241045788568763,60.01764497906262
1.2241045788568763,59.99960993991435
1.2241045788568763,59.99835239735346
1.2241045788568763,59.99719193314283
1.2241045788568763,60.000360404931776
1.2241045788568763,59.99950736780706
1.2241045788568763,59.99965132689975
1.2241045788568763,60.00006888214581
1.2241045788568763,59.999192208889134
1.2241045788568763,60.00001033033361
1.2241045788568763,60.00008082491997
1.2241045788568763,60.02311650410058
1.2241045788568763,60.0004325308399
1.2241045788568763,59.99499580143014
1.2241045788568763,59.998175733219675
1.2241045788568763,60.00139017080891
1.2241045788568763,60.00001384791729
1.2241045788568763,60.02265685368757
1.2241045788568763,59.99835460483527
1.2241045788568763,60.01286472681575
1.2241045788568763,59.999841779005436
1.2241045788568763,59.99988070635807
1.2241045788568763,59.99867823749563
1.2241045788568763,60.00000400038444
1.2241045788568763,59.99994235487811
1.2241045788568763,59.999650841554455
1.2241045788568763,60.00000571581016
1.2241045788568763,59.99806416899333
1.2241045788568763,60.000932711435
1.2241045788568763,59.99918012375177
1.2241045788568763,59.99288325419085
1.2241045788568763,60.01102914042326
1.2241045788568763,59.99787137234508
1.2241045788568763,60.011943929808005
1.2241045788568763,60.00015187463955
1.2241045788568763,60.016907312506156
1.2241045788568763,59.99987442213283
1.2241045788568763,59.99773734841464
1.2241045788568763,59.99990650470382
1.2241045788568763,60.012213430842614
1.2241045788568763,59.99956871682435
1.2241045788568763,59.999504023575305
1.2241045788568763,60.01387398881542
1.2241045788568763,59.9920323299851
1.2241045788568763,59.998214547230205
1.2241045788568763,59.999585475359076
1.2241045788568763,60.00002596562209
1.2241045788568763,60.00004341659529
1.2241045788568763,60.011225672566134
1.2241045788568763,59.99490211755377
1.2241045788568763,60.000039739246596
1.2241045788568763,59.997440282774285
1.2241045788568763,59.99918961574618
1.2241045788568763,60.01155928309027
1.2241045788568763,59.99959890853941
1.2241045788568763,60.000184332768406
1.2241045788568763,59.999962618555635
1.2241045788568763,60.00008636596344
1.2241045788568763,60.00028659624175
1.2241045788568763,59.99995558075798
1.2241045788568763,60.000169322004226
1.2241045788568763,60.00004584609702
1.2241045788568763,60.00105926877576
1.2241045788568763,59.99996491886143
1.2241045788568763,60.0103786179095
1.2241045788568763,59.99955343441324
1.2241045788568763,60.00275885930083
1.2241045788568763,60.01296308279146
1.2241045788568763,59.99833606777136
1.2241045788568763,60.00073069587052
1.2241045788568763,59.997602892848576
1.2241045788568763,59.99438834516405
1.2241045788568763,59.99969586424891
1.2241045788568763,59.99959207583163
1.2241045788568763,60.000482509330126
1.2241045788568763,59.99988252688333
1.2241045788568763,59.99996664158111
1.2241045788568763,59.99769820085989
1.2241045788568763,59.99857554543461
1.2241045788568763,60.029606741489026
1.2241045788568763,60.00018421273678
1.2241045788568763,59.99991433329789
1.2241045788568763,60.014451856424806
1.2241045788568763,59.99477555632581
1.2241045788568763,60.0005046671056
1.2241045788568763,59.99495318273721
1.2241045788568763,60.012845591142614
1.2241045788568763,59.9979821836566
1.2241045788568763,59.99891677310149
1.2241045788568763,60.00138157879841
1.2241045788568763,60.00046408849093
1.2241045788568763,60.00075542578826
1.2241045788568763,59.995251106347936
1.2241045788568763,59.997267980747274
1.2241045788568763,60.00071814547508
1.2241045788568763,59.999607555338414
1.2241045788568763,59.999796412070765
1.2241045788568763,59.99957208773039
1.2241045788568763,60.00002027045746
1.2241045788568763,59.99866108346229
1.2241045788568763,59.995554649191234
1.2241045788568763,60.00059226325286
1.2241045788568763,60.00007589300199
1.2241045788568763,59.99835571872312
1.2241045788568763,60.00009602461166
1.2241045788568763,59.9972123117613
1.2241045788568763,60.02289752944517
1.2241045788568763,60.012635039930444
1.2241045788568763,60.031232846513596
1.2241045788568763,60.000353143669265
1.2241045788568763,59.99944513792585
1.2241045788568763,60.00018799352028
1.2241045788568763,59.99907191358044
1.2241045788568763,59.99772522531915
1.2241045788568763,59.99949807574841
1.2241045788568763,60.01278616142961
1.2241045788568763,60.00067166010571
1.2241045788568763,60.01379947917577
1.2241045788568763,60.00101680094945
1.2241045788568763,59.99982918675608
1.2241045788568763,60.01103795359001
1.2241045788568763,60.000612399115575
1.2241045788568763,59.99994275860506
1.2241045788568763,60.01257551953404
1.2241045788568763,59.99103231995572
1.2241045788568763,60.013464541340795
1.2241045788568763,59.99922539128995
1.2241045788568763,59.9985569908827
1.2241045788568763,60.01011154808534
1.2241045788568763,60.00033555074836
1.2241045788568763,59.997125322169396
1.2241045788568763,60.0202168461672
1.2241045788568763,60.00042374612803
1.2241045788568763,60.00952904999132
1.2241045788568763,59.99975867214225
1.2241045788568763,60.003887253920155
1.2241045788568763,59.99761138921907
1.2241045788568763,60.01179253518877
1.2241045788568763,60.000902097236875
1.2241045788568763,59.99957864691127
1.2241045788568763,59.997829674203686
1.2241045788568763,59.99885757452459
1.2241045788568763,60.002798214738476
1.2241045788568763,60.00035118455467
1.2241045788568763,60.00181764619828
1.2241045788568763,60.03905926361505
1.2241045788568763,59.99496100849792
1.2241045788568763,60.01052533789274
1.2241045788568763,59.999845230234826
1.2241045788568763,59.997747070463184
1.2241045788568763,59.99851459890403
1.2241045788568763,60.00062757425406
1.2241045788568763,59.99974840806075
1.2241045788568763,59.999677447795264
1.2241045788568763,60.01705080192264
1.2241045788568763,60.00066195652684
1.2241045788568763,60.00131516851704
1.2241045788568763,59.999246488386625
1.2241045788568763,60.03260549927485
1.2241045788568763,60.01514890327965
1.2241045788568763,60.00044344399704
1.2241045788568763,59.99860971273927
1.2241045788568763,59.9988440309722
1.2241045788568763,59.99807326127566
1.2241045788568763,60.00444623038023
1.2241045788568763,59.998689130133506
1.2241045788568763,59.998379359561724
1.2241045788568763,60.001777446630214
1.2241045788568763,59.999789512628695
1.2241045788568763,59.999882881657534
1.2241045788568763,59.99610559765937
1.2241045788568763,60.00030558220271
1.2241045788568763,59.998728214301835
1.2241045788568763,60.01111494194908
1.2241045788568763,60.01161879534319
1.2241045788568763,60.000268443858516
1.2241045788568763,60.00285680068803
1.2241045788568763,59.9998845664641
1.2241045788568763,59.996683918998656
1.2241045788568763,59.99716835423081
1.2241045788568763,60.0005961143982
1.2241045788568763,59.999054157672774
1.2241045788568763,60.000244830925865
1.2241045788568763,60.01213539756514
1.2241045788568763,59.99988493590013
1.2241045788568763,59.99712671166698
1.2241045788568763,59.996350584431404
1.2241045788568763,60.013668041443566
1.2241045788568763,59.999208955665075
1.2241045788568763,59.99773783398029
1.2241045788568763,60.01250114629573
1.2241045788568763,59.99685336204759
1.2241045788568763,59.99835245192734
1.2241045788568763,60.00193800866964
1.2241045788568763,60.00961274837973
1.2241045788568763,59.83300452807122
1.2241045788568763,59.99760409258362
1.2241045788568763,59.99944191465855
1.2241045788568763,59.99902082510862
1.2241045788568763,59.99863799107993
1.2241045788568763,60.00112004436965
1.2241045788568763,59.998657322827796
1.2241045788568763,60.00161710714881
1.2241045788568763,59.99939362777061
1.2241045788568763,60.02326409421615
1.2241045788568763,59.99823174879789
1.2241045788568763,59.9982108420544
1.2241045788568763,60.01463307017885
1.2241045788568763,59.9996389094906
1.2241045788568763,59.99654398221185
1.2241045788568763,59.884031134560026
1.2241045788568763,59.96403480065505
1.2241045788568763,60.0107013656063
1.2241045788568763,60.00013855942627
1.2241045788568763,60.00114335022131
1.2241045788568763,59.996519658811195
1.2241045788568763,60.00025746757073
1.2241045788568763,59.99847894472903
1.2241045788568763,60.000057841803475
1.2241045788568763,60.000028898829044
1.2241045788568763,59.99847674987329
1.2241045788568763,60.00003329198908
1.2241045788568763,59.947223511210794
1.2241045788568763,59.99869174675227
1.2241045788568763,60.00718188388593
1.2241045788568763,59.99962368497309
1.2241045788568763,60.00003604554323
1.2241045788568763,60.000182184376065
1.2241045788568763,60.00005229878579
1.2241045788568763,59.994043000929565
1.2241045788568763,60.00627321410764
1.2241045788568763,60.01302741841854
1.2241045788568763,59.99792709636919
1.2241045788568763,59.99875984639134
1.2241045788568763,60.01353412676899
1.2241045788568763,59.99779509886773
1.2241045788568763,60.01690717877417
1.2241045788568763,60.005155369521475
1.2241045788568763,60.020211027520354
1.2241045788568763,59.765598203928704
1.2241045788568763,60.00194466705647
1.2241045788568763,61.209687538562775
1.2241045788568763,59.79842057940414
1.2241045788568763,60.00024309831742
1.2241045788568763,59.998874333081666
1.2241045788568763,59.99984116522467
1.2241045788568763,59.99749790418065
1.2241045788568763,59.999888152500425
1.2241045788568763,59.999509755092305
1.2241045788568763,60.000481314665976
1.2241045788568763,60.03481376926639
1.2241045788568763,59.99979449084406
1.2241045788568763,59.999155204833954
1.2241045788568763,59.99846559071861
1.2241045788568763,60.00106150485207
1.2241045788568763,60.00006143243993
1.2241045788568763,59.99847488347014
1.2241045788568763,59.99326895112239
1.2241045788568763,59.98224028954042
1.2241045788568763,59.95584406513931
1.2241045788568763,61.50109797163103
1.2241045788568763,59.999949256045426
1.2241045788568763,60.01019400542174
1.2241045788568763,60.000909565239894
1.2241045788568763,59.999948581823766
1.2241045788568763,59.9998151415673
1.2241045788568763,59.99945155714981
1.2241045788568763,59.99844820161072
1.2241045788568763,60.009596436827636
1.2241045788568763,60.02418670113099
1.2241045788568763,60.00012373154765
1.2241045788568763,60.00016008951675
1.2241045788568763,59.99879033342344
1.2241045788568763,60.01059694848477
1.2241045788568763,59.99835227639877
1.2241045788568763,60.034761267043436
1.2241045788568763,60.000317793648755
1.2241045788568763,60.00679107926819
1.2241045788568763,59.9992877645835
1.2241045788568763,59.9967521617414
1.2241045788568763,60.001142713116614
1.2241045788568763,59.99733122312284
1.2241045788568763,60.001549724497046
1.2241045788568763,59.99977925574059
1.2241045788568763,60.02649681145498
1.2241045788568763,60.02124190286219
1.2241045788568763,59.824052570753494
1.2241045788568763,59.994730447328536
1.2241045788568763,60.128438947524714
1.2241045788568763,59.89979084608039
1.2241045788568763,59.99981676587063
1.2241045788568763,59.9988294031243
1.2241045788568763,60.018061822553136
1.2241045788568763,59.998533650272826
1.2241045788568763,59.99996999180973
1.2241045788568763,60.00037428687325
1.2241045788568763,60.00011001147194
1.2241045788568763,59.99960823888522
1.2241045788568763,59.989454486285034
1.2241045788568763,59.90781220987446
1.2241045788568763,59.9401194145125
1.2241045788568763,62.53238784210394
1.2241045788568763,59.99738047264671
1.2241045788568763,59.99647132844269
1.2241045788568763,60.01700581040133
1.2241045788568763,59.976916431469924
1.2241045788568763,60.00028898656758
1.2241045788568763,59.999984610537986
1.2241045788568763,59.99879841069636
1.2241045788568763,59.99922841078624
1.2241045788568763,60.0000840772656
1.2241045788568763,59.99415005070869
1.2241045788568763,59.968877068146895
1.2241045788568763,59.95821631716502
1.2241045788568763,59.84997751278717
1.2241045788568763,60.000408253465146
1.2241045788568763,60.000034621937935
1.2241045788568763,59.999982099040224
1.2241045788568763,59.99864768667955
1.2241045788568763,59.99722858948779
1.2241045788568763,59.99877422460797
1.2241045788568763,59.99924484788373
1.2241045788568763,59.99768522895057
1.2241045788568763,60.01106925282572
1.2241045788568763,59.99832500641368
1.2241045788568763,59.998074197860134
1.2241045788568763,60.000678347357535
1.2241045788568763,60.00589321282975
1.2241045788568763,59.89652602556667
1.2241045788568763,59.99342891044711
1.2241045788568763,60.00735143228975
1.2241045788568763,59.878713141653265
1.2241045788568763,61.49434636585425
1.2241045788568763,60.00275737350694
1.2241045788568763,60.01994624355412
1.2241045788568763,60.00003402027664
1.2241045788568763,59.99994920951579
1.2241045788568763,59.999242890569015
1.2241045788568763,60.03225363734686
1.2241045788568763,59.9999837795107
1.2241045788568763,59.9975037576763
1.2241045788568763,60.045559875390985
1.2241045788568763,59.79248941968587
1.2241045788568763,59.945705420058715
1.2241045788568763,60.021963360904444
1.2241045788568763,60.0000246114429
1.2241045788568763,60.000078948374316
1.2241045788568763,59.99928910495817
1.2241045788568763,59.99906106019746
1.2241045788568763,60.00031133651756
1.2241045788568763,60.02346738649088
1.2241045788568763,59.95222047316116
1.2241045788568763,61.638444378166895
1.2241045788568763,61.332808963152765
1.2241045788568763,60.03469595849991
1.2241045788568763,60.01119920895466
1.2241045788568763,59.999993383426215
1.2241045788568763,59.9999298988382
1.2241045788568763,60.000007372339745
1.2241045788568763,60.003858395588715
1.2241045788568763,60.00069745486738
1.2241045788568763,59.999770866326685
1.2241045788568763,60.0130713463938
1.2241045788568763,59.998820986957
1.2241045788568763,60.01602737609768
1.2241045788568763,60.015287452554986
1.2241045788568763,59.99963876034883
1.2241045788568763,60.003825877946404
1.2241045788568763,59.86644190066739
1.2241045788568763,60.00490101393921
1.2241045788568763,59.978306992584294
1.2241045788568763,60.21441137819032
1.2241045788568763,60.030041385667836
1.2241045788568763,59.8370882163478
1.2241045788568763,59.772278264331696
1.2241045788568763,60.00001632565189
1.2241045788568763,59.99990948018209
1.2241045788568763,60.01790930175884
1.2241045788568763,59.999177205111366
1.2241045788568763,60.00055473364553
1.2241045788568763,59.99959904829124
1.2241045788568763,59.99860749324719
1.2241045788568763,60.000679152403386
1.2241045788568763,60.0003802654339
1.2241045788568763,59.87606565956071
1.2241045788568763,59.976927149985165
1.2241045788568763,59.70858841905632
1.2241045788568763,59.910581548410015
1.2241045788568763,59.99993763585683
1.2241045788568763,59.99994057768801
1.2241045788568763,59.999933986667685
1.2241045788568763,59.99999668323063
1.2241045788568763,60.00507508784768
1.2241045788568763,60.01772022410579
1.2241045788568763,62.583223558571824
1.2241045788568763,59.888633338647985
1.2241045788568763,59.68758465112089
1.2241045788568763,59.92720688091622
1.2241045788568763,61.40395304842899
1.2241045788568763,59.539938951028724
1.2241045788568763,60.00003728875405
1.2241045788568763,59.99998700153622
1.2241045788568763,59.99995204611262
1.2241045788568763,60.000946304631505
1.2241045788568763,60.01330195880569
1.2241045788568763,59.99906400857037
1.2241045788568763,59.99900676248812
1.2241045788568763,59.999735170825815
1.2241045788568763,60.00036462166607
1.2241045788568763,60.000356664241124
1.2241045788568763,59.99803424597927
1.2241045788568763,59.99794384057986
1.2241045788568763,60.000023721372784
1.2241045788568763,59.98560548117035
1.2241045788568763,60.00830913423508
1.2241045788568763,59.966361860536175
1.2241045788568763,61.10185278478177
1.2241045788568763,59.39372480583585
1.2241045788568763,59.99233915157665
1.2241045788568763,60.247829295523765
1.2241045788568763,59.99993743074187
1.2241045788568763,60.000124738443866
1.2241045788568763,59.99538527975626
1.2241045788568763,59.8509671858446
1.2241045788568763,59.968089419347
1.2241045788568763,61.139257552973206
1.2241045788568763,61.575857422350445
1.2241045788568763,59.608604538963576
1.2241045788568763,59.81656490928186
1.2241045788568763,59.99998358984111
1.2241045788568763,60.00001943824277
1.2241045788568763,60.000166351274515
1.2241045788568763,60.00002658401213
1.2241045788568763,59.99998335718718
1.2241045788568763,60.00021224321455
1.2241045788568763,59.97177430742334
1.2241045788568763,59.9965864124954
1.2241045788568763,62.93421222425646
1.2241045788568763,61.2955905451176
1.2241045788568763,60.0241766674001
1.2241045788568763,59.85793237072274
1.2241045788568763,60.000192923147424
1.2241045788568763,59.99991317921246
1.2241045788568763,60.000022112143576
1.2241045788568763,59.99853704668135
1.2241045788568763,60.00049658906916
1.2241045788568763,59.99974640169863
1.2241045788568763,60.000128266614354
1.2241045788568763,59.999989410213594
1.2241045788568763,60.000048858666226
1.2241045788568763,60.0000357356297
1.2241045788568763,59.99678180459266
1.2241045788568763,60.01294187427468
1.2241045788568763,60.050443585425946
1.2241045788568763,59.96768102329437
1.2241045788568763,59.56466631795292
1.2241045788568763,62.48687425638093
1.2241045788568763,59.60206707537299
1.2241045788568763,59.66045229002217
1.2241045788568763,59.433871685328036
1.2241045788568763,60.01727092771968
1.2241045788568763,59.93511186402107
1.2241045788568763,59.9999688047968
1.2241045788568763,59.99998277063622
1.2241045788568763,59.99984504537588
1.2241045788568763,60.00014736232453
1.2241045788568763,59.34652225645335
1.2241045788568763,59.94793983999764
1.2241045788568763,61.250385371230486
1.2241045788568763,59.84708855942524
1.2241045788568763,59.89087738773268
1.2241045788568763,60.07959738932974
1.2241045788568763,60.0000245735352
1.2241045788568763,60.00000520696713
1.2241045788568763,60.00000926747367
1.2241045788568763,60.000019827955626
1.2241045788568763,59.99998743802185
1.2241045788568763,59.983453683362306
1.2241045788568763,62.0746410786393
1.2241045788568763,59.36633129031958
1.2241045788568763,61.25473525972854
1.2241045788568763,61.06999578403691
1.2241045788568763,59.80744896722562
1.2241045788568763,59.99997220021295
1.2241045788568763,60.000153067652
1.2241045788568763,59.99997912947719
1.2241045788568763,60.000018484464015
1.2241045788568763,59.999989598064126
1.2241045788568763,59.9999563511837
1.2241045788568763,60.00000504121296
1.2241045788568763,60.00001133327261
1.2241045788568763,60.04639682457866
1.2241045788568763,59.97336409523857
1.2241045788568763,60.023302795243964
1.2241045788568763,60.14232562823999
1.2241045788568763,59.580864442574615
1.2241045788568763,61.052692941856
1.2241045788568763,60.00645284347881
1.2241045788568763,59.999960884345136
1.2241045788568763,59.99997429161397
1.2241045788568763,60.000020291307784
1.2241045788568763,60.0001224387451
1.2241045788568763,60.00001961116016
1.2241045788568763,59.9999767047052
1.2241045788568763,60.00431528680089
1.2241045788568763,60.02115707384316
1.2241045788568763,60.002751292739376
1.2241045788568763,59.39832739069879
1.2241045788568763,59.451632046139785
1.2241045788568763,59.96425447027468
1.2241045788568763,59.50028741065143
1.2241045788568763,60.00004185973881
1.2241045788568763,59.99999595914575
1.2241045788568763,59.99999960115675
1.2241045788568763,59.99997755756731
1.2241045788568763,60.00001319338718
1.2241045788568763,59.99998445137178
1.2241045788568763,59.999966429696
1.2241045788568763,59.992883315765766
1.2241045788568763,60.00925773803534
1.2241045788568763,59.82113743591253
1.2241045788568763,63.19315064445027
1.2241045788568763,62.50216994509511
1.2241045788568763,61.309087102593836
1.2241045788568763,59.79767986457995
1.2241045788568763,59.88223478670027
1.2241045788568763,59.8195333673232
1.2241045788568763,60.0000210225467
1.2241045788568763,59.99999421382368
1.2241045788568763,59.99998528693144
1.2241045788568763,59.99996144508506
1.2241045788568763,60.0000040548227
1.2241045788568763,60.00001477632543
1.2241045788568763,59.999987486403036
1.2241045788568763,59.99995610995252
1.2241045788568763,59.99998877584032
1.2241045788568763,59.99568353886641
1.2241045788568763,59.99518528948917
1.2241045788568763,60.00263492053557
1.2241045788568763,60.03685832030559
1.2241045788568763,59.87561992984167
1.2241045788568763,59.37425312017564
1.2241045788568763,59.662625380420195
1.2241045788568763,60.00001314650828
1.2241045788568763,60.000015849661935
1.2241045788568763,60.00000108832794
1.2241045788568763,60.000004380323034
1.2241045788568763,59.99998190660841
1.2241045788568763,59.999989948163076
1.2241045788568763,60.000013585842545
1.2241045788568763,59.99998193211457
1.2241045788568763,59.99853057646825
1.2241045788568763,60.04422772508084
1.2241045788568763,60.01275299974868
1.2241045788568763,60.1066601212813
1.2241045788568763,59.72872783476846
1.2241045788568763,60.008462918168014
1.2241045788568763,61.50534299627671
1.2241045788568763,59.7075462386262
1.2241045788568763,60.00002546199512
1.2241045788568763,59.99999361207771
1.2241045788568763,60.000007624300316
1.2241045788568763,60.00001247476153
1.2241045788568763,59.99999758063186
1.2241045788568763,60.00000131417799
1.2241045788568763,60.00109265300243
1.2241045788568763,59.98378927140573
1.2241045788568763,62.4929458381072
1.2241045788568763,59.95982881273655
1.2241045788568763,60.07815447190023
1.2241045788568763,60.05455053970292
1.2241045788568763,61.26491796054566
1.2241045788568763,60.00001745981452
1.2241045788568763,60.000005547361845
1.2241045788568763,59.99999906099945
1.2241045788568763,59.99999170252875
1.2241045788568763,59.99997733716427
1.2241045788568763,60.00000083734205
1.2241045788568763,59.99999925092944
1.2241045788568763,59.99998903718416
1.2241045788568763,59.99999742982239
1.2241045788568763,60.00000170869908
1.2241045788568763,60.00128622853359
1.2241045788568763,60.00067403553729
1.2241045788568763,59.992166975661235
1.2241045788568763,60.00213567173582
1.2241045788568763,59.65476432538196
1.2241045788568763,59.64220426486405
1.2241045788568763,59.97854533624448
1.2241045788568763,60.01163618317735
1.2241045788568763,60.00001246932638
1.2241045788568763,59.99997956398815
1.2241045788568763,59.999984993018316
1.2241045788568763,60.00000394861966
1.2241045788568763,60.00000268651052
1.2241045788568763,59.999995255824636
1.2241045788568763,60.00001507540598
1.2241045788568763,59.99924260183592
1.2241045788568763,59.9941279642692
1.2241045788568763,59.968794355204054
1.2241045788568763,59.96759046319917
1.2241045788568763,60.044790650290125
1.2241045788568763,60.017665617137624
1.2241045788568763,60.00026480861534
1.2241045788568763,59.83570836034639
1.2241045788568763,59.65396652045857
1.2241045788568763,60.00001334747727
1.2241045788568763,59.999986672595455
1.2241045788568763,59.99998629815083
1.2241045788568763,60.00000583218893
1.2241045788568763,59.99999525760405
1.2241045788568763,60.00000025264316
1.2241045788568763,60.0000074385752
1.2241045788568763,59.9999921205005
1.2241045788568763,60.00050979888989
1.2241045788568763,59.085714298967616
1.2241045788568763,62.01632231924727
1.2241045788568763,59.87215442619828
1.2241045788568763,59.98326353208659
1.2241045788568763,61.265214445759696
1.2241045788568763,59.99999516836089
1.2241045788568763,60.00000796895243
1.2241045788568763,59.99998886630109
1.2241045788568763,60.000012988274236
1.2241045788568763,59.99999405105255
1.2241045788568763,60.00002979993945
1.2241045788568763,60.00000310834751
1.2241045788568763,59.999996472920614
1.2241045788568763,60.00001200788423
1.2241045788568763,60.000806709959896
1.2241045788568763,60.00137739565254
1.2241045788568763,60.00185261821628
1.2241045788568763,60.01483018161134
1.2241045788568763,62.686728074079625
1.2241045788568763,59.637831484199914
1.2241045788568763,59.824772921877646
1.2241045788568763,60.00000731976201
1.2241045788568763,60.00000378085278
1.2241045788568763,60.000005151025945
1.2241045788568763,59.99999893778318
1.2241045788568763,60.00000503741441
1.2241045788568763,60.00001301328548
1.2241045788568763,59.99998187657927
1.2241045788568763,59.99968220365981
1.2241045788568763,60.034423091938606
1.2241045788568763,59.40787128771144
1.2241045788568763,59.732834378735184
1.2241045788568763,59.81623422371629
1.2241045788568763,60.0000051324852
1.2241045788568763,60.00001558685956
1.2241045788568763,59.99998950926245
1.2241045788568763,59.9999966223445
1.2241045788568763,59.99998837023251
1.2241045788568763,60.00000105188814
1.2241045788568763,59.99999715811142
1.2241045788568763,60.0003165805778
1.2241045788568763,59.99180087339109
1.2241045788568763,59.95218394411772
1.2241045788568763,62.388748230327664
1.2241045788568763,59.674471051693864
1.2241045788568763,60.03429054782571
1.2241045788568763,59.98767738615529
1.2241045788568763,59.96343556130577
1.2241045788568763,59.21782483870027
1.2241045788568763,60.00002836435501
1.2241045788568763,60.000027700771376
1.2241045788568763,59.99997885462823
1.2241045788568763,59.99996995622458
1.2241045788568763,59.99999178684533
1.2241045788568763,59.99998269435761
1.2241045788568763,59.99996566380069
1.2241045788568763,60.00001238132441
1.2241045788568763,59.999981747124075
1.2241045788568763,59.99998310914428
1.2241045788568763,59.99958115466654
1.2241045788568763,59.998503757678606
1.2241045788568763,59.99438418894874
1.2241045788568763,59.82052260191202
1.2241045788568763,61.25783333505593
1.2241045788568763,61.096636508613514
1.2241045788568763,59.74152013387647
1.2241045788568763,60.00001857221098
1.2241045788568763,60.000022957488085
1.2241045788568763,60.00001822748999
1.2241045788568763,59.99998219921485
1.2241045788568763,59.999981878621576
1.2241045788568763,59.999975608203734
1.2241045788568763,59.99998739307503
1.2241045788568763,60.008550123718216
1.2241045788568763,60.00573680945693
1.2241045788568763,59.74247555477888
1.2241045788568763,59.87352876772295
1.2241045788568763,60.00080058970046
1.2241045788568763,59.59421821981511
1.2241045788568763,59.99999250124925
1.2241045788568763,59.99995879064483
1.2241045788568763,59.99998307253452
1.2241045788568763,60.00002367006008
1.2241045788568763,60.00000167712821
1.2241045788568763,60.000016237755524
1.2241045788568763,60.000023281820525
1.2241045788568763,59.99997971762491
1.2241045788568763,59.999984084159706
1.2241045788568763,59.99997869919984
1.2241045788568763,60.005044503027364
1.2241045788568763,59.98905887432685
1.2241045788568763,61.84695273761691
1.2241045788568763,60.984411787807716
1.2241045788568763,59.372332224978834
1.2241045788568763,59.957993135074425
1.2241045788568763,59.592981896583105
1.2241045788568763,59.79843191556484
1.2241045788568763,63.67381731438988
1.2241045788568763,61.77214106754961
1.2241045788568763,61.24656409717506
1.2241045788568763,60.000005581139895
1.2241045788568763,60.00002030930031
1.2241045788568763,60.00002196957795
1.2241045788568763,59.99998854586785
1.2241045788568763,60.00000836237555
1.2241045788568763,59.9999897795022
1.2241045788568763,60.00000320015317
1.2241045788568763,60.00391862825829
1.2241045788568763,60.00030501697291
1.2241045788568763,59.98424823036738
1.2241045788568763,59.9019838707615
1.2241045788568763,59.99142138434969
1.2241045788568763,59.21450138159738
1.2241045788568763,59.8560611786977
1.2241045788568763,59.83761819135069
1.2241045788568763,60.00002674514317
1.2241045788568763,60.000024773277204
1.2241045788568763,59.9999932623036
1.2241045788568763,59.99999175362372
1.2241045788568763,59.99999367778079
1.2241045788568763,59.999992617150454
1.2241045788568763,60.006176496804926
1.2241045788568763,61.88942742225788
1.2241045788568763,59.595998168669105
1.2241045788568763,59.88371102998495
1.2241045788568763,63.197112394951716
1.2241045788568763,60.01143363502425
1.2241045788568763,61.484301925590266
1.2241045788568763,59.81068573546881
1.2241045788568763,60.00001463905655
1.2241045788568763,60.000003435107416
1.2241045788568763,60.00002268373985
1.2241045788568763,60.000011684270625
1.2241045788568763,60.00000107799946
1.2241045788568763,59.99994874252093
1.2241045788568763,60.000011228626285
1.2241045788568763,59.99999064418523
1.2241045788568763,59.99997971460905
1.2241045788568763,59.99999590719219
1.2241045788568763,60.000006735215536
1.2241045788568763,59.999971465274065
1.2241045788568763,59.98449165594518
1.2241045788568763,59.986828804564155
1.2241045788568763,60.01147813425643
1.2241045788568763,59.8141426796198
1.2241045788568763,61.17414731599612
1.2241045788568763,59.437184604575485
1.2241045788568763,60.07219751472071
1.2241045788568763,60.09804223314189
1.2241045788568763,59.95229336819368
1.2241045788568763,60.00000511341645
1.2241045788568763,59.99998916581903
1.2241045788568763,59.99998752431343
1.2241045788568763,59.99998480526537
1.2241045788568763,59.99999370578311
1.2241045788568763,59.99999892696604
1.2241045788568763,60.0000003300694
1.2241045788568763,59.99998630640333
1.2241045788568763,59.999985119728436
1.2241045788568763,60.01403818124706
1.2241045788568763,59.99292208457469
1.2241045788568763,61.312983339639814
1.2241045788568763,60.05078891095749
1.2241045788568763,60.087179931021815
1.2241045788568763,59.978485278907634
1.2241045788568763,59.7785942274718
1.2241045788568763,60.04587662377408
1.2241045788568763,60.0000185521566
1.2241045788568763,60.00002979380191
1.2241045788568763,59.99999914228156
1.2241045788568763,59.99999458450678
1.2241045788568763,59.99998659629276
1.2241045788568763,59.999990228378
1.2241045788568763,59.99723700822338
1.2241045788568763,59.95056279879861
1.2241045788568763,59.78903368717169
1.2241045788568763,59.97665038889502
1.2241045788568763,60.09478797029455
1.2241045788568763,59.69762349818983
1.2241045788568763,60.02734316242327
1.2241045788568763,60.005646387905834
1.2241045788568763,60.00002470299511
1.2241045788568763,60.000033702164174
1.2241045788568763,60.000005423004175
1.2241045788568763,59.99995550904286
1.2241045788568763,60.000006786861185
1.2241045788568763,59.999992901393675
1.2241045788568763,59.99999876727709
1.2241045788568763,59.99998318664961
1.2241045788568763,60.0000382663864
1.2241045788568763,59.98510925864627
1.2241045788568763,59.73093004777608
1.2241045788568763,59.76402929393227
1.2241045788568763,61.55378120270957
1.2241045788568763,59.514926520488935
1.2241045788568763,61.52073016169454
1.2241045788568763,60.06003796703158
1.2241045788568763,60.000003159139
1.2241045788568763,60.000016116378205
1.2241045788568763,59.9999828254724
1.2241045788568763,60.00000429676299
1.2241045788568763,59.99998676325801
1.2241045788568763,59.99999333858785
1.2241045788568763,59.99996625027028
1.2241045788568763,60.00000398858025
1.2241045788568763,60.00000466172298
1.2241045788568763,59.999916384616
1.2241045788568763,60.00242062753768
1.2241045788568763,60.02011630708661
1.2241045788568763,61.86987130537942
1.2241045788568763,61.02307509938108
1.2241045788568763,60.052642280301505
1.2241045788568763,60.023911033113286
1.2241045788568763,59.628195508958036
1.2241045788568763,59.923307731057584
1.2241045788568763,60.99832099809349
1.2241045788568763,59.799111551385195
1.2241045788568763,59.66908277934328
1.2241045788568763,60.00000721261879
1.2241045788568763,59.99999734905768
1.2241045788568763,59.99998853766141
1.2241045788568763,60.00000661418778
1.2241045788568763,59.999980501484806
1.2241045788568763,60.08623004353441
1.2241045788568763,59.97740079179908
1.2241045788568763,59.96467488933558
1.2241045788568763,61.19111407449517
1.2241045788568763,59.94767015282538
1.2241045788568763,59.99999673196715
1.2241045788568763,60.00000298491768
1.2241045788568763,59.99997640262199
1.2241045788568763,59.99998832503901
1.2241045788568763,59.99999494490052
1.2241045788568763,59.999989032062565
1.2241045788568763,59.99997664977747
1.2241045788568763,59.999992421885054
1.2241045788568763,60.00001310076897
1.2241045788568763,59.99997676915195
1.2241045788568763,59.999959016698554
1.2241045788568763,60.002810741536386
1.2241045788568763,59.98009309348158
1.2241045788568763,60.021595438359896
1.2241045788568763,59.66856838993415
1.2241045788568763,60.00301540093784
1.2241045788568763,59.742350345059705
1.2241045788568763,61.29337312900496
1.2241045788568763,59.930251667415206
1.2241045788568763,60.018066062117555
1.2241045788568763,61.71148112044985
1.2241045788568763,60.00002362824611
1.2241045788568763,59.999996397892936
1.2241045788568763,59.99996998627637
1.2241045788568763,59.9999855895231
1.2241045788568763,59.999993438004495
1.2241045788568763,59.999987662284944
1.2241045788568763,59.999967269503244
1.2241045788568763,59.99999122584255
1.2241045788568763,59.99999605725936
1.2241045788568763,59.999982922306884
1.2241045788568763,60.0486689100524
1.2241045788568763,59.865635949766826
1.2241045788568763,59.94152072994636
1.2241045788568763,59.86636801828277
1.2241045788568763,59.98386799898987
1.2241045788568763,59.81216534511327
1.2241045788568763,59.714131481877395
1.2241045788568763,59.931721380938065
1.2241045788568763,59.6973846304
1.2241045788568763,59.99998974285604
1.2241045788568763,59.999986569422084
1.2241045788568763,60.00000371264018
1.2241045788568763,60.000020441740475
1.2241045788568763,60.00000616504791
1.2241045788568763,59.99998050973648
1.2241045788568763,59.99168719594075
1.2241045788568763,59.94874454320389
1.2241045788568763,60.328809092104606
1.2241045788568763,59.45401497953474
1.2241045788568763,60.030485251358435
1.2241045788568763,60.17803734109235
1.2241045788568763,61.529542024218955
1.2241045788568763,59.51036107004482
1.2241045788568763,60.00002855635791
1.2241045788568763,60.00000822456161
1.2241045788568763,60.00000100262703
1.2241045788568763,59.999992544025396
1.2241045788568763,59.99999472584988
1.2241045788568763,59.99997933278799
1.2241045788568763,59.99999923722525
1.2241045788568763,59.99997459095485
1.2241045788568763,59.99998063188356
1.2241045788568763,60.00552675651651
1.2241045788568763,59.975604537923026
1.2241045788568763,60.05943076342707
1.2241045788568763,60.00812062634953
1.2241045788568763,65.20580855824322
1.2241045788568763,59.89481453207883
1.2241045788568763,59.984488608854264
1.2241045788568763,59.8240891286307
1.2241045788568763,59.99830277242987
1.2241045788568763,60.01009682280497
1.2241045788568763,60.009482299835874
1.2241045788568763,60.00002863162014
1.2241045788568763,60.00001255723169
1.2241045788568763,59.999983948743136
1.2241045788568763,59.99998171197667
1.2241045788568763,59.99999098948988
1.2241045788568763,59.99999611913601
1.2241045788568763,59.999982076767445
1.2241045788568763,59.999988562788396
1.2241045788568763,59.99998477061677
1.2241045788568763,59.99996830441672
1.2241045788568763,60.02435912320122
1.2241045788568763,60.01677769625096
1.2241045788568763,61.36235428549977
1.2241045788568763,59.7044195516025
1.2241045788568763,59.51315475502078
1.2241045788568763,59.60271401966074
1.2241045788568763,60.0000276133557
1.2241045788568763,60.00001654722177
1.2241045788568763,60.00001278744918
1.2241045788568763,60.00001197626506
1.2241045788568763,59.99996639841239
1.2241045788568763,59.99996453534313
1.2241045788568763,59.999974834495475
1.2241045788568763,60.00920211702991
1.2241045788568763,60.002306948561184
1.2241045788568763,60.04163584403872
1.2241045788568763,60.148336095755134
1.2241045788568763,62.26529600047527
1.2241045788568763,60.020472482565935
1.2241045788568763,59.42859356318072
1.2241045788568763,64.0878022128148
1.2241045788568763,59.68702877461742
1.2241045788568763,60.0203983730084
1.2241045788568763,59.963328515537256
1.2241045788568763,60.0000155611119
1.2241045788568763,59.999983209848835
1.2241045788568763,60.00000291956258
1.2241045788568763,59.99998459616598
1.2241045788568763,60.0000011099295
1.2241045788568763,59.999994459266105
1.2241045788568763,60.00000325715666
1.2241045788568763,59.99997513125412
1.2241045788568763,59.999996552412576
1.2241045788568763,59.99999646993971
1.2241045788568763,59.999975619754245
1.2241045788568763,59.98918385929206
1.2241045788568763,60.02085211359314
1.2241045788568763,60.17205060136641
1.2241045788568763,60.0112136870722
1.2241045788568763,68.79191633459575
1.2241045788568763,63.238346555584
1.2241045788568763,59.08046328164314
1.2241045788568763,59.993632355967186
1.2241045788568763,59.999968254210756
1.2241045788568763,60.000011956835046
1.2241045788568763,60.00000623972961
1.2241045788568763,59.99999407709036
1.2241045788568763,60.00001634034644
1.2241045788568763,60.000015689650624
1.2241045788568763,59.99999253455379
1.2241045788568763,60.000001316396165
1.2241045788568763,59.99995968557741
1.2241045788568763,59.62114774569446
1.2241045788568763,60.07789546979418
1.2241045788568763,59.601579632008466
1.2241045788568763,58.36126181550702
1.2241045788568763,58.265104805118334
1.2241045788568763,60.01358235771067
1.2241045788568763,60.00722725894773
1.2241045788568763,60.00000527789253
1.2241045788568763,60.000020525655955
1.2241045788568763,59.999991597710185
1.2241045788568763,60.00001207584515
1.2241045788568763,60.000018987914174
1.2241045788568763,60.00000515527545
1.2241045788568763,59.99706456790331
1.2241045788568763,59.99438578781164
1.2241045788568763,60.10097531865142
1.2241045788568763,59.53561433770906
1.2241045788568763,59.877606511914585
1.2241045788568763,62.28058349420355
1.2241045788568763,63.54255285641701
1.2241045788568763,60.089207477870026
1.2241045788568763,59.107264516033666
1.2241045788568763,63.561165400565166
1.2241045788568763,67.13979513661555
1.2241045788568763,59.978645014059346
1.2241045788568763,59.995644574514294
1.2241045788568763,59.999980974570484
1.2241045788568763,60.00000531594609
1.2241045788568763,59.999985692356546
1.2241045788568763,59.999995818675416
1.2241045788568763,60.00001976311301
1.2241045788568763,60.00000031635208
1.2241045788568763,60.00000520662283
1.2241045788568763,59.99999241940934
1.2241045788568763,60.000033527936274
1.2241045788568763,59.99999603884845
1.2241045788568763,60.000024220116735
1.2241045788568763,59.999984075039045
1.2241045788568763,59.99581189014567
1.2241045788568763,59.873919359490294
1.2241045788568763,59.91721885663519
1.2241045788568763,59.3635126572581
1.2241045788568763,62.34131130692738
1.2241045788568763,58.71584916072974
1.2241045788568763,60.015229914929876
1.2241045788568763,60.01480583510465
1.2241045788568763,60.00001390219324
1.2241045788568763,60.00000318981157
1.2241045788568763,59.99998426197014
1.2241045788568763,59.99998157510958
1.2241045788568763,60.00000587105799
1.2241045788568763,60.000011547793946
1.2241045788568763,60.00001899236055
1.2241045788568763,60.000154780716315
1.2241045788568763,60.058797716768915
1.2241045788568763,59.872863305827934
1.2241045788568763,62.4268535942648
1.2241045788568763,59.278545518320634
1.2241045788568763,58.7243853174729
1.2241045788568763,59.99908012791247
1.2241045788568763,59.99924355745384
1.2241045788568763,59.99998764739306
1.2241045788568763,59.99999184720999
1.2241045788568763,60.00001123499865
1.2241045788568763,59.999977808612364
1.2241045788568763,59.99998879088298
1.2241045788568763,59.99999793207241
1.2241045788568763,59.99998666824588
1.2241045788568763,60.000016439811844
1.2241045788568763,60.000022706613535
1.2241045788568763,60.000005168065385
1.2241045788568763,60.26970771462305
1.2241045788568763,59.58643604020605
1.2241045788568763,60.01853382699864
1.2241045788568763,59.55641130919017
1.2241045788568763,59.387378249696745
1.2241045788568763,64.0902018203105
1.2241045788568763,57.566915261226164
1.2241045788568763,60.102004109359484
1.2241045788568763,60.02151390712044
1.2241045788568763,59.99906259866513
1.2241045788568763,59.999977013317576
1.2241045788568763,60.00001214217508
1.2241045788568763,59.99999085328166
1.2241045788568763,59.99999162994629
1.2241045788568763,60.00001227240344
1.2241045788568763,60.00000741973726
1.2241045788568763,60.00000577055616
1.2241045788568763,59.93351473754514
1.2241045788568763,60.04520754354834
1.2241045788568763,59.96969892444174
1.2241045788568763,60.36578751170156
1.2241045788568763,67.33467010344917
1.2241045788568763,59.99919036635884
1.2241045788568763,59.9930597257814
1.2241045788568763,59.999969829246204
1.2241045788568763,59.99998495702842
1.2241045788568763,59.99997572452042
1.2241045788568763,59.99999573499587
1.2241045788568763,59.99998434387479
1.2241045788568763,59.99999851466931
1.2241045788568763,59.99999233076786
1.2241045788568763,60.00003534677703
1.2241045788568763,60.00001695870955
1.2241045788568763,58.37610363463208
1.2241045788568763,60.0578823099945
1.2241045788568763,60.066632902929754
1.2241045788568763,59.21632898690599
1.2241045788568763,63.11183261249371
1.2241045788568763,58.99651816776242
1.2241045788568763,59.06350880047024
1.2241045788568763,63.23697642525859
1.2241045788568763,59.99897536602184
1.2241045788568763,59.99999117925517
1.2241045788568763,59.99996710043964
1.2241045788568763,59.999980539262204
1.2241045788568763,59.99996787313949
1.2241045788568763,59.99996964424086
1.2241045788568763,59.99998060468847
1.2241045788568763,59.99999413611963
1.2241045788568763,60.00000469469954
1.2241045788568763,60.00000694675968
1.2241045788568763,59.999992265712244
1.2241045788568763,60.00001382547146
1.2241045788568763,60.29744758864785
1.2241045788568763,58.9482272730392
1.2241045788568763,60.004199124430066
1.2241045788568763,59.97934632583906
1.2241045788568763,59.677777460799405
1.2241045788568763,59.32972009239264
1.2241045788568763,60.09396945669906
1.2241045788568763,64.44732115412504
1.2241045788568763,63.197032717442504
1.2241045788568763,59.85523334641181
1.2241045788568763,59.990164814227015
1.2241045788568763,59.99999422191208
1.2241045788568763,60.00000178088079
1.2241045788568763,59.99997052055398
1.2241045788568763,59.99997814621418
1.2241045788568763,59.99997721756073
1.2241045788568763,59.999981351524845
1.2241045788568763,59.99998174674008
1.2241045788568763,60.00002269470453
1.2241045788568763,59.999996530859804
1.2241045788568763,60.05898803197294
1.2241045788568763,60.10321130673704
1.2241045788568763,59.9915642465648
1.2241045788568763,60.0518318628536
1.2241045788568763,59.675773976108424
1.2241045788568763,59.35349597960685
1.2241045788568763,59.48481159803336
1.2241045788568763,59.99996942485622
1.2241045788568763,60.000054640217
1.2241045788568763,59.99998029604564
1.2241045788568763,60.00007518085651
1.2241045788568763,59.999963314046965
1.2241045788568763,59.999989769546225
1.2241045788568763,60.00000515359782
1.2241045788568763,60.00000608094982
1.2241045788568763,59.78338697295986
1.2241045788568763,59.99298991157203
1.2241045788568763,59.99093746305415
1.2241045788568763,59.644066911902506
1.2241045788568763,63.2967238399467
1.2241045788568763,59.38393530342251
1.2241045788568763,59.870212496398075
1.2241045788568763,63.02982896764735
1.2241045788568763,58.61132054978272
1.2241045788568763,59.99998763457413
1.2241045788568763,59.99997551505485
1.2241045788568763,59.99997246451675
1.2241045788568763,60.00000092702021
1.2241045788568763,59.99999793302922
1.2241045788568763,59.99998663968165
1.2241045788568763,59.9999965651236
1.2241045788568763,60.00001600595899
1.2241045788568763,59.99998307154802
1.2241045788568763,59.99999636983137
1.2241045788568763,59.324613691975536
1.2241045788568763,60.01058532971603
1.2241045788568763,59.98470163053044
1.2241045788568763,59.984798569418885
1.2241045788568763,60.10443371806847
1.2241045788568763,60.20747665637906
1.2241045788568763,59.34934488320838
1.2241045788568763,59.04718285881438
1.2241045788568763,59.87145608168059
1.2241045788568763,58.67796319394015
1.2241045788568763,59.038300521074405
1.2241045788568763,65.72387375569994
1.2241045788568763,59.9999980452585
1.2241045788568763,60.00006854534937
1.2241045788568763,60.00000005243372
1.2241045788568763,59.999951099478125
1.2241045788568763,59.99999928114024
1.2241045788568763,59.999977032876174
1.2241045788568763,59.99949240595524
1.2241045788568763,59.021835524181064
1.2241045788568763,63.25797263046505
1.2241045788568763,59.99999659551354
1.2241045788568763,59.99966043583484
1.2241045788568763,60.00008686516013
1.2241045788568763,59.999954803129945
1.2241045788568763,60.00002171573101
1.2241045788568763,59.999997217326246
1.2241045788568763,59.99999327430975
1.2241045788568763,59.64570366171721
1.2241045788568763,59.738945941170435
1.2241045788568763,59.945848345953976
1.2241045788568763,59.98451047960754
1.2241045788568763,60.00268509749688
1.2241045788568763,59.14051136126277
1.2241045788568763,59.55604057934191
1.2241045788568763,65.29435119350691
1.2241045788568763,58.929084463169865
1.2241045788568763,63.5729153437841
1.2241045788568763,60.142188739756335
1.2241045788568763,59.3236094983203
1.2241045788568763,62.92670465486787
1.2241045788568763,59.99997861043716
1.2241045788568763,59.99998152141713
1.2241045788568763,59.99999704266593
1.2241045788568763,60.00000598363121
1.2241045788568763,60.000003567848374
1.2241045788568763,59.99971011370132
1.2241045788568763,60.000086648272784
1.2241045788568763,59.99999991085628
1.2241045788568763,59.999986487708334
1.2241045788568763,60.000021058312335
1.2241045788568763,59.999984493847315
1.2241045788568763,60.00591388169451
1.2241045788568763,59.493111216032595
1.2241045788568763,59.323338378455105
1.2241045788568763,59.627430969936555
1.2241045788568763,57.78730726679282
1.2241045788568763,62.99082942405194
1.2241045788568763,59.47419057555496
1.2241045788568763,59.487153435224826
1.2241045788568763,59.934372995699796
1.2241045788568763,59.551608069156536
1.2241045788568763,59.999996983061386
1.2241045788568763,59.999994414473825
1.2241045788568763,60.0000156650109
1.2241045788568763,59.999639897744586
1.2241045788568763,60.000003967108746
1.2241045788568763,60.00000274891311
1.2241045788568763,60.00001573983277
1.2241045788568763,60.000025748836975
1.2241045788568763,60.23005743028581
1.2241045788568763,59.937216291185756
1.2241045788568763,59.036806683000094
1.2241045788568763,60.02419643932317
1.2241045788568763,59.52628220057644
1.2241045788568763,60.454799110366515
1.2241045788568763,59.97038165543944
1.2241045788568763,59.99994656802877
1.2241045788568763,59.99974152821318
1.2241045788568763,60.00001007350478
1.2241045788568763,60.00118132304804
1.2241045788568763,59.999988255494095
1.2241045788568763,59.99997632076374
1.2241045788568763,59.99999839795902
1.2241045788568763,59.370582411042925
1.2241045788568763,59.962969737956904
1.2241045788568763,62.43637972801711
1.2241045788568763,63.04052704967229
1.2241045788568763,59.61470934661235
1.2241045788568763,57.98318871578198
1.2241045788568763,64.789525022217
1.2241045788568763,58.97841102567558
1.2241045788568763,60.28672010993766
1.2241045788568763,59.50995971626525
1.2241045788568763,58.86948243767364
1.2241045788568763,58.3175289570056
1.2241045788568763,60.00001214111852
1.2241045788568763,60.000008478588015
1.2241045788568763,59.99999206988287
1.2241045788568763,59.99999720919132
1.2241045788568763,60.00002138820933
1.2241045788568763,59.999996662000584
1.2241045788568763,60.00000952032544
1.2241045788568763,60.00194604228037
1.2241045788568763,59.99978932176424
1.2241045788568763,60.00000128029582
1.2241045788568763,60.00126373307689
1.2241045788568763,59.99995921177693
1.2241045788568763,59.99996324543157
1.2241045788568763,59.857701810856256
1.2241045788568763,59.92575566694404
1.2241045788568763,59.411091199820355
1.2241045788568763,60.14564076020575
1.2241045788568763,59.75245601279849
1.2241045788568763,63.87539620494633
1.2241045788568763,66.01964267017996
1.2241045788568763,59.896858750833786
1.2241045788568763,60.00000830761851
1.2241045788568763,60.001189536687534
1.2241045788568763,60.00001816662494
1.2241045788568763,59.99997179448115
1.2241045788568763,59.32496158768062
1.2241045788568763,60.14192366185153
1.2241045788568763,63.078425734249755
1.2241045788568763,60.338725860692335
1.2241045788568763,65.24292560069426
1.2241045788568763,59.99998065186841
1.2241045788568763,60.00010817064684
1.2241045788568763,59.99988556949004
1.2241045788568763,59.99965858025243
1.2241045788568763,59.999954095709
1.2241045788568763,60.00001785428874
1.2241045788568763,59.987430626410905
1.2241045788568763,59.999997131689845
1.2241045788568763,59.999994267086834
1.2241045788568763,59.82644404663274
1.2241045788568763,60.10065080218923
1.2241045788568763,59.149822119836635
1.2241045788568763,59.14269897614212
1.2241045788568763,58.73177738151813
1.2241045788568763,59.5278522163333
1.2241045788568763,60.408233097026134
1.2241045788568763,59.1563640603831
1.2241045788568763,63.47125017032411
1.2241045788568763,60.14219086103925
1.2241045788568763,59.53442368378593
1.2241045788568763,59.770558259778255
1.2241045788568763,60.000005333943356
1.2241045788568763,60.00001428907687
1.2241045788568763,59.99997304327775
1.2241045788568763,60.00000386410862
1.2241045788568763,59.99997277002863
1.2241045788568763,60.00001766079916
1.2241045788568763,60.00096473210075
1.2241045788568763,59.997951069411975
1.2241045788568763,59.999981863295844
1.2241045788568763,59.99987508933729
1.2241045788568763,60.0000079317719
1.2241045788568763,59.99999063873886
1.2241045788568763,59.72650147351102
1.2241045788568763,64.39207641133653
1.2241045788568763,59.37058394739286
1.2241045788568763,64.08090563444372
1.2241045788568763,59.13421436494796
1.2241045788568763,59.14568312223676
1.2241045788568763,59.63675334917216
1.2241045788568763,59.49059312186213
1.2241045788568763,62.47391870367546
1.2241045788568763,59.999983146889676
1.2241045788568763,60.00010012624461
1.2241045788568763,59.99996028466116
1.2241045788568763,60.0045305689994
1.2241045788568763,59.99887977051251
1.2241045788568763,60.1006569623828
1.2241045788568763,60.24922688079784
1.2241045788568763,60.14721484802192
1.2241045788568763,59.5278828891549
1.2241045788568763,62.29896402164502
1.2241045788568763,59.34673009871351
1.2241045788568763,58.82174540129884
1.2241045788568763,59.580044219580735
1.2241045788568763,59.99996741434222
1.2241045788568763,60.00117376409863
1.2241045788568763,59.99998279160764
1.2241045788568763,60.00012161416118
1.2241045788568763,59.9999780501026
1.2241045788568763,59.98200818350909
1.2241045788568763,60.00857203225517
1.2241045788568763,60.03185469148633
1.2241045788568763,60.00001088962946
1.2241045788568763,59.999974096263834
1.2241045788568763,60.018412560615694
1.2241045788568763,60.04796651709354
1.2241045788568763,59.767143987771306
1.2241045788568763,60.3513633639652
1.2241045788568763,59.58683694608713
1.2241045788568763,59.86589125413305
1.2241045788568763,59.85010989721505
1.2241045788568763,60.16575372265581
1.2241045788568763,59.7562743861789
1.2241045788568763,60.000010909295895
1.2241045788568763,60.00001376881853
1.2241045788568763,60.00000664467746
1.2241045788568763,59.9785505155035
1.2241045788568763,59.9999351837816
1.2241045788568763,60.00010809263653
1.2241045788568763,59.979818497550525
1.2241045788568763,60.06846934874084
1.2241045788568763,59.99531261851163
1.2241045788568763,60.00948137331091
1.2241045788568763,60.229521594841344
1.2241045788568763,60.074493783148355
1.2241045788568763,60.2247537521504
1.2241045788568763,60.04058993432546
1.2241045788568763,60.11957011650819
1.2241045788568763,59.437810597333375
1.2241045788568763,63.49848720221056
1.2241045788568763,58.681640784486746
1.2241045788568763,60.09834504820004
1.2241045788568763,59.909696629427735
1.2241045788568763,60.08557474930093
1.2241045788568763,65.12777584591191
1.2241045788568763,58.85452136762121
1.2241045788568763,58.47928452366811
1.2241045788568763,59.99998118530531
1.2241045788568763,60.000017980401715
1.2241045788568763,59.9999847820542
1.2241045788568763,59.999998672893796
1.2241045788568763,59.99997905423799
1.2241045788568763,59.99935611099381
1.2241045788568763,60.004628910424586
1.2241045788568763,59.99264249188839
1.2241045788568763,59.99581164386055
1.2241045788568763,60.06822537432342
1.2241045788568763,59.6865728766819
1.2241045788568763,59.69111077845723
1.2241045788568763,64.23995293094836
1.2241045788568763,60.00002174328683
1.2241045788568763,60.001385908566675
1.2241045788568763,60.000019978648545
1.2241045788568763,59.99998239395758
1.2241045788568763,59.99963065885885
1.2241045788568763,59.966214127091156
1.2241045788568763,60.013941168937386
1.2241045788568763,59.98938005162046
1.2241045788568763,59.9679357760681
1.2241045788568763,60.00316798992355
1.2241045788568763,60.01058981228831
1.2241045788568763,60.07817246375091
1.2241045788568763,59.75298703265075
1.2241045788568763,60.03352687439479
1.2241045788568763,59.98687334593619
1.2241045788568763,59.860007484877215
1.2241045788568763,60.00002269170866
1.2241045788568763,60.00003423438263
1.2241045788568763,59.999992455338216
1.2241045788568763,59.99999076932812
1.2241045788568763,59.999336166092654
1.2241045788568763,60.11037340349014
1.2241045788568763,59.99998270722516
1.2241045788568763,60.00123129229332
1.2241045788568763,59.999822845884346
1.2241045788568763,60.03238913563638
1.2241045788568763,60.11858563902313
1.2241045788568763,59.77005817875398
1.2241045788568763,60.00362538158656
1.2241045788568763,60.01339536742175
1.2241045788568763,59.93707297725244
1.2241045788568763,59.6357715443551
1.2241045788568763,63.12754980970199
1.2241045788568763,62.51861760421809
1.2241045788568763,60.04546643309436
1.2241045788568763,60.147111697433544
1.2241045788568763,62.95519228415051
1.2241045788568763,59.4103891640422
1.2241045788568763,59.999975502142505
1.2241045788568763,59.99997350805273
1.2241045788568763,60.00374349309432
1.2241045788568763,60.15240914100202
1.2241045788568763,59.62564233280581
1.2241045788568763,59.34573988073702
1.2241045788568763,59.830988738276346
1.2241045788568763,59.971617929408026
1.2241045788568763,60.03698794810157
1.2241045788568763,59.96380331562743
1.2241045788568763,60.07272923994846
1.2241045788568763,59.982376952849165
1.2241045788568763,59.749004960798096
1.2241045788568763,59.29116264836023
1.2241045788568763,59.44851194544232
1.2241045788568763,59.75414136529109
1.2241045788568763,59.97335201598732
1.2241045788568763,60.08421774243429
1.2241045788568763,60.000001700371584
1.2241045788568763,59.99106314103423
1.2241045788568763,60.00005317927874
1.2241045788568763,59.99999760470811
1.2241045788568763,59.99916694210303
1.2241045788568763,59.972398790273246
1.2241045788568763,59.8388680111075
1.2241045788568763,62.615760649825695
1.2241045788568763,60.087297976326916
1.2241045788568763,59.972285360956015
1.2241045788568763,59.990396408735116
1.2241045788568763,59.97256486988316
1.2241045788568763,60.20778752927863
1.2241045788568763,59.72478233941164
1.2241045788568763,59.62940084046445
1.2241045788568763,59.99998848606754
1.2241045788568763,60.10759532741494
1.2241045788568763,59.999982516970675
1.2241045788568763,59.99995319253639
1.2241045788568763,60.000017942343376
1.2241045788568763,60.00004760319116
1.2241045788568763,60.00093312341635
1.2241045788568763,60.0711981807978
1.2241045788568763,59.63502472013956
1.2241045788568763,60.166143966646615
1.2241045788568763,59.991444889511484
1.2241045788568763,59.97622039168193
1.2241045788568763,60.003632052196814
1.2241045788568763,59.97349724271582
1.2241045788568763,59.71539130611879
1.2241045788568763,59.785377224590626
1.2241045788568763,58.992313136082615
1.2241045788568763,59.81206468974327
1.2241045788568763,59.960476295247766
1.2241045788568763,59.769378385404764
1.2241045788568763,59.38244297777156
1.2241045788568763,65.1806958285873
1.2241045788568763,59.99998640231235
1.2241045788568763,60.00668332124051
1.2241045788568763,63.53629852365299
1.2241045788568763,58.96028995874947
1.2241045788568763,58.81622413628622
1.2241045788568763,59.996048495480544
1.2241045788568763,60.1811229406898
1.2241045788568763,60.04808017980728
1.2241045788568763,60.018911121662576
1.2241045788568763,59.83098410424252
1.2241045788568763,59.91845771601759
1.2241045788568763,60.13086393230025
1.2241045788568763,59.351033063724834
1.2241045788568763,58.63278207752319
1.2241045788568763,59.999988462925884
1.2241045788568763,59.98499085466723
1.2241045788568763,59.96297668992944
1.2241045788568763,60.00012538474414
1.2241045788568763,59.99999341027649
1.2241045788568763,59.99996801522156
1.2241045788568763,59.9999821432816
1.2241045788568763,59.99880495539065
1.2241045788568763,59.18848755395017
1.2241045788568763,63.25219716651721
1.2241045788568763,59.883427067163254
1.2241045788568763,60.05327472249119
1.2241045788568763,63.8407967714534
1.2241045788568763,58.234406176134485
1.2241045788568763,59.85506784187194
1.2241045788568763,59.611395689467194
1.2241045788568763,58.980226955238614
1.2241045788568763,60.00007458449614
1.2241045788568763,60.0002203234898
1.2241045788568763,59.99996086141524
1.2241045788568763,59.999492246527005
1.2241045788568763,60.00042658419433
1.2241045788568763,60.04854306264224
1.2241045788568763,62.485272645251776
1.2241045788568763,59.66069067480035
1.2241045788568763,60.11422965054656
1.2241045788568763,59.998904159895304
1.2241045788568763,58.05513826314143
1.2241045788568763,59.87140828980556
1.2241045788568763,60.07202768043299
1.2241045788568763,62.63016993356474
1.2241045788568763,59.962484017733566
1.2241045788568763,63.206736671951404
1.2241045788568763,59.999996069275895
1.2241045788568763,60.00000589215144
1.2241045788568763,59.99997404475247
1.2241045788568763,59.986708060401234
1.2241045788568763,60.0482132864555
1.2241045788568763,65.01271326784223
1.2241045788568763,60.03596159827745
1.2241045788568763,60.03302315108244
1.2241045788568763,60.039461989677605
1.2241045788568763,59.98778648243135
1.2241045788568763,66.0788730225131
1.2241045788568763,59.93739754177015
1.2241045788568763,59.9999769789158
1.2241045788568763,59.99999626918843
1.2241045788568763,59.99962987714288
1.2241045788568763,59.99970501907038
1.2241045788568763,59.9780614702434
1.2241045788568763,59.302310985222576
1.2241045788568763,59.801790565330656
1.2241045788568763,58.93752062336535
1.2241045788568763,59.86017385538437
1.2241045788568763,58.939844520191336
1.2241045788568763,59.30100960155977
1.2241045788568763,60.02264361569895
1.2241045788568763,60.11634283359745
1.2241045788568763,60.09352253285287
1.2241045788568763,60.00000316834964
1.2241045788568763,60.00004375398175
1.2241045788568763,60.00191032873887
1.2241045788568763,60.063665074254814
1.2241045788568763,60.16516726232919
1.2241045788568763,59.05474929201847
1.2241045788568763,64.12804802573476
1.2241045788568763,59.38887854670394
1.2241045788568763,60.02500867447789
1.2241045788568763,62.98497348281098
1.2241045788568763,59.13674140978965
1.2241045788568763,59.75913757608449
1.2241045788568763,59.99972624758358
1.2241045788568763,59.999454387651525
1.2241045788568763,59.996898961729165
1.2241045788568763,60.01741330659121
1.2241045788568763,62.54861029758357
1.2241045788568763,59.401213122006325
1.2241045788568763,59.38091984471537
1.2241045788568763,59.80932990441558
1.2241045788568763,59.2433757253646
1.2241045788568763,60.28016190284837
1.2241045788568763,60.00235149759364
1.2241045788568763,59.99075163419089
1.2241045788568763,59.611624445009156
1.2241045788568763,59.009096696598036
1.2241045788568763,60.0140807213182
1.2241045788568763,60.21523580150965
1.2241045788568763,59.88322066335446
1.2241045788568763,60.15285424702265
1.2241045788568763,60.00109295600983
1.2241045788568763,60.005076705659704
1.2241045788568763,59.65999113199644
1.2241045788568763,59.7906390216256
1.2241045788568763,59.56301545522006
1.2241045788568763,59.965260332657316
1.2241045788568763,60.00088995981946
1.2241045788568763,59.994218173819135
1.2241045788568763,60.05526580000127
1.2241045788568763,60.10358197912175
1.2241045788568763,60.081556872953065
1.2241045788568763,60.020327447450754
1.2241045788568763,59.593539375085626
1.2241045788568763,60.04298508424884
1.2241045788568763,59.9979103942043
1.2241045788568763,60.00515057396571
1.2241045788568763,60.06702128956213
1.2241045788568763,60.10968382207707
1.2241045788568763,60.08813926165062
1.2241045788568763,59.9966426033506
1.2241045788568763,60.11322113020322
1.2241045788568763,59.96349102003955
1.2241045788568763,60.106055679348714
1.2241045788568763,59.94503361488543
1.2241045788568763,59.99259098992766
1.2241045788568763,59.97882270135543
1.2241045788568763,59.97490018219686
1.2241045788568763,59.98987185624275
1.2241045788568763,59.94579141370412
1.2241045788568763,59.99005757081072
1.2241045788568763,59.972771817719874
1.2241045788568763,59.97444107775994
1.2241045788568763,59.981193793345184
1.2241045788568763,59.97395146705502
1.2241045788568763,59.999965276997656
1.2241045788568763,59.99997101550317
1.2241045788568763,60.00002089060623
1.2241045788568763,59.99999498614633
1.2241045788568763,60.000013867916834
1.2241045788568763,59.99994441956692
1.2241045788568763,59.99993301767758
1.2241045788568763,60.00002733263223
1.2241045788568763,60.00002506751566
1.2241045788568763,60.000023376521476
1.2241045788568763,59.999914889081964
1.2241045788568763,59.9999352026818
1.2241045788568763,60.00007021580519
1.2241045788568763,59.99999569985312
1.2241045788568763,60.00002958627372
1.2241045788568763,59.999972027979254
1.2241045788568763,60.00002704610304
1.2241045788568763,59.99999264810641
1.2241045788568763,59.99980600699119
1.2241045788568763,60.000006549842126
1.2241045788568763,59.99999278240925
1.2241045788568763,60.000046792530426
1.2241045788568763,59.99999459091857
1.2241045788568763,60.000009407565415
1.2241045788568763,59.99998949350204
1.2241045788568763,59.99979365288512
1.2241045788568763,59.99994807109131
1.2241045788568763,59.99995995264376
1.2241045788568763,60.00001346423361
1.2241045788568763,59.999836633493665
1.2241045788568763,59.99993508949201
1.2241045788568763,59.99993376967056
1.2241045788568763,59.99999634701404
1.2241045788568763,59.999991010440695
1.2241045788568763,59.999996947679506
1.2241045788568763,60.00001212606006
1.2241045788568763,60.000004878488724
1.2241045788568763,59.99983009793706
1.2241045788568763,60.00004674996296
1.2241045788568763,59.99987603981713
1.2241045788568763,59.99994921166704
1.2241045788568763,59.99988074461514
1.2241045788568763,59.999878488549086
1.2241045788568763,59.99984712760895
1.2241045788568763,59.999999642859635
1.2241045788568763,60.00001544764399
1.2241045788568763,60.000015978098915
1.2241045788568763,60.00002105759382
1.2241045788568763,59.999983042797645
1.2241045788568763,60.00000574655964
1.2241045788568763,60.00000191697915
1.2241045788568763,60.000009959697984
1.2241045788568763,59.99995422812705
1.2241045788568763,60.00001222603452
1.2241045788568763,60.000021151683555
1.2241045788568763,60.000036227465074
1.2241045788568763,60.000007946564274
1.2241045788568763,60.000019902668
1.2241045788568763,60.00001625764402
1.2241045788568763,59.9999574480855
1.2241045788568763,60.000027421998546
1.2241045788568763,60.00001340937118
1.2241045788568763,60.000010828143516
1.2241045788568763,59.999969581833675
1.2241045788568763,60.00001682203698
1.2241045788568763,60.00002763254941
1.2241045788568763,59.99994075925235
1.2241045788568763,60.000019943069816
1.2241045788568763,60.000022272385735
1.2241045788568763,59.999975388086376
1.2241045788568763,59.999998563039334
1.2241045788568763,60.000073877684514
1.2241045788568763,60.00006904825034
1.2241045788568763,59.999997303962424
1.2241045788568763,60.00002673082058
1.2241045788568763,59.99998127310755
1.2241045788568763,60.000065718351195
1.2241045788568763,59.99996140666164
1.2241045788568763,60.000158744730555
1.2241045788568763,59.9999910547166
1.2241045788568763,60.0000151217377
1.2241045788568763,60.00001519054318
1.2241045788568763,60.00001199068575
1.2241045788568763,60.00001124969415
1.2241045788568763,60.00001628022374
1.2241045788568763,59.99998120407053
1.2241045788568763,60.00008400660739
1.2241045788568763,60.00003261804203
1.2241045788568763,60.00012323528745
1.2241045788568763,60.00010033270957
1.2241045788568763,60.00009596342915
1.2241045788568763,60.00003353194307
1.2241045788568763,60.00003904950043
1.2241045788568763,60.00006587334035
1.2241045788568763,60.000036546256645
1.2241045788568763,60.000110088359
1.2241045788568763,60.00005533958804
1.2241045788568763,60.000072242117795
1.2241045788568763,59.99999677042272
1.2241045788568763,60.00001205624307
1.2241045788568763,60.00001318878448
1.2241045788568763,60.000014418850675
1.2241045788568763,59.99997955612148
1.2241045788568763,60.00004250411965
1.2241045788568763,59.99998800061752
1.2241045788568763,60.000018256637844
1.2241045788568763,60.000090610735434
1.2241045788568763,59.99999772715188
1.2241045788568763,60.00008864869753
1.2241045788568763,60.00012155230014
1.2241045788568763,60.00012264149804
1.2241045788568763,60.00002847843617
1.2241045788568763,60.00003433925832
1.2241045788568763,60.00001624923843
1.2241045788568763,60.00008435929009
1.2241045788568763,60.00003997560858
1.2241045788568763,60.00002778539854
1.2241045788568763,60.00003183127453
1.2241045788568763,60.00006810722873
1.2241045788568763,60.00011447619599
1.2241045788568763,60.00004925111842
1.2241045788568763,60.00011125052488
1.2241045788568763,60.000001616646365
1.2241045788568763,60.00004712969083
1.2241045788568763,60.000027019897786
1.2241045788568763,59.999988167576454
1.2241045788568763,60.000031682636
1.2241045788568763,60.00003982997987
1.2241045788568763,60.00007233277716
1.2241045788568763,60.0000269477466
1.2241045788568763,60.000101161338485
1.2241045788568763,60.000056047565444
1.2241045788568763,60.00010772942444
1.2241045788568763,60.000101847502286
1.2241045788568763,60.00010152502005
1.2241045788568763,60.00001101409511
1.2241045788568763,60.00000612128035
1.2241045788568763,60.000002557206756
1.2241045788568763,59.99999754709352
1.2241045788568763,59.99999034035455
1.2241045788568763,59.9999542730447
1.2241045788568763,60.00003080449805
1.2241045788568763,60.00001313543189
1.2241045788568763,59.999996329090564
1.2241045788568763,60.00003473119348
1.2241045788568763,59.999990422839375
1.2241045788568763,60.00002300936877
1.2241045788568763,59.99992831338462
1.2241045788568763,60.00011279528684
1.2241045788568763,60.00000219318505
1.2241045788568763,59.99999615918103
1.2241045788568763,60.00001584006737
1.2241045788568763,60.000010253789604
1.2241045788568763,60.00003544856765
1.2241045788568763,60.000029042059296
1.2241045788568763,59.99999294997775
1.2241045788568763,60.000036151915545
1.2241045788568763,59.99999944655213
1.2241045788568763,59.999995631852464
1.2241045788568763,60.00001019313179
1.2241045788568763,60.000151119809765
1.2241045788568763,60.00010963767512
1.2241045788568763,60.00001751230545
1.2241045788568763,60.00011499305897
1.2241045788568763,59.99999828043465
1.2241045788568763,60.000028019174245
1.2241045788568763,60.00002619250973
1.2241045788568763,59.99998991797584
1.2241045788568763,60.00002716820701
1.2241045788568763,60.00001534843722
1.2241045788568763,60.00000451888601
1.2241045788568763,60.00016861929385
1.2241045788568763,59.999998263106484
1.2241045788568763,60.00012768881249
1.2241045788568763,60.000023146981455
1.2241045788568763,60.00015137732875
1.2241045788568763,60.000072761570294
1.2241045788568763,60.000089213965715
1.2241045788568763,59.99996955202001
1.2241045788568763,59.99999374800766
1.2241045788568763,60.00005341756699
1.2241045788568763,60.00000951156476
1.2241045788568763,59.99996283426328
1.2241045788568763,60.000013513803765
1.2241045788568763,59.999976012026494
1.2241045788568763,59.9999928158051
1.2241045788568763,60.000012716163255
1.2241045788568763,60.00001985449691
1.2241045788568763,60.0000225617317
1.2241045788568763,60.00000867517848
1.2241045788568763,59.99999855037349
1.2241045788568763,60.00013342358401
1.2241045788568763,60.000041356324644
1.2241045788568763,60.00001159455798
1.2241045788568763,60.00005362000201
1.2241045788568763,60.000019217642055
1.2241045788568763,60.00011499218191
1.2241045788568763,60.00005414455753
1.2241045788568763,60.00009705861496
1.2241045788568763,60.00008132358062
1.2241045788568763,60.00002951711498
1.2241045788568763,60.00005472297589
1.2241045788568763,60.00004053803037
1.2241045788568763,60.00010179722858
1.2241045788568763,60.000058509038574
1.2241045788568763,59.999997301941306
1.2241045788568763,59.99999092159463
1.2241045788568763,60.00002228083463
1.2241045788568763,60.00006071307824
1.2241045788568763,59.99998317646121
1.2241045788568763,60.00000931543597
1.2241045788568763,60.00009706367685
1.2241045788568763,60.00004993542053
1.2241045788568763,60.00001428186736
1.2241045788568763,59.99999323083195
1.2241045788568763,60.000053205402374
1.2241045788568763,60.00006642555195
1.2241045788568763,60.00006267229456
1.2241045788568763,60.00000245464175
1.2241045788568763,60.000091059823205
1.2241045788568763,60.00006501707024
1.2241045788568763,60.00005952408467
1.2241045788568763,60.00001859934837
1.2241045788568763,60.000037458522385
1.2241045788568763,60.00003617841319
1.2241045788568763,60.00003111571158
1.2241045788568763,60.000046456041595
1.2241045788568763,60.00002124098933
1.2241045788568763,60.00002402814709
1.2241045788568763,59.99997583296301
1.2241045788568763,60.000011044797915
1.2241045788568763,60.000018348688755
1.2241045788568763,59.999992967781296
1.2241045788568763,59.99999970702632
1.2241045788568763,60.000116249936205
1.2241045788568763,60.00021899785686
1.2241045788568763,60.00008125412612
1.2241045788568763,60.00014751380393
1.2241045788568763,60.00009112411797
1.2241045788568763,60.00004283366152
1.2241045788568763,59.999988008111295
1.2241045788568763,60.00001533455136
1.2241045788568763,60.00003968602478
1.2241045788568763,60.000023157646076
1.2241045788568763,60.000020171653276
1.2241045788568763,59.99998678759725
1.2241045788568763,60.0000153769966
1.2241045788568763,59.999973808385896
1.2241045788568763,60.00000229556636
1.2241045788568763,60.00013163830374
1.2241045788568763,60.00003203535393
1.2241045788568763,60.00000847632113
1.2241045788568763,59.999974929252545
1.2241045788568763,60.00010307386159
1.2241045788568763,59.99999517339862
1.2241045788568763,60.00005466250715
1.2241045788568763,60.000003530945605
1.2241045788568763,60.000014456296554
1.2241045788568763,59.99995349975931
1.2241045788568763,60.00003143066608
1.2241045788568763,60.0000306171608
1.2241045788568763,60.000031483938415
1.2241045788568763,60.00006309199358
1.2241045788568763,60.00002247765342
1.2241045788568763,59.99998294981868
1.2241045788568763,60.000064543467744
1.2241045788568763,60.00002498418385
1.2241045788568763,60.00007219846903
1.2241045788568763,60.00002508788331
1.2241045788568763,60.0000254589299
1.2241045788568763,60.00004448956045
1.2241045788568763,59.999991879742616
1.2241045788568763,59.99998948308986
1.2241045788568763,59.99999647926412
1.2241045788568763,60.00000005661763
1.2241045788568763,60.000004319376515
1.2241045788568763,59.999998530357416
1.2241045788568763,59.99998573922403
1.2241045788568763,59.9999958181103
1.2241045788568763,60.00002540615741
1.2241045788568763,60.00001481402779
1.2241045788568763,60.000008099035064
1.2241045788568763,59.99998358639901
1.2241045788568763,59.99994403049696
1.2241045788568763,60.00002667079341
1.2241045788568763,59.999995698771244
1.2241045788568763,59.999985069011366
1.2241045788568763,59.99996035974208
1.2241045788568763,59.99994523550617
1.2241045788568763,59.999926319351204
1.2241045788568763,59.999993351123685
1.2241045788568763,60.00001680383241
1.2241045788568763,59.99999863721752
1.2241045788568763,59.999970726284516
1.2241045788568763,60.00002012819964
1.2241045788568763,59.99998792232721
1.2241045788568763,60.000036130009356
1.2241045788568763,60.00000866769243
1.2241045788568763,59.999996078526955
1.2241045788568763,59.99993329632918
1.2241045788568763,59.999979756903365
1.2241045788568763,60.00001594352961
1.2241045788568763,59.99999508411998
1.2241045788568763,59.99999048841286
1.2241045788568763,60.00001839954078
1.2241045788568763,59.99998198218075
1.2241045788568763,59.9999899728127
1.2241045788568763,60.0000073235865
1.2241045788568763,59.99998386672289
1.2241045788568763,59.9999476456106
1.2241045788568763,59.99998882544316
1.2241045788568763,59.999968952936214
1.2241045788568763,60.00003792626476
1.2241045788568763,59.999953504359134
1.2241045788568763,59.999942323635466
1.2241045788568763,59.99997648883353
1.2241045788568763,59.999987989239415
1.2241045788568763,59.99992883755541
1.2241045788568763,60.00008380234704
1.2241045788568763,60.00003784841271
1.2241045788568763,59.999975062806435
1.2241045788568763,59.999962497424924
1.2241045788568763,60.00000956207793
1.2241045788568763,60.00001548967813
1.2241045788568763,60.000004038224624
1.2241045788568763,59.99997623404148
1.2241045788568763,59.99996360508229
1.2241045788568763,60.000095916118724
1.2241045788568763,60.000072892393284
1.2241045788568763,59.999968373328514
1.2241045788568763,59.99996502863974
1.2241045788568763,59.99997213013692
1.2241045788568763,60.00015943602495
1.2241045788568763,60.00009309588652
1.2241045788568763,59.999968024481596
1.2241045788568763,60.0000165268619
1.2241045788568763,60.00001432194027
1.2241045788568763,59.99997651966063
1.2241045788568763,59.9999863408362
1.2241045788568763,60.000018994165615
1.2241045788568763,59.9999847803354
1.2241045788568763,60.000017267571934
1.2241045788568763,60.00002021184984
1.2241045788568763,60.000015083047444
1.2241045788568763,60.00000659239482
1.2241045788568763,60.00002965485169
1.2241045788568763,60.00000456263471
1.2241045788568763,60.00012410871655
1.2241045788568763,60.00012920764224
1.2241045788568763,60.00002184713886
1.2241045788568763,60.00015469512443
1.2241045788568763,59.999986291389256
1.2241045788568763,59.99989600255378
1.2241045788568763,59.9999452926424
1.2241045788568763,59.99990389018449
1.2241045788568763,60.00001293793364
1.2241045788568763,60.0000156794212
1.2241045788568763,60.000009030332905
1.2241045788568763,59.999997619177705
1.2241045788568763,59.999985577281
1.2241045788568763,60.00002558195259
1.2241045788568763,60.00007986360681
1.2241045788568763,59.99997644554301
1.2241045788568763,60.00011519628522
1.2241045788568763,59.999961678298696
1.2241045788568763,59.99993968811437
1.2241045788568763,60.00007118258387
1.2241045788568763,60.000058261838525
1.2241045788568763,60.0001323969978
1.2241045788568763,59.999954783671676
1.2241045788568763,60.000060234370196
1.2241045788568763,60.00002530592874
1.2241045788568763,59.999987592851156
1.2241045788568763,60.000007332312684
1.2241045788568763,60.00000794840177
1.2241045788568763,60.00000308659649
1.2241045788568763,60.0000164014359
1.2241045788568763,60.00000056390899
1.2241045788568763,59.99998852221108
1.2241045788568763,59.999956657920954
1.2241045788568763,60.00001739965711
1.2241045788568763,59.999969700170524
1.2241045788568763,59.999932090354136
1.2241045788568763,59.99995609436379
1.2241045788568763,59.99995695439287
1.2241045788568763,59.99999858181414
1.2241045788568763,59.99996224944356
1.2241045788568763,60.00000593660777
1.2241045788568763,59.99999801721005
1.2241045788568763,60.00002695088174
1.2241045788568763,59.99998161739596
1.2241045788568763,60.00001519473055
1.2241045788568763,60.000001630842284
1.2241045788568763,60.000009625834245
1.2241045788568763,59.99994735686508
1.2241045788568763,59.99997846232857
1.2241045788568763,60.000002582292076
1.2241045788568763,59.99995460255222
1.2241045788568763,59.999950497307196
1.2241045788568763,59.99996156414948
1.2241045788568763,59.99998192327984
1.2241045788568763,60.00000636807939
1.2241045788568763,60.000015753611315
1.2241045788568763,60.00000305048302
1.2241045788568763,60.000008714277854
1.2241045788568763,59.999993250096075
1.2241045788568763,60.000012892411654
1.2241045788568763,59.999979657516725
1.2241045788568763,59.9999826111362
1.2241045788568763,60.000008228717505
1.2241045788568763,60.00000405391009
1.2241045788568763,59.99999426504211
1.2241045788568763,59.99998211883518
1.2241045788568763,59.999991864882446
1.2241045788568763,60.00000080480903
1.2241045788568763,60.00000217769439
1.2241045788568763,59.99997657802178
1.2241045788568763,59.99999127116029
1.2241045788568763,59.99999001699188
1.2241045788568763,59.99999325044681
1.2241045788568763,59.999970729116654
1.2241045788568763,60.00000090817229
1.2241045788568763,59.999989457847235
1.2241045788568763,59.99997767924492
1.2241045788568763,59.99993857561144
1.2241045788568763,60.000097189407114
1.2241045788568763,60.00007864837977
1.2241045788568763,59.999986984450295
1.2241045788568763,59.99997426842374
1.2241045788568763,59.999977498892925
1.2241045788568763,59.999973003952775
1.2241045788568763,59.99999408571987
1.2241045788568763,59.99999177702705
1.2241045788568763,59.999985744059884
1.2241045788568763,60.000085283969405
1.2241045788568763,60.00007484217327
1.2241045788568763,59.999996400050705
1.2241045788568763,59.999995130552705
1.2241045788568763,59.99997037940585
1.2241045788568763,60.000069535602954
1.2241045788568763,59.99997303325759
1.2241045788568763,59.99994115779431
1.2241045788568763,60.00008207435067
1.2241045788568763,60.00006830792944
1.2241045788568763,59.999979102165724
1.2241045788568763,60.000002838254886
1.2241045788568763,60.00001372992673
1.2241045788568763,60.00000340969087
1.2241045788568763,60.000075040864665
1.2241045788568763,60.000021327831924
1.2241045788568763,60.0000106383119
1.2241045788568763,59.99997598364883
1.2241045788568763,60.000057954212984
1.2241045788568763,60.00009232770973
1.2241045788568763,60.0000830175462
1.2241045788568763,60.00007436949768
1.2241045788568763,60.00001807311518
1.2241045788568763,60.00004167865789
1.2241045788568763,60.000096714735456
1.2241045788568763,59.99997929562378
1.2241045788568763,60.00001083918998
1.2241045788568763,59.999999131907835
1.2241045788568763,59.99999791765943
1.2241045788568763,60.00000198843359
1.2241045788568763,59.999985746312895
1.2241045788568763,60.00000466725633
1.2241045788568763,59.99999708488178
1.2241045788568763,60.00008797022679
1.2241045788568763,60.00004137082259
1.2241045788568763,60.0000655362418
1.2241045788568763,60.000054249952356
1.2241045788568763,60.00007147189315
1.2241045788568763,60.000030141326036
1.2241045788568763,60.00007769631358
1.2241045788568763,60.00003278282266
1.2241045788568763,60.000038212730146
1.2241045788568763,60.000071261836645
1.2241045788568763,60.00003519267511
1.2241045788568763,60.00000046323859
1.2241045788568763,60.00000056059653
1.2241045788568763,60.00001722666169
1.2241045788568763,60.00001907965869
1.2241045788568763,60.00001282766253
1.2241045788568763,60.000037803881725
1.2241045788568763,60.00007264459375
1.2241045788568763,60.00004148842459
1.2241045788568763,60.000039987438974
1.2241045788568763,60.00001714303736
1.2241045788568763,60.000008513483415
1.2241045788568763,59.99998610032115
1.2241045788568763,59.99999788480913
1.2241045788568763,60.000037582776045
1.2241045788568763,60.00002557849599
1.2241045788568763,60.000008603118545
1.2241045788568763,60.00001605073592
1.2241045788568763,60.00007889535895
1.2241045788568763,59.99999314841187
1.2241045788568763,60.00001970952542
1.2241045788568763,60.00001525593173
1.2241045788568763,59.99992860303139
1.2241045788568763,59.99993092582633
1.2241045788568763,59.999981915813294
1.2241045788568763,59.99987055566227
1.2241045788568763,59.99983834973245
1.2241045788568763,59.99982035449509
1.2241045788568763,59.999996725560536
1.2241045788568763,59.9999834655742
1.2241045788568763,59.99999846257342
1.2241045788568763,59.999985657054154
1.2241045788568763,60.00000352266564
1.2241045788568763,59.99996474529835
1.2241045788568763,60.000003273340255
1.2241045788568763,60.0000251103939
1.2241045788568763,60.00001217454854
1.2241045788568763,60.00001472685909
1.2241045788568763,60.00000549517648
1.2241045788568763,59.99996519165742
1.2241045788568763,59.99999069052697
1.2241045788568763,59.99987556078483
1.2241045788568763,59.9999967761254
1.2241045788568763,59.99993012092002
1.2241045788568763,59.999940507206276
1.2241045788568763,59.99982097155162
1.2241045788568763,59.99998428352461
1.2241045788568763,60.00000487660588
1.2241045788568763,60.000007903570754
1.2241045788568763,59.99999518264733
1.2241045788568763,60.00001854374568
1.2241045788568763,59.99999895328327
1.2241045788568763,59.99999200861745
1.2241045788568763,60.00000242576303
1.2241045788568763,59.99999839865439
1.2241045788568763,59.99992589567946
1.2241045788568763,59.99987278117456
1.2241045788568763,59.999902648769826
1.2241045788568763,59.99983411399689
1.2241045788568763,60.00000470077064
1.2241045788568763,59.9998555340497
1.2241045788568763,60.00002239129264
1.2241045788568763,59.999995835556845
1.2241045788568763,59.999986166441055
1.2241045788568763,59.99997271345334
1.2241045788568763,59.999997205961584
1.2241045788568763,60.00002385928449
1.2241045788568763,60.0000133518151
1.2241045788568763,60.00000919956867
1.2241045788568763,60.000016231980986
1.2241045788568763,59.99998812821275
1.2241045788568763,59.999975064850524
1.2241045788568763,59.99999152216623
1.2241045788568763,59.99999355910577
1.2241045788568763,59.9999965202749
1.2241045788568763,60.00000977153535
1.2241045788568763,60.00001813296194
1.2241045788568763,59.9999829700241
1.2241045788568763,59.999984280575
1.2241045788568763,59.999995353217884
1.2241045788568763,59.99990014767655
1.2241045788568763,59.999901349019424
1.2241045788568763,59.99987475641074
1.2241045788568763,59.99998815716685
1.2241045788568763,59.999963981250716
1.2241045788568763,59.999934229769984
1.2241045788568763,59.9999251224931
1.2241045788568763,59.99997927778023
1.2241045788568763,60.00002864879654
1.2241045788568763,59.999991006068036
1.2241045788568763,60.00001152862376
1.2241045788568763,59.99990030898793
1.2241045788568763,59.99993251249117
1.2241045788568763,59.99994012264029
1.2241045788568763,59.99998756978938
1.2241045788568763,59.99999095162813
1.2241045788568763,60.000037057451465
1.2241045788568763,60.0000026628185
1.2241045788568763,60.00001514916712
1.2241045788568763,60.00001089513753
1.2241045788568763,60.00000632861965
1.2241045788568763,60.00000910335918
1.2241045788568763,60.00002059792369
1.2241045788568763,60.00001758727141
1.2241045788568763,60.000007833842446
1.2241045788568763,59.99992187529141
1.2241045788568763,60.00002006234783
1.2241045788568763,59.999945796404006
1.2241045788568763,60.000005068984926
1.2241045788568763,59.99996225232114
1.2241045788568763,59.999969306988234
1.2241045788568763,59.99992858432525
1.2241045788568763,59.999928477603966
1.2241045788568763,59.999959835465575
1.2241045788568763,59.999940400272045
1.2241045788568763,59.99999073384598
1.2241045788568763,60.00000620157366
1.2241045788568763,60.0000185530687
1.2241045788568763,59.99999832795135
1.2241045788568763,59.99998420366605
1.2241045788568763,60.000014612216134
1.2241045788568763,59.99998261453945
1.2241045788568763,59.99999510787767
1.2241045788568763,59.99994295405665
1.2241045788568763,59.9999411402319
1.2241045788568763,59.99996769805455
1.2241045788568763,59.99995922478052
1.2241045788568763,59.99993419531491
1.2241045788568763,59.99994793207658
1.2241045788568763,59.99993992917223
1.2241045788568763,59.99997085097509
1.2241045788568763,59.99991861244135
1.2241045788568763,59.99994458447673
1.2241045788568763,59.99992751841655
1.2241045788568763,59.999936429011896
1.2241045788568763,59.99999608346154
1.2241045788568763,60.000007982182275
1.2241045788568763,59.99999178790602
1.2241045788568763,60.00001321988803
1.2241045788568763,60.000007822680914
1.2241045788568763,59.999981925568164
1.2241045788568763,59.99998986750867
1.2241045788568763,60.000006867456555
1.2241045788568763,59.99997422297688
1.2241045788568763,60.000011590897365
1.2241045788568763,60.00007736513215
1.2241045788568763,59.99995901661222
1.2241045788568763,60.000087965700544
1.2241045788568763,60.00000304496666
1.2241045788568763,60.00001210317903
1.2241045788568763,59.99999063089367
1.2241045788568763,60.000024145599326
1.2241045788568763,59.99999438345289
1.2241045788568763,60.00000228391679
1.2241045788568763,59.999999160126876
1.2241045788568763,59.999997619355824
1.2241045788568763,60.00004409153389
1.2241045788568763,60.000097946318476
1.2241045788568763,60.00003312897442
1.2241045788568763,60.00000934743172
1.2241045788568763,60.00000084464809
1.2241045788568763,60.00001380337772
1.2241045788568763,60.000057180150726
1.2241045788568763,60.00007554589057
1.2241045788568763,60.00000414013884
1.2241045788568763,60.00000904786733
1.2241045788568763,59.99999524575799
1.2241045788568763,60.000010706691384
1.2241045788568763,59.99999236835221
1.2241045788568763,60.00000884955148
1.2241045788568763,60.00001426617853
1.2241045788568763,60.000010242486404
1.2241045788568763,60.00001225828779
1.2241045788568763,59.99997410770872
1.2241045788568763,60.00001519560752
1.2241045788568763,59.999989998629324
1.2241045788568763,60.00008573324527
1.2241045788568763,60.00006853709121
1.2241045788568763,60.00004800400056
1.2241045788568763,60.0000383271947
1.2241045788568763,59.99999542592147
1.2241045788568763,60.00001070924947
1.2241045788568763,59.99999546572371
1.2241045788568763,60.00000030773687
1.2241045788568763,60.000000926811985
1.2241045788568763,60.000010261774506
1.2241045788568763,60.000011793660164
1.2241045788568763,60.00001680458644
1.2241045788568763,60.00000429889431
1.2241045788568763,59.999948172536925
1.2241045788568763,60.00003662313229
1.2241045788568763,60.00007777089872
1.2241045788568763,60.00006029751974
1.2241045788568763,59.99997938723506
1.2241045788568763,59.99999682368125
1.2241045788568763,60.0000300354685
1.2241045788568763,60.00000532069291
1.2241045788568763,60.00002612025693
1.2241045788568763,59.999993195886326
1.2241045788568763,60.00002467944857
1.2241045788568763,59.99995330550115
1.2241045788568763,60.00004650931365
1.2241045788568763,60.00007186388137
1.2241045788568763,60.000108064009396
1.2241045788568763,60.00010230139477
1.2241045788568763,60.00007878318794
1.2241045788568763,59.99998903995989
1.2241045788568763,59.999992286640996
1.2241045788568763,60.000010737374
1.2241045788568763,59.99999211176558
1.2241045788568763,60.00002349741008
1.2241045788568763,59.99998451473499
1.2241045788568763,60.00001436164676
1.2241045788568763,59.99997195298914
1.2241045788568763,60.000093095289074
1.2241045788568763,60.00011626829004
1.2241045788568763,60.000067813993425
1.2241045788568763,59.999984747803964
1.2241045788568763,59.99992927693232
1.2241045788568763,59.99991384317226
1.2241045788568763,59.99992399959702
1.2241045788568763,59.99997270616215
1.2241045788568763,60.000013661990444
1.2241045788568763,60.00002587958506
1.2241045788568763,60.00002874365822
1.2241045788568763,60.00000960788228
1.2241045788568763,60.00001193200534
1.2241045788568763,60.00002259136039
1.2241045788568763,60.000091720418844
1.2241045788568763,59.999947844813946
1.2241045788568763,59.99998219357979
1.2241045788568763,60.000074059113494
1.2241045788568763,60.00007748482619
1.2241045788568763,59.99997987436635
1.2241045788568763,60.000054148041286
1.2241045788568763,59.99999937572043
1.2241045788568763,59.99998898497382
1.2241045788568763,60.00002494557417
1.2241045788568763,59.999991466423594
1.2241045788568763,60.000022435594495
1.2241045788568763,60.000008032400544
1.2241045788568763,60.00000338978121
1.2241045788568763,59.99999859807912
1.2241045788568763,60.00003936605897
1.2241045788568763,59.99993946978372
1.2241045788568763,60.000020081603665
1.2241045788568763,60.00009035989866
1.2241045788568763,59.99997905901278
1.2241045788568763,59.99993497839181
1.2241045788568763,60.000089090045705
1.2241045788568763,59.99995899099801
1.2241045788568763,60.00008607420022
1.2241045788568763,60.00001091234183
1.2241045788568763,60.00000844436646
1.2241045788568763,60.00001261801692
1.2241045788568763,60.000033304553
1.2241045788568763,60.00001355656824
1.2241045788568763,59.99997678219995
1.2241045788568763,60.000046994813744
1.2241045788568763,59.99996106862805
1.2241045788568763,59.999959625085296
1.2241045788568763,59.99995947121527
1.2241045788568763,59.99996061377449
1.2241045788568763,59.999913866525716
1.2241045788568763,59.99996812246008
1.2241045788568763,60.00002843842979
1.2241045788568763,59.999994706093496
1.2241045788568763,59.999978646510044
1.2241045788568763,60.0000224891794
1.2241045788568763,60.00003085285528
1.2241045788568763,60.00000837102453
1.2241045788568763,59.99999180154112
1.2241045788568763,59.99999865184675
1.2241045788568763,59.999985742586205
1.2241045788568763,59.99999527730478
1.2241045788568763,60.000001314601015
1.2241045788568763,59.99998823254608
1.2241045788568763,60.00001215625161
1.2241045788568763,59.999984055560695
1.2241045788568763,60.000028516071445
1.2241045788568763,60.000039742327466
1.2241045788568763,59.99998309891673
1.2241045788568763,60.00001617991147
1.2241045788568763,60.000015476133434
1.2241045788568763,60.000011790305145
1.2241045788568763,59.999961866428556
1.2241045788568763,60.000004708322344
1.2241045788568763,59.99997976459822
1.2241045788568763,59.999992221565485
1.2241045788568763,59.99998908103252
1.2241045788568763,60.000020799578564
1.2241045788568763,60.000020223444466
1.2241045788568763,60.00004315041509
1.2241045788568763,60.00000093200026
1.2241045788568763,59.99997694810254
1.2241045788568763,59.99999379268748
1.2241045788568763,60.00000643258313
1.2241045788568763,59.99986738387584
1.2241045788568763,59.99984583179202
1.2241045788568763,59.99982815681807
1.2241045788568763,59.999984566864754
1.2241045788568763,59.99997174702294
1.2241045788568763,60.00000168240446
1.2241045788568763,59.99998621037131
1.2241045788568763,60.00000436772802
1.2241045788568763,60.000004286557704
1.2241045788568763,59.99987189150292
1.2241045788568763,59.99990930357417
1.2241045788568763,59.99999020907535
1.2241045788568763,60.000005124840605
1.2241045788568763,60.00002165258744
1.2241045788568763,60.00002224392159
1.2241045788568763,59.99999099833497
1.2241045788568763,59.99991736143026
1.2241045788568763,60.000006573856446
1.2241045788568763,59.999946228806245
1.2241045788568763,59.99998639235958
1.2241045788568763,59.99992809519111
1.2241045788568763,59.99991158548398
1.2241045788568763,59.99996488149451
1.2241045788568763,60.00001226117695
1.2241045788568763,60.000010595785696
1.2241045788568763,59.999987958716616
1.2241045788568763,59.99997142427637
1.2241045788568763,59.999990234198364
1.2241045788568763,59.99993356543146
1.2241045788568763,59.999923244122094
1.2241045788568763,60.000005025096534
1.2241045788568763,59.99997031660801
1.2241045788568763,59.99992409982759
1.2241045788568763,59.99992522552077
1.2241045788568763,59.99991814864683
1.2241045788568763,60.000003791966364
1.2241045788568763,59.99999542652207
1.2241045788568763,60.0000109456579
1.2241045788568763,59.999982944855034
1.2241045788568763,59.999995780887225
1.2241045788568763,60.000002216511
1.2241045788568763,60.00000925561497
1.2241045788568763,60.00000711827332
1.2241045788568763,60.00000154442044
1.2241045788568763,60.00000015117263
1.2241045788568763,59.999997664935684
1.2241045788568763,59.999997778758654
1.2241045788568763,59.99999630742881
1.2241045788568763,59.999978314462
1.2241045788568763,60.00001947045596
1.2241045788568763,59.99999768894354
1.2241045788568763,59.99999658287195
1.2241045788568763,59.99999312270467
1.2241045788568763,59.99997887752626
1.2241045788568763,60.000015469090684
1.2241045788568763,60.00000206327794
1.2241045788568763,60.00001845402951
1.2241045788568763,60.00002128757832
1.2241045788568763,59.99997646965799
1.2241045788568763,59.99998508184919
1.2241045788568763,60.000017273626284
1.2241045788568763,60.00001383063283
1.2241045788568763,60.00000264523797
1.2241045788568763,60.000005912581166
1.2241045788568763,59.99999478434329
1.2241045788568763,59.99998798146517
1.639109245552488,59.999863752306446
1.639109245552488,59.99998589287771
1.639109245552488,59.999883789666555
1.639109245552488,60.00109993757003
1.639109245552488,59.99988514111938
1.639109245552488,60.00006113992155
1.639109245552488,60.00074873897405
1.639109245552488,59.99845776415928
1.639109245552488,59.99991717092964
1.639109245552488,59.99998528993094
1.639109245552488,59.99907641857605
1.639109245552488,59.99969975432943
1.639109245552488,59.99995330928881
1.639109245552488,59.99825009416862
1.639109245552488,60.007542066990474
1.639109245552488,59.99998764286665
1.639109245552488,60.010074687327204
1.639109245552488,59.9996156908634
1.639109245552488,60.00000839571429
1.639109245552488,60.00092538406919
1.639109245552488,60.000078783807126
1.639109245552488,60.00133001733317
1.639109245552488,60.0001493235144
1.639109245552488,60.00104818580788
1.639109245552488,59.99991907700948
1.639109245552488,60.00015379466642
1.639109245552488,60.0078556608946
1.639109245552488,59.99837014821726
1.639109245552488,59.99908953589234
1.639109245552488,59.999989326183986
1.639109245552488,59.998915057714306
1.639109245552488,59.99984255105985
1.639109245552488,60.007886231954465
1.639109245552488,60.00087388475544
1.639109245552488,60.00006695384017
1.639109245552488,60.00020794664964
1.639109245552488,59.99999446774677
1.639109245552488,60.00038824666001
1.639109245552488,60.000506187961946
1.639109245552488,59.996211553970866
1.639109245552488,60.00155511573739
1.639109245552488,59.996884905663165
1.639109245552488,60.00003948950714
1.639109245552488,60.00003609703826
1.639109245552488,60.000945343504206
1.639109245552488,60.00000242250122
1.639109245552488,60.0006632228725
1.639109245552488,60.00001588899223
1.639109245552488,60.00023727751234
1.639109245552488,59.99958546435444
1.639109245552488,60.0139159063118
1.639109245552488,60.00204130264783
1.639109245552488,60.000118467236796
1.639109245552488,59.999802939237526
1.639109245552488,59.99842185007157
1.639109245552488,59.999955847261404
1.639109245552488,60.00982006897608
1.639109245552488,59.99748247204168
1.639109245552488,59.99977433903852
1.639109245552488,60.00017498717776
1.639109245552488,60.0004319833492
1.639109245552488,59.99928369931536
1.639109245552488,60.00010162142454
1.639109245552488,60.000037055288225
1.639109245552488,59.998986076255584
1.639109245552488,60.00119833724179
1.639109245552488,60.00202672265577
1.639109245552488,60.0093005263383
1.639109245552488,60.01432861117625
1.639109245552488,60.000883213824615
1.639109245552488,59.99928551089364
1.639109245552488,59.99731510177292
1.639109245552488,60.00089871263617
1.639109245552488,59.99933108013954
1.639109245552488,59.99955308263145
1.639109245552488,60.00033749039702
1.639109245552488,59.998793789236444
1.639109245552488,60.00003273602106
1.639109245552488,60.00011048737283
1.639109245552488,60.01954899736939
1.639109245552488,60.00074685693319
1.639109245552488,59.9958108115337
1.639109245552488,59.998722490014146
1.639109245552488,60.001952273615494
1.639109245552488,59.9999997783697
1.639109245552488,60.01900826612034
1.639109245552488,60.00040211958885
1.639109245552488,60.0108286188254
1.639109245552488,60.00009179324646
1.639109245552488,59.99975509408368
1.639109245552488,59.99995758343712
1.639109245552488,60.00015506967626
1.639109245552488,59.999952878114385
1.639109245552488,59.99983831489049
1.639109245552488,60.00002943429205
1.639109245552488,59.998233608013756
1.639109245552488,60.0017389546293
1.639109245552488,60.00035917269736
1.639109245552488,59.994116025952394
1.639109245552488,60.01055735456017
1.639109245552488,59.99864094986649
1.639109245552488,60.0102512878295
1.639109245552488,60.000682223746736
1.639109245552488,60.0132376371667
1.639109245552488,59.999595036754705
1.639109245552488,59.997935509968805
1.639109245552488,59.999932661928646
1.639109245552488,60.010024395726475
1.639109245552488,60.001266833269696
1.639109245552488,59.999784802244385
1.639109245552488,60.011947805238776
1.639109245552488,59.9933278930475
1.639109245552488,59.998692486436845
1.639109245552488,60.00014847644087
1.639109245552488,60.000020689912596
1.639109245552488,59.99997750180388
1.639109245552488,60.00958070664692
1.639109245552488,59.99563361773858
1.639109245552488,60.00056196345521
1.639109245552488,59.99779565216454
1.639109245552488,59.99900582736135
1.639109245552488,60.00991940489695
1.639109245552488,60.00049124913733
1.639109245552488,60.000611448559994
1.639109245552488,59.99961770518256
1.639109245552488,59.99995179131566
1.639109245552488,60.00027561687131
1.639109245552488,59.999985052861305
1.639109245552488,60.00020216715474
1.639109245552488,59.999976857219295
1.639109245552488,60.00114028447683
1.639109245552488,60.00190330170319
1.639109245552488,60.00873500951168
1.639109245552488,60.000293418094394
1.639109245552488,60.00347815455594
1.639109245552488,60.01088425440798
1.639109245552488,59.99898015178994
1.639109245552488,60.001551003559456
1.639109245552488,59.99850642336264
1.639109245552488,59.997697987897375
1.639109245552488,59.999502504129026
1.639109245552488,59.999262776135566
1.639109245552488,60.000797363037236
1.639109245552488,59.99987765777127
1.639109245552488,59.99997160688541
1.639109245552488,59.99783567084252
1.639109245552488,59.99790391792667
1.639109245552488,60.02435734216307
1.639109245552488,60.0001094154638
1.639109245552488,59.99999477954887
1.639109245552488,60.01341263817146
1.639109245552488,59.99659191712521
1.639109245552488,59.99980645728819
1.639109245552488,59.99527366612212
1.639109245552488,60.011195680442405
1.639109245552488,59.99793509284579
1.639109245552488,59.999859026213244
1.639109245552488,60.001596414273294
1.639109245552488,60.00128871438285
1.639109245552488,60.00047825787825
1.639109245552488,59.996079405163535
1.639109245552488,59.997458717996295
1.639109245552488,60.00100675381161
1.639109245552488,60.0001616316525
1.639109245552488,60.00012743269126
1.639109245552488,59.999016041636686
1.639109245552488,59.99988981149349
1.639109245552488,59.99847259135592
1.639109245552488,59.99875490371773
1.639109245552488,60.00173103012109
1.639109245552488,60.00091980909688
1.639109245552488,59.999290207088855
1.639109245552488,60.001128799924686
1.639109245552488,59.997623940744205
1.639109245552488,60.019378708238726
1.639109245552488,60.01012791510241
1.639109245552488,60.026218382080884
1.639109245552488,60.00012924977389
1.639109245552488,59.999220065713224
1.639109245552488,60.000892393630195
1.639109245552488,59.998802386351116
1.639109245552488,59.99804214172215
1.639109245552488,59.99918955911997
1.639109245552488,60.01281590697901
1.639109245552488,60.00266652408094
1.639109245552488,60.01107783327246
1.639109245552488,60.001752310545896
1.639109245552488,59.99989340570362
1.639109245552488,60.00929449107598
1.639109245552488,60.000345535111954
1.639109245552488,60.00007496247089
1.639109245552488,60.01112332628876
1.639109245552488,59.99595244354066
1.639109245552488,60.01162355526062
1.639109245552488,59.99883175182941
1.639109245552488,60.00108482582705
1.639109245552488,60.00871254053312
1.639109245552488,60.00092346106164
1.639109245552488,59.997846020090904
1.639109245552488,60.01677239850232
1.639109245552488,60.00171658403403
1.639109245552488,60.00872078143768
1.639109245552488,59.9995927033496
1.639109245552488,60.00431207415344
1.639109245552488,59.998887023819975
1.639109245552488,60.01011379011367
1.639109245552488,60.00167782427416
1.639109245552488,60.000198195974455
1.639109245552488,59.995900269842814
1.639109245552488,59.999470099172314
1.639109245552488,60.001469517491664
1.639109245552488,60.00224924397348
1.639109245552488,60.00340286978017
1.639109245552488,60.02343261799625
1.639109245552488,59.996419287772135
1.639109245552488,60.009752351267814
1.639109245552488,60.00005352512908
1.639109245552488,59.998135306754754
1.639109245552488,59.99938751709175
1.639109245552488,60.001015264981866
1.639109245552488,59.99949762270754
1.639109245552488,60.0000179675273
1.639109245552488,60.01157001269904
1.639109245552488,60.00125446851686
1.639109245552488,60.00383996178517
1.639109245552488,60.00638246079284
1.639109245552488,60.02651748680894
1.639109245552488,60.01137410914456
1.639109245552488,60.00058304887823
1.639109245552488,59.998590367458235
1.639109245552488,59.998367257627535
1.639109245552488,59.998775366469374
1.639109245552488,60.00428216795224
1.639109245552488,59.99851388044449
1.639109245552488,59.99904584559272
1.639109245552488,60.00246672529481
1.639109245552488,60.00004296921687
1.639109245552488,59.9998856861159
1.639109245552488,59.99653223217626
1.639109245552488,60.00101382678895
1.639109245552488,59.998568698187924
1.639109245552488,60.00436048108177
1.639109245552488,60.01000568169206
1.639109245552488,59.99823663777389
1.639109245552488,60.00299657166902
1.639109245552488,59.99958000231933
1.639109245552488,59.99697814828423
1.639109245552488,59.997532016703815
1.639109245552488,60.00096121544882
1.639109245552488,59.99853085717968
1.639109245552488,59.999977963686746
1.639109245552488,60.010974113817994
1.639109245552488,59.99959561219726
1.639109245552488,59.99903284994802
1.639109245552488,59.99620395054726
1.639109245552488,60.011801029926545
1.639109245552488,60.00138275863909
1.639109245552488,59.99837197288527
1.639109245552488,60.011214249248276
1.639109245552488,59.99832416314313
1.639109245552488,60.02090808410619
1.639109245552488,60.00255089589339
1.639109245552488,59.97076970756572
1.639109245552488,59.847572452103556
1.639109245552488,60.000154576848004
1.639109245552488,59.999068305202925
1.639109245552488,59.99895933468972
1.639109245552488,59.998729576021105
1.639109245552488,60.00143503132513
1.639109245552488,59.99850469044554
1.639109245552488,60.00181512878283
1.639109245552488,59.99999873605606
1.639109245552488,60.01912226639941
1.639109245552488,59.99933944099819
1.639109245552488,59.99952959990429
1.639109245552488,60.01177421390639
1.639109245552488,60.00499537787863
1.639109245552488,59.978913587289604
1.639109245552488,59.904418324293744
1.639109245552488,60.03160751573132
1.639109245552488,60.0042697494783
1.639109245552488,60.000543642330726
1.639109245552488,60.001691552748866
1.639109245552488,59.99676787343623
1.639109245552488,60.000403030207465
1.639109245552488,59.998476226246474
1.639109245552488,60.00071004790774
1.639109245552488,60.00032037443041
1.639109245552488,59.998053645149405
1.639109245552488,60.001180611236876
1.639109245552488,59.983700331899215
1.639109245552488,59.99853313463445
1.639109245552488,60.000346971992414
1.639109245552488,59.99971767178757
1.639109245552488,59.99981732664836
1.639109245552488,60.00019713346235
1.639109245552488,60.000037503928304
1.639109245552488,59.99493328374223
1.639109245552488,60.007697352248215
1.639109245552488,60.011792459269934
1.639109245552488,59.99829651927719
1.639109245552488,59.99949223256545
1.639109245552488,60.011442216138356
1.639109245552488,59.99859250856816
1.639109245552488,60.007222123275
1.639109245552488,59.98799718695895
1.639109245552488,60.06918132109533
1.639109245552488,59.81603729346259
1.639109245552488,60.00523236243064
1.639109245552488,61.01397093759375
1.639109245552488,59.935025933832215
1.639109245552488,60.00034277412293
1.639109245552488,60.001879671287305
1.639109245552488,59.99879799983852
1.639109245552488,60.00002089025186
1.639109245552488,59.999909918632696
1.639109245552488,59.999080772947124
1.639109245552488,60.00166974873779
1.639109245552488,60.02425709736603
1.639109245552488,60.00123301593501
1.639109245552488,60.000425169719264
1.639109245552488,59.99838252697594
1.639109245552488,60.00152032138621
1.639109245552488,60.0005275362793
1.639109245552488,59.99923438538452
1.639109245552488,60.000947149067805
1.639109245552488,60.00727251861611
1.639109245552488,60.01375698167518
1.639109245552488,61.22104511016014
1.639109245552488,59.99986885433306
1.639109245552488,60.002866518748775
1.639109245552488,60.00087115902436
1.639109245552488,59.99997061058221
1.639109245552488,59.999575279301745
1.639109245552488,59.999213064300456
1.639109245552488,60.00170584588788
1.639109245552488,60.01087011194725
1.639109245552488,59.99096421976238
1.639109245552488,60.00020668325801
1.639109245552488,60.00015509007226
1.639109245552488,59.998702128310704
1.639109245552488,60.00963089040483
1.639109245552488,59.998861114556
1.639109245552488,60.025417335844885
1.639109245552488,60.001315746023494
1.639109245552488,60.00756755837913
1.639109245552488,60.00035771915324
1.639109245552488,59.99677131133438
1.639109245552488,60.001756585265
1.639109245552488,59.99736858191687
1.639109245552488,60.00215682303241
1.639109245552488,59.99976654918347
1.639109245552488,60.009881551079765
1.639109245552488,60.014236206573145
1.639109245552488,59.831805004050125
1.639109245552488,59.998391358511576
1.639109245552488,60.290933376419964
1.639109245552488,60.01730229859521
1.639109245552488,59.999369143569375
1.639109245552488,59.99468898431398
1.639109245552488,60.0092545237908
1.639109245552488,60.00228673639532
1.639109245552488,59.99994770711499
1.639109245552488,60.000726624368546
1.639109245552488,59.99997611681525
1.639109245552488,59.99955107707502
1.639109245552488,59.99920826642607
1.639109245552488,60.02424024984597
1.639109245552488,59.99300913277845
1.639109245552488,61.607126685825385
1.639109245552488,60.00014630174547
1.639109245552488,59.99631809349466
1.639109245552488,59.96840838409583
1.639109245552488,59.993600213824614
1.639109245552488,59.99998506245751
1.639109245552488,59.9999950753915
1.639109245552488,59.99872679503036
1.639109245552488,59.99902223952205
1.639109245552488,59.99997191075755
1.639109245552488,59.9982319921012
1.639109245552488,59.885534857621145
1.639109245552488,59.98481764162021
1.639109245552488,59.87600448682731
1.639109245552488,60.00792618726346
1.639109245552488,60.00006820201826
1.639109245552488,60.00004089640656
1.639109245552488,59.99866548346384
1.639109245552488,59.99738448340991
1.639109245552488,60.00026461873975
1.639109245552488,60.000326219765874
1.639109245552488,59.997552837414915
1.639109245552488,60.00971342673817
1.639109245552488,59.999131180164476
1.639109245552488,60.000471454462094
1.639109245552488,60.001186989386994
1.639109245552488,59.993335284771284
1.639109245552488,59.93951070772101
1.639109245552488,59.999032855385984
1.639109245552488,59.95697191126209
1.639109245552488,59.918065962503356
1.639109245552488,61.266635680872405
1.639109245552488,59.9665228177783
1.639109245552488,60.00093727043326
1.639109245552488,59.989707599508556
1.639109245552488,59.99995694661319
1.639109245552488,59.99953349933266
1.639109245552488,60.024125588409156
1.639109245552488,60.00020024023784
1.639109245552488,60.0068568767215
1.639109245552488,60.025669342597965
1.639109245552488,59.91395973671774
1.639109245552488,60.01524511250733
1.639109245552488,60.07117341054686
1.639109245552488,60.00000764455177
1.639109245552488,59.99996364545438
1.639109245552488,59.99959393950946
1.639109245552488,60.00017402499464
1.639109245552488,60.00023238577806
1.639109245552488,60.010380995183226
1.639109245552488,60.01041643233999
1.639109245552488,61.32957476300395
1.639109245552488,61.09410163727754
1.639109245552488,60.07950954179874
1.639109245552488,59.971162506799104
1.639109245552488,59.9999596234965
1.639109245552488,59.9999720430985
1.639109245552488,60.000024513212836
1.639109245552488,60.004256673691934
1.639109245552488,60.000913827041664
1.639109245552488,60.00019995380441
1.639109245552488,60.010783073829764
1.639109245552488,59.99941109665653
1.639109245552488,60.014027482700456
1.639109245552488,60.01298208844311
1.639109245552488,59.999448638651
1.639109245552488,59.99692716404129
1.639109245552488,59.94228695474835
1.639109245552488,60.01865188221314
1.639109245552488,59.93953344669034
1.639109245552488,60.369457560084776
1.639109245552488,59.97596165684036
1.639109245552488,59.94879068074227
1.639109245552488,59.83278066065483
1.639109245552488,60.00000600314332
1.639109245552488,59.99979373044789
1.639109245552488,60.012014641252236
1.639109245552488,59.9992305301588
1.639109245552488,60.0012716280999
1.639109245552488,60.0005095866722
1.639109245552488,59.99862724643362
1.639109245552488,60.00169508205229
1.639109245552488,60.00052242065977
1.639109245552488,59.933063343759066
1.639109245552488,60.0137023464388
1.639109245552488,59.69094509764742
1.639109245552488,59.94958499271404
1.639109245552488,59.999985695931954
1.639109245552488,59.99994965144481
1.639109245552488,60.00029780193563
1.639109245552488,59.99989924676801
1.639109245552488,59.99218784013962
1.639109245552488,59.97257845376977
1.639109245552488,61.627625468372976
1.639109245552488,60.02959413799943
1.639109245552488,59.70003916360364
1.639109245552488,60.03626868820077
1.639109245552488,61.176513017311144
1.639109245552488,59.74508925984887
1.639109245552488,60.00006312610039
1.639109245552488,60.000025648076026
1.639109245552488,59.99997579004575
1.639109245552488,60.00144310798437
1.639109245552488,60.01088483102722
1.639109245552488,60.00013498153846
1.639109245552488,59.99892761230647
1.639109245552488,59.99944663523543
1.639109245552488,60.00070454646075
1.639109245552488,60.00069451927845
1.639109245552488,59.99821209888711
1.639109245552488,59.99826072421311
1.639109245552488,59.99989030434665
1.639109245552488,60.03710365013135
1.639109245552488,60.01687321883087
1.639109245552488,59.96649117682691
1.639109245552488,61.027901367570855
1.639109245552488,59.4509965295772
1.639109245552488,59.920761115879024
1.639109245552488,60.30387225242042
1.639109245552488,59.999918128296166
1.639109245552488,60.000097715169815
1.639109245552488,59.99956549397115
1.639109245552488,60.03564159253032
1.639109245552488,60.13187896647184
1.639109245552488,60.96223127476287
1.639109245552488,61.305176857386236
1.639109245552488,59.65332563594882
1.639109245552488,59.823022449920686
1.639109245552488,59.99996143431954
1.639109245552488,60.000033538631065
1.639109245552488,60.00007935988911
1.639109245552488,59.99991769457052
1.639109245552488,59.99996850494952
1.639109245552488,60.00012774978431
1.639109245552488,59.95734665919621
1.639109245552488,59.97554750170666
1.639109245552488,62.36150242768261
1.639109245552488,61.122441520079995
1.639109245552488,60.10451975463683
1.639109245552488,59.981168778001155
1.639109245552488,60.000143936837866
1.639109245552488,59.999953483839064
1.639109245552488,59.99999032355001
1.639109245552488,59.998667630983846
1.639109245552488,60.000753584425254
1.639109245552488,59.99963768366357
1.639109245552488,60.00013219206063
1.639109245552488,59.99984666381059
1.639109245552488,59.99999856963176
1.639109245552488,60.00020589900823
1.639109245552488,59.99444015219043
1.639109245552488,60.018396408404826
1.639109245552488,60.16105518398833
1.639109245552488,59.900082587418794
1.639109245552488,59.86517138045565
1.639109245552488,62.0615775234519
1.639109245552488,59.64745601761781
1.639109245552488,59.80906751794211
1.639109245552488,59.47250676145345
1.639109245552488,59.96814317289892
1.639109245552488,59.961305522253824
1.639109245552488,60.00017295864173
1.639109245552488,60.000000471759456
1.639109245552488,60.000189329400435
1.639109245552488,60.0001043389482
1.639109245552488,59.60299539637292
1.639109245552488,60.051744104702976
1.639109245552488,61.1336324594079
1.639109245552488,59.90741590529192
1.639109245552488,60.03496178362996
1.639109245552488,60.0803302317045
1.639109245552488,60.00011396886207
1.639109245552488,60.000017382834564
1.639109245552488,60.000035342168815
1.639109245552488,60.0000210074265
1.639109245552488,60.0000219937477
1.639109245552488,59.97448357360774
1.639109245552488,61.58858483445752
1.639109245552488,59.518407845304175
1.639109245552488,61.187806731347365
1.639109245552488,60.859625042746146
1.639109245552488,59.87959638644228
1.639109245552488,59.99998484357883
1.639109245552488,60.00009240862735
1.639109245552488,59.99998056975697
1.639109245552488,60.00003775698932
1.639109245552488,59.99999374879762
1.639109245552488,60.0003083696368
1.639109245552488,60.00008622122498
1.639109245552488,60.00002700354334
1.639109245552488,60.058403362180485
1.639109245552488,59.92192845806031
1.639109245552488,60.02915879001794
1.639109245552488,60.19487327701281
1.639109245552488,59.594195102398324
1.639109245552488,60.95304965932839
1.639109245552488,59.93290303446555
1.639109245552488,60.00031793813429
1.639109245552488,59.998635281744946
1.639109245552488,60.00003883605522
1.639109245552488,60.00009748083132
1.639109245552488,60.00002574211079
1.639109245552488,59.9998355854101
1.639109245552488,60.00877808731939
1.639109245552488,60.048405477564366
1.639109245552488,59.907804838841756
1.639109245552488,59.721249484927405
1.639109245552488,59.6257699486245
1.639109245552488,59.9795385313307
1.639109245552488,59.609892673830004
1.639109245552488,60.0000265864227
1.639109245552488,59.99999962407044
1.639109245552488,60.00035402941885
1.639109245552488,60.00005069476084
1.639109245552488,60.00021565628914
1.639109245552488,59.99996643757113
1.639109245552488,59.99993063756622
1.639109245552488,59.99315380194593
1.639109245552488,59.973875609404196
1.639109245552488,59.96591025730596
1.639109245552488,62.588071097267
1.639109245552488,62.12927704558892
1.639109245552488,61.118982948377756
1.639109245552488,59.87138074666991
1.639109245552488,60.03266137715032
1.639109245552488,59.80548931931384
1.639109245552488,60.000015704625895
1.639109245552488,59.9999955279746
1.639109245552488,59.99999719418406
1.639109245552488,59.99997498226642
1.639109245552488,60.00000554230107
1.639109245552488,60.000015597712654
1.639109245552488,59.997054519579585
1.639109245552488,60.000001629485226
1.639109245552488,59.999703193160634
1.639109245552488,60.001240681855165
1.639109245552488,59.99554793293273
1.639109245552488,60.01038113109215
1.639109245552488,60.033146638685935
1.639109245552488,59.989428313724076
1.639109245552488,59.45555296475615
1.639109245552488,59.68565466792331
1.639109245552488,59.99908632635915
1.639109245552488,60.00001349369178
1.639109245552488,60.00000219032933
1.639109245552488,59.99999921456298
1.639109245552488,59.999254233278585
1.639109245552488,59.99921398567418
1.639109245552488,60.00455463184586
1.639109245552488,60.001553977186084
1.639109245552488,59.996752698526194
1.639109245552488,60.04929572190251
1.639109245552488,60.120035844080036
1.639109245552488,60.27364471868099
1.639109245552488,59.95348473994919
1.639109245552488,60.086403400224484
1.639109245552488,61.28957514813882
1.639109245552488,59.82324269467997
1.639109245552488,60.0000266055003
1.639109245552488,59.99999780227201
1.639109245552488,60.014822873407105
1.639109245552488,60.00022547373763
1.639109245552488,60.00326081081947
1.639109245552488,59.99994455674541
1.639109245552488,59.999959504049365
1.639109245552488,59.89352400230114
1.639109245552488,61.58293434141391
1.639109245552488,59.982580532906155
1.639109245552488,60.09657159071254
1.639109245552488,60.133472475711656
1.639109245552488,61.07246701320344
1.639109245552488,60.000011995227325
1.639109245552488,60.0000052622405
1.639109245552488,59.99999469561308
1.639109245552488,59.99999989383617
1.639109245552488,60.00608134961958
1.639109245552488,60.00005336157482
1.639109245552488,59.99897696939494
1.639109245552488,59.98414061634391
1.639109245552488,60.00571000098166
1.639109245552488,60.00000051084158
1.639109245552488,59.999879226143264
1.639109245552488,59.99919228031856
1.639109245552488,59.99483630516881
1.639109245552488,59.99372186548388
1.639109245552488,59.89652213784735
1.639109245552488,59.602807032295445
1.639109245552488,60.09244938236161
1.639109245552488,60.08165603115167
1.639109245552488,60.000006053206896
1.639109245552488,59.99998717900243
1.639109245552488,59.99998527429806
1.639109245552488,59.9999967810331
1.639109245552488,60.01125531055556
1.639109245552488,59.99901012095524
1.639109245552488,59.99513291718593
1.639109245552488,59.998850413267384
1.639109245552488,59.99139931672412
1.639109245552488,59.93435896060299
1.639109245552488,60.00327707561492
1.639109245552488,60.12804754732975
1.639109245552488,59.92098865169462
1.639109245552488,59.95595560169725
1.639109245552488,59.831618373488375
1.639109245552488,59.785963587243195
1.639109245552488,60.0000081936278
1.639109245552488,59.9672379069939
1.639109245552488,60.00026036018697
1.639109245552488,60.00005899637561
1.639109245552488,59.969874998654134
1.639109245552488,59.987651039872084
1.639109245552488,60.002165782204884
1.639109245552488,59.99994636051005
1.639109245552488,60.00095341847157
1.639109245552488,59.37727548524677
1.639109245552488,61.58451648591603
1.639109245552488,59.9157918346776
1.639109245552488,60.072704980092205
1.639109245552488,61.12262764660581
1.639109245552488,60.00000160683496
1.639109245552488,60.000022069151136
1.639109245552488,59.999992133658594
1.639109245552488,60.0000197624269
1.639109245552488,59.999987843564604
1.639109245552488,59.95108170237648
1.639109245552488,59.99977717102557
1.639109245552488,60.136932794679126
1.639109245552488,59.94402335763256
1.639109245552488,59.99994552016848
1.639109245552488,60.0017720097155
1.639109245552488,60.00134410810886
1.639109245552488,60.01203963081711
1.639109245552488,62.20854569667841
1.639109245552488,59.89544769268236
1.639109245552488,59.82339037486534
1.639109245552488,60.00002451336956
1.639109245552488,60.0000077108936
1.639109245552488,59.949728348383395
1.639109245552488,59.94432445862353
1.639109245552488,60.007665461392335
1.639109245552488,59.99927779982471
1.639109245552488,60.015938928908305
1.639109245552488,60.00013028680055
1.639109245552488,59.95519285503133
1.639109245552488,59.48342118583188
1.639109245552488,59.7387993407933
1.639109245552488,59.71497708727369
1.639109245552488,60.000018185264686
1.639109245552488,60.070467138435774
1.639109245552488,60.19175853815709
1.639109245552488,60.00018553707192
1.639109245552488,59.985249882460614
1.639109245552488,60.16674150480314
1.639109245552488,59.99995185424917
1.639109245552488,60.000325311322904
1.639109245552488,59.998701019033795
1.639109245552488,59.97475922811336
1.639109245552488,62.094545090089085
1.639109245552488,59.83325934058733
1.639109245552488,60.02237342372518
1.639109245552488,60.053653487140565
1.639109245552488,60.11509172338249
1.639109245552488,59.32118877752686
1.639109245552488,59.9999710087
1.639109245552488,60.000027025818994
1.639109245552488,60.20402623808682
1.639109245552488,60.00040278162965
1.639109245552488,59.998187281894396
1.639109245552488,59.999981708429274
1.639109245552488,59.72496681943634
1.639109245552488,60.00124570948513
1.639109245552488,59.97139106211764
1.639109245552488,59.999949728501456
1.639109245552488,60.00013670964798
1.639109245552488,59.99879911940874
1.639109245552488,59.996053746137996
1.639109245552488,59.95563093865582
1.639109245552488,61.175350779334785
1.639109245552488,61.011215132337526
1.639109245552488,59.98196630713457
1.639109245552488,60.00001393381668
1.639109245552488,59.99997325097016
1.639109245552488,60.23927914927821
1.639109245552488,60.00733902414984
1.639109245552488,59.99925509529253
1.639109245552488,59.50194614913506
1.639109245552488,59.211196746404454
1.639109245552488,60.047517132834194
1.639109245552488,60.0039520993903
1.639109245552488,59.897215131329084
1.639109245552488,59.894521819030885
1.639109245552488,60.04019287561153
1.639109245552488,59.835338288727
1.639109245552488,59.99996595038543
1.639109245552488,60.09724448728048
1.639109245552488,58.98936093959278
1.639109245552488,59.612175207144126
1.639109245552488,60.000287828466
1.639109245552488,60.01799694728467
1.639109245552488,59.929852059806805
1.639109245552488,58.431222495922384
1.639109245552488,59.980899964820146
1.639109245552488,59.98696039735237
1.639109245552488,60.000490208780626
1.639109245552488,59.966628790987556
1.639109245552488,61.41004223622231
1.639109245552488,60.87568255450043
1.639109245552488,59.57230308944542
1.639109245552488,59.90058980941048
1.639109245552488,59.6573085093112
1.639109245552488,59.83855567514265
1.639109245552488,62.89345628433759
1.639109245552488,61.46788028310282
1.639109245552488,61.12007431164338
1.639109245552488,60.000214262275314
1.639109245552488,60.000015526693346
1.639109245552488,60.00477357053948
1.639109245552488,60.00014065086706
1.639109245552488,59.999343263175646
1.639109245552488,67.26746082167318
1.639109245552488,60.13553459825922
1.639109245552488,59.997611121908925
1.639109245552488,60.00555490108865
1.639109245552488,60.005366651414946
1.639109245552488,60.04877416472816
1.639109245552488,60.04668254003958
1.639109245552488,59.634815978405356
1.639109245552488,59.957399047179464
1.639109245552488,59.89020009162644
1.639109245552488,60.00009720349873
1.639109245552488,60.19136084492225
1.639109245552488,60.00110285844479
1.639109245552488,59.99969215665707
1.639109245552488,59.678493199488926
1.639109245552488,65.75266928371393
1.639109245552488,59.98474028581193
1.639109245552488,61.44646370258559
1.639109245552488,59.62556360248641
1.639109245552488,60.00792204572816
1.639109245552488,62.55912073443624
1.639109245552488,59.95561579347103
1.639109245552488,61.35035165687114
1.639109245552488,59.84072695314684
1.639109245552488,60.00020329361952
1.639109245552488,59.99997173781148
1.639109245552488,60.04740277773356
1.639109245552488,60.009057772583006
1.639109245552488,60.2932507235029
1.639109245552488,59.01635590055578
1.639109245552488,64.5608976848902
1.639109245552488,59.61256526250416
1.639109245552488,60.1131471262201
1.639109245552488,57.46052982222511
1.639109245552488,59.995185875367234
1.639109245552488,59.97391320126101
1.639109245552488,59.978582424426165
1.639109245552488,60.06362429957099
1.639109245552488,60.11437884919165
1.639109245552488,59.77585544079408
1.639109245552488,61.00537163216613
1.639109245552488,59.485502388550344
1.639109245552488,60.19249597067387
1.639109245552488,60.07087694972852
1.639109245552488,60.073895495553714
1.639109245552488,59.998787749879334
1.639109245552488,60.00003808792612
1.639109245552488,59.99979109325078
1.639109245552488,59.611445866817924
1.639109245552488,56.99932426751814
1.639109245552488,64.2997530638957
1.639109245552488,59.446208859280894
1.639109245552488,60.14064872744665
1.639109245552488,60.00322611476396
1.639109245552488,60.01615921640697
1.639109245552488,59.960095242483504
1.639109245552488,61.11610954566687
1.639109245552488,60.00836854000892
1.639109245552488,60.174460381529634
1.639109245552488,60.01439096969407
1.639109245552488,59.76575055585103
1.639109245552488,60.06801148502596
1.639109245552488,59.999669516556295
1.639109245552488,60.03228462907525
1.639109245552488,67.6930514127727
1.639109245552488,58.60616729545473
1.639109245552488,59.54356656863837
1.639109245552488,59.10147775905159
1.639109245552488,59.990004804878765
1.639109245552488,60.00617828992753
1.639109245552488,59.902237065153436
1.639109245552488,59.90807158112901
1.639109245552488,60.04781413426971
1.639109245552488,59.719794985787736
1.639109245552488,59.90302406321925
1.639109245552488,60.069979817444086
1.639109245552488,59.99990116649436
1.639109245552488,59.99900229822394
1.639109245552488,58.12422249878806
1.639109245552488,60.00051090383838
1.639109245552488,58.56990163423335
1.639109245552488,59.326259751098334
1.639109245552488,60.06845543210031
1.639109245552488,59.9962473985427
1.639109245552488,60.01039338483301
1.639109245552488,59.97083650373993
1.639109245552488,59.891635838970764
1.639109245552488,59.90232690715162
1.639109245552488,61.24360407404212
1.639109245552488,59.59652434978764
1.639109245552488,61.18443117540623
1.639109245552488,60.000711342374586
1.639109245552488,60.00009432986658
1.639109245552488,60.027951892198786
1.639109245552488,59.83720464843226
1.639109245552488,59.821718877058316
1.639109245552488,58.82959035328051
1.639109245552488,66.94305286570967
1.639109245552488,59.50113352448729
1.639109245552488,64.3195106550274
1.639109245552488,61.05998814501789
1.639109245552488,59.99876447558167
1.639109245552488,59.99581731678133
1.639109245552488,60.029772604709315
1.639109245552488,61.42889882420368
1.639109245552488,60.898582129670935
1.639109245552488,60.04051998165827
1.639109245552488,60.026821300633586
1.639109245552488,59.62633336907042
1.639109245552488,59.947100026998775
1.639109245552488,60.8619468848785
1.639109245552488,59.95621296392962
1.639109245552488,59.83661454934235
1.639109245552488,59.99873072620289
1.639109245552488,58.674396312553
1.639109245552488,59.1980255299748
1.639109245552488,58.86784843816106
1.639109245552488,60.004029819912766
1.639109245552488,60.13624090485541
1.639109245552488,60.04584536742011
1.639109245552488,59.97596096551904
1.639109245552488,61.11277846841768
1.639109245552488,59.893375510447676
1.639109245552488,59.99992227775941
1.639109245552488,60.28512621850633
1.639109245552488,64.80137027897588
1.639109245552488,64.02551343797927
1.639109245552488,59.123186611538294
1.639109245552488,59.96496118761747
1.639109245552488,60.10978050795612
1.639109245552488,59.98416003612659
1.639109245552488,58.08880924605153
1.639109245552488,59.98260655119498
1.639109245552488,59.999857349120475
1.639109245552488,60.01153338482139
1.639109245552488,59.953159260326544
1.639109245552488,60.03035395389067
1.639109245552488,59.73947570733068
1.639109245552488,59.99371806152212
1.639109245552488,59.955113930037925
1.639109245552488,61.13522532482797
1.639109245552488,60.07190746541349
1.639109245552488,60.08832196195279
1.639109245552488,61.372343459367976
1.639109245552488,60.273917968390364
1.639109245552488,60.20669823953724
1.639109245552488,59.46722462256577
1.639109245552488,59.18960352233101
1.639109245552488,64.52333074423042
1.639109245552488,60.19157127927329
1.639109245552488,60.031572400829425
1.639109245552488,67.32991950034082
1.639109245552488,60.00176043599449
1.639109245552488,60.001285668788036
1.639109245552488,60.022436614368
1.639109245552488,59.85135969998719
1.639109245552488,60.0110859817538
1.639109245552488,59.878450195751846
1.639109245552488,59.99724679828181
1.639109245552488,59.886480841917475
1.639109245552488,59.90572745719246
1.639109245552488,59.876786959318544
1.639109245552488,59.82661959936396
1.639109245552488,59.32755161404896
1.639109245552488,59.01740953933743
1.639109245552488,59.27407769076136
1.639109245552488,59.349923883817524
1.639109245552488,58.68906404278227
1.639109245552488,60.00380693798252
1.639109245552488,59.9877049816816
1.639109245552488,59.97835105363381
1.639109245552488,60.67106243873813
1.639109245552488,59.75949178599982
1.639109245552488,59.848033511005035
1.639109245552488,60.02646871095643
1.639109245552488,61.37617953063486
1.639109245552488,59.64903393675234
1.639109245552488,59.21471628041738
1.639109245552488,62.61818716523191
1.639109245552488,59.94589062178806
1.639109245552488,60.30428756905399
1.639109245552488,59.98615002392421
1.639109245552488,60.00062600188552
1.639109245552488,56.24163264080964
1.639109245552488,60.00182956936127
1.639109245552488,60.017447144989596
1.639109245552488,59.977285051084245
1.639109245552488,60.003657263742284
1.639109245552488,60.0278664132521
1.639109245552488,60.03877159806192
1.639109245552488,63.283211475350335
1.639109245552488,60.01472956823586
1.639109245552488,59.92594861701967
1.639109245552488,59.92997113874714
1.639109245552488,60.03001533791232
1.639109245552488,59.973990393996765
1.639109245552488,60.06250881939786
1.639109245552488,59.64445623561304
1.639109245552488,58.9676202163226
1.639109245552488,59.90612148451079
1.639109245552488,59.30122936978449
1.639109245552488,59.92540217961605
1.639109245552488,60.10710615553334
1.639109245552488,77.44678877086892
1.639109245552488,58.85063833525351
1.639109245552488,63.35898292316793
1.639109245552488,59.99995361125964
1.639109245552488,59.98364912340777
1.639109245552488,59.98426690439756
1.639109245552488,61.28438515276421
1.639109245552488,59.62203774611312
1.639109245552488,59.72622174431554
1.639109245552488,59.666472069378955
1.639109245552488,58.827638269924726
1.639109245552488,65.44183417362233
1.639109245552488,59.22480242317527
1.639109245552488,65.76858184944173
1.639109245552488,61.13850563656613
1.639109245552488,59.9927373388414
1.639109245552488,60.06779603223831
1.639109245552488,60.00508807098509
1.639109245552488,59.998336970383065
1.639109245552488,60.043675888623234
1.639109245552488,60.18053665900386
1.639109245552488,61.92168567156719
1.639109245552488,60.12474031980885
1.639109245552488,60.21815298005441
1.639109245552488,63.249657997991406
1.639109245552488,59.966996683432065
1.639109245552488,59.94864118453051
1.639109245552488,60.04796256447043
1.639109245552488,59.68514800200755
1.639109245552488,59.41669351827524
1.639109245552488,59.08730317892885
1.639109245552488,58.203561867485114
1.639109245552488,59.04353758309269
1.639109245552488,60.19141321603255
1.639109245552488,60.026128248625085
1.639109245552488,60.00339750619803
1.639109245552488,65.18115155563474
1.639109245552488,58.55616045751231
1.639109245552488,60.01178983676014
1.639109245552488,59.99421663808828
1.639109245552488,60.01975087068288
1.639109245552488,60.04164098987814
1.639109245552488,59.999589390550526
1.639109245552488,65.16038834751481
1.639109245552488,62.8264587653022
1.639109245552488,59.176586071981276
1.639109245552488,60.00822418371545
1.639109245552488,58.758068338117475
1.639109245552488,64.4320855952246
1.639109245552488,57.98847285894252
1.639109245552488,60.063062630848606
1.639109245552488,60.19884535557317
1.639109245552488,59.97443031045126
1.639109245552488,59.720328599967004
1.639109245552488,58.2350819247542
1.639109245552488,60.005879325562454
1.639109245552488,59.95237065573978
1.639109245552488,59.86728151359563
1.639109245552488,59.67421830285126
1.639109245552488,58.680065892141904
1.639109245552488,58.912918961856796
1.639109245552488,59.98970480319243
1.639109245552488,60.01661730724638
1.639109245552488,60.38607271589663
1.639109245552488,59.76682885839026
1.639109245552488,60.583373267133595
1.639109245552488,60.02806548285279
1.639109245552488,66.84814920716151
1.639109245552488,59.987205464681146
1.639109245552488,59.998552048482786
1.639109245552488,59.99350386809179
1.639109245552488,59.97501750363489
1.639109245552488,59.495791566373605
1.639109245552488,59.84000112018862
1.639109245552488,62.13181852768187
1.639109245552488,62.86867280852648
1.639109245552488,59.9330401336676
1.639109245552488,59.78247502730532
1.639109245552488,62.88839966513216
1.639109245552488,65.529075298436
1.639109245552488,59.95488205090716
1.639109245552488,59.988859128483746
1.639109245552488,60.15752827821796
1.639109245552488,69.55724861461515
1.639109245552488,59.396194069928086
1.639109245552488,66.17472739489841
1.639109245552488,59.4821181387317
1.639109245552488,59.33466517755374
1.639109245552488,63.92870646663049
1.639109245552488,59.45129916089716
1.639109245552488,60.07080705529429
1.639109245552488,59.92917734960053
1.639109245552488,60.016189072249716
1.639109245552488,64.04393149827101
1.639109245552488,59.991946301538334
1.639109245552488,59.99230393608674
1.639109245552488,59.95255173121786
1.639109245552488,59.63090099765889
1.639109245552488,62.23993269543891
1.639109245552488,59.4621234022501
1.639109245552488,59.99598073519214
1.639109245552488,60.012048183036
1.639109245552488,59.10995739546005
1.639109245552488,59.34053499145754
1.639109245552488,58.849808327670345
1.639109245552488,58.39980587910278
1.639109245552488,60.05009112737
1.639109245552488,59.9557310806001
1.639109245552488,60.16927088721002
1.639109245552488,59.9971629868459
1.639109245552488,59.984770393988406
1.639109245552488,59.97657318715593
1.639109245552488,62.215008739072
1.639109245552488,59.168242845558844
1.639109245552488,59.192662008502275
1.639109245552488,60.00657996679704
1.639109245552488,60.001059710069434
1.639109245552488,59.41762854193877
1.639109245552488,57.97816781748564
1.639109245552488,57.59661737274409
1.639109245552488,59.81706306463902
1.639109245552488,58.51771953298868
1.639109245552488,58.999441219609245
1.639109245552488,59.02367143423519
1.639109245552488,59.997571157094846
1.639109245552488,59.9312555926883
1.639109245552488,59.59070244309304
1.639109245552488,60.192958399057126
1.639109245552488,59.64902497006106
1.639109245552488,60.018997286274264
1.639109245552488,59.94907832881867
1.639109245552488,59.88332766895795
1.639109245552488,63.282977419799636
1.639109245552488,58.52462237973761
1.639109245552488,59.973301897435654
1.639109245552488,60.321926622044195
1.639109245552488,60.00115003825248
1.639109245552488,59.85025200193319
1.639109245552488,60.18220510676736
1.639109245552488,68.19318364067047
1.639109245552488,63.838368025909205
1.639109245552488,59.78185658724944
1.639109245552488,59.9682463115212
1.639109245552488,59.63400086740111
1.639109245552488,59.70474757938033
1.639109245552488,60.01137548612482
1.639109245552488,60.036194538626354
1.639109245552488,59.99697998337283
1.639109245552488,65.72725986939724
1.639109245552488,60.004948652802625
1.639109245552488,60.00080939991785
1.639109245552488,60.4031079897259
1.639109245552488,63.573827434200325
1.639109245552488,58.75511888891394
1.639109245552488,58.835834501295
1.639109245552488,59.42001998613754
1.639109245552488,62.78642102280784
1.639109245552488,59.95850129848636
1.639109245552488,59.97007592851897
1.639109245552488,60.03215955337429
1.639109245552488,58.60103869527649
1.639109245552488,60.035351268255326
1.639109245552488,60.02089477358467
1.639109245552488,59.24690766903663
1.639109245552488,62.556827982004755
1.639109245552488,59.41115708351136
1.639109245552488,59.39011608968012
1.639109245552488,62.7168134481195
1.639109245552488,59.995672300859034
1.639109245552488,58.630543169121914
1.639109245552488,59.49995019358165
1.639109245552488,72.04281535509077
1.639109245552488,61.1804477338972
1.639109245552488,60.45387544822937
1.639109245552488,64.7431393216455
1.639109245552488,59.143275261346254
1.639109245552488,60.03202803626941
1.639109245552488,59.74698995458753
1.639109245552488,60.17572201733715
1.639109245552488,60.04840866466875
1.639109245552488,59.97347694098763
1.639109245552488,59.61593101362367
1.639109245552488,60.011622351762675
1.639109245552488,59.99248377846008
1.639109245552488,59.67393052517098
1.639109245552488,59.770958869806435
1.639109245552488,60.09923481055365
1.639109245552488,63.38037138467429
1.639109245552488,62.73104925262391
1.639109245552488,60.49418343462758
1.639109245552488,60.00104997447777
1.639109245552488,60.28413420353224
1.639109245552488,57.63969139767644
1.639109245552488,57.20406290866418
1.639109245552488,57.70124802518775
1.639109245552488,57.45415037243989
1.639109245552488,60.11434765995426
1.639109245552488,59.68147094453753
1.639109245552488,60.06268990592572
1.639109245552488,60.099445677493804
1.639109245552488,60.184912112130256
1.639109245552488,59.955489799024704
1.639109245552488,59.99670608550707
1.639109245552488,60.03973235348337
1.639109245552488,59.86564610491215
1.639109245552488,59.623357345522514
1.639109245552488,59.15119599680725
1.639109245552488,59.87533239294937
1.639109245552488,56.79972704437762
1.639109245552488,59.51395946896219
1.639109245552488,58.445444414590106
1.639109245552488,67.49917904361159
1.639109245552488,59.06903890607916
1.639109245552488,60.271707382457805
1.639109245552488,60.05997861908189
1.639109245552488,60.01528409609238
1.639109245552488,59.99387256288643
1.639109245552488,59.99409644617443
1.639109245552488,59.92912684915527
1.639109245552488,62.69077303249968
1.639109245552488,59.81911961984866
1.639109245552488,60.06698937333673
1.639109245552488,62.549230674185914
1.639109245552488,59.169537550195784
1.639109245552488,60.64232176623879
1.639109245552488,56.420261032033835
1.639109245552488,75.87316277707531
1.639109245552488,63.64799452965772
1.639109245552488,74.0468910569379
1.639109245552488,65.86753011102304
1.639109245552488,58.844892497031665
1.639109245552488,59.3310611750125
1.639109245552488,65.69520593569193
1.639109245552488,59.97498224291299
1.639109245552488,59.353617213112905
1.639109245552488,60.0107551893434
1.639109245552488,59.9895628750274
1.639109245552488,59.99610407947968
1.639109245552488,60.06850835728171
1.639109245552488,60.11332015560146
1.639109245552488,59.385000366447585
1.639109245552488,59.10484347010512
1.639109245552488,59.75492402843264
1.639109245552488,58.80714651843662
1.639109245552488,59.46796345003952
1.639109245552488,64.08896476827117
1.639109245552488,59.891133656370585
1.639109245552488,57.65771245795565
1.639109245552488,59.790994240869715
1.639109245552488,59.58272776632151
1.639109245552488,59.72289661962454
1.639109245552488,59.54747566104457
1.639109245552488,59.99632055210552
1.639109245552488,59.64980928688185
1.639109245552488,62.6737730387577
1.639109245552488,58.46652620208374
1.639109245552488,59.661786298480905
1.639109245552488,60.43440597792229
1.639109245552488,60.27316364753221
1.639109245552488,59.99692995237184
1.639109245552488,60.12647251367936
1.639109245552488,59.91579742755762
1.639109245552488,59.674121748607575
1.639109245552488,60.11544622982884
1.639109245552488,59.97405184661455
1.639109245552488,59.979509574561696
1.639109245552488,60.01666568544692
1.639109245552488,59.54147140846024
1.639109245552488,59.941995504418614
1.639109245552488,64.44009668758886
1.639109245552488,59.05609159114999
1.639109245552488,62.91258859978139
1.639109245552488,60.11088107210483
1.639109245552488,59.38093463556013
1.639109245552488,62.46843945641519
1.639109245552488,60.049556510703205
1.639109245552488,59.57000951030002
1.639109245552488,63.708616048680895
1.639109245552488,71.00711328657698
1.639109245552488,58.62685199833886
1.639109245552488,60.895990814033965
1.639109245552488,58.13138415892938
1.639109245552488,60.20333518271409
1.639109245552488,60.23194863253353
1.639109245552488,60.197172564732746
1.639109245552488,60.04391998969846
1.639109245552488,59.98566641467264
1.639109245552488,59.4072950891481
1.639109245552488,59.84181311658341
1.639109245552488,60.019782174150045
1.639109245552488,58.69783024570151
1.639109245552488,62.60508152971822
1.639109245552488,59.62273505490929
1.639109245552488,59.75113482809576
1.639109245552488,60.13089031122801
1.639109245552488,59.723619779291354
1.639109245552488,59.831745309771016
1.639109245552488,58.311564338843326
1.639109245552488,59.24255518387165
1.639109245552488,59.61352461467176
1.639109245552488,60.05463607504458
1.639109245552488,59.99116454445257
1.639109245552488,60.1465486240833
1.639109245552488,60.08385418122107
1.639109245552488,59.91221304715224
1.639109245552488,60.01985916300698
1.639109245552488,59.14796277863507
1.639109245552488,60.011084703273454
1.639109245552488,59.86882269892608
1.639109245552488,60.02515036304188
1.639109245552488,59.66743625849626
1.639109245552488,72.37052321891053
1.639109245552488,57.134174553614734
1.639109245552488,68.3024744050627
1.639109245552488,59.5550950339207
1.639109245552488,59.98016781940413
1.639109245552488,59.97397136653896
1.639109245552488,59.99294787789763
1.639109245552488,59.48258990315977
1.639109245552488,60.00579113046182
1.639109245552488,62.117567044537594
1.639109245552488,62.68016151787954
1.639109245552488,60.00104281712
1.639109245552488,58.65208146316946
1.639109245552488,64.02823767877402
1.639109245552488,59.44437265783354
1.639109245552488,60.15452904643303
1.639109245552488,59.77363555548157
1.639109245552488,59.38861879474213
1.639109245552488,58.9546232927164
1.639109245552488,59.822854685879776
1.639109245552488,59.660230212705805
1.639109245552488,60.06981893897727
1.639109245552488,59.17349936608871
1.639109245552488,64.59989077499431
1.639109245552488,59.31409290171888
1.639109245552488,62.511727519294006
1.639109245552488,60.05011200512456
1.639109245552488,60.012279877208016
1.639109245552488,58.189884005770914
1.639109245552488,63.36906640650576
1.639109245552488,60.00861675229732
1.639109245552488,60.01498934509773
1.639109245552488,59.89489117771764
1.639109245552488,60.00704443192655
1.639109245552488,59.46595215223893
1.639109245552488,59.951283226927316
1.639109245552488,60.04959068327877
1.639109245552488,63.07374833570929
1.639109245552488,64.38641355921445
1.639109245552488,59.62237308840596
1.639109245552488,60.09471169449594
1.639109245552488,59.522938003708546
1.639109245552488,59.99477322751508
1.639109245552488,59.98369337695735
1.639109245552488,59.83584324069813
1.639109245552488,60.01520087284888
1.639109245552488,62.50123303389719
1.639109245552488,60.01616802264002
1.639109245552488,63.962429475241855
1.639109245552488,60.01724144086976
1.639109245552488,68.55382253053243
1.639109245552488,58.58702994148653
1.639109245552488,58.417304486689716
1.639109245552488,55.87533854132473
1.639109245552488,64.29946678966895
1.639109245552488,59.72558676214214
1.639109245552488,60.00246986077354
1.639109245552488,60.006172408906664
1.639109245552488,59.97516500943697
1.639109245552488,60.0086124295423
1.639109245552488,59.4705936411483
1.639109245552488,59.16864105814926
1.639109245552488,59.34478237948451
1.639109245552488,59.78557619669108
1.639109245552488,59.96417435701169
1.639109245552488,59.52898665197799
1.639109245552488,62.781912369664454
1.639109245552488,60.11110243654869
1.639109245552488,59.862777061243776
1.639109245552488,59.658324950795766
1.639109245552488,60.15668264831669
1.639109245552488,60.0239911860471
1.639109245552488,60.05758178037613
1.639109245552488,60.85357067686945
1.639109245552488,60.00388738253188
1.639109245552488,59.05120485945234
1.639109245552488,59.96147445995479
1.639109245552488,57.51752242282341
1.639109245552488,77.86442394499755
1.639109245552488,60.3198744485211
1.639109245552488,59.99992827202189
1.639109245552488,59.999615691176665
1.639109245552488,59.71090887064054
1.639109245552488,63.42680832964389
1.639109245552488,59.79746674041892
1.639109245552488,63.09634892036422
1.639109245552488,59.26418929545318
1.639109245552488,59.219391598058955
1.639109245552488,60.00724578410847
1.639109245552488,59.894515620546784
1.639109245552488,62.268813419971565
1.639109245552488,59.99841176649144
1.639109245552488,59.05996698548955
1.639109245552488,59.60210382549547
1.639109245552488,60.021664743382246
1.639109245552488,58.923961310639115
1.639109245552488,59.98281688629829
1.639109245552488,59.95375842352993
1.639109245552488,60.07230624140468
1.639109245552488,59.85157211570923
1.639109245552488,62.06750684419532
1.639109245552488,60.25680567718827
1.639109245552488,58.86664364020212
1.639109245552488,59.60157659893474
1.639109245552488,59.993669702956296
1.639109245552488,59.0681525494142
1.639109245552488,67.24513501295206
1.639109245552488,58.30106635141011
1.639109245552488,59.53446580408851
1.639109245552488,60.20744025156723
1.639109245552488,59.823150041746366
1.639109245552488,67.07653607726877
1.639109245552488,59.99697856643106
1.639109245552488,59.99888447462228
1.639109245552488,60.00685194165981
1.639109245552488,60.09190155485937
1.639109245552488,59.97865043349369
1.639109245552488,60.054641143416454
1.639109245552488,59.62431383392091
1.639109245552488,59.95148695844016
1.639109245552488,59.756151012942105
1.639109245552488,60.10285517013969
1.639109245552488,60.07602484361226
1.639109245552488,59.99216898279617
1.639109245552488,57.68692976250119
1.639109245552488,59.99943163037971
1.639109245552488,60.059456577244745
1.639109245552488,66.67368076641165
1.639109245552488,58.55831303296267
1.639109245552488,60.050570577079405
1.639109245552488,59.34456184295748
1.639109245552488,65.52087444511467
1.639109245552488,60.03621469281579
1.639109245552488,59.99513900076386
1.639109245552488,59.997900270700626
1.639109245552488,60.157538959891596
1.639109245552488,60.056755766939126
1.639109245552488,60.038729070632485
1.639109245552488,59.51687117463327
1.639109245552488,62.769912353403676
1.639109245552488,59.29084539097502
1.639109245552488,60.036593068446734
1.639109245552488,60.12162574536931
1.639109245552488,60.044604639587334
1.639109245552488,63.84833158621607
1.639109245552488,59.28992726797211
1.639109245552488,59.131760916901925
1.639109245552488,60.21750996804158
1.639109245552488,59.97224469790387
1.639109245552488,59.99980661711538
1.639109245552488,60.00195785608234
1.639109245552488,66.79400187525755
1.639109245552488,58.90530399629142
1.639109245552488,59.52680730151122
1.639109245552488,58.85379594587224
1.639109245552488,60.004655700879276
1.639109245552488,60.06545370265002
1.639109245552488,59.969329074043344
1.639109245552488,59.4819147524364
1.639109245552488,63.43458684546045
1.639109245552488,60.00964848492664
1.639109245552488,59.26929418034047
1.639109245552488,62.307840183164664
1.639109245552488,57.480298017441456
1.639109245552488,64.05765942982707
1.639109245552488,59.519544998215146
1.639109245552488,54.93543787674843
1.639109245552488,59.99552891772854
1.639109245552488,59.987111225557484
1.639109245552488,59.989893666929234
1.639109245552488,59.99488131429374
1.639109245552488,60.02634961718458
1.639109245552488,59.98128722105706
1.639109245552488,60.04571127481536
1.639109245552488,60.026339997694436
1.639109245552488,60.01657666234146
1.639109245552488,59.73486851946669
1.639109245552488,59.98637299941365
1.639109245552488,59.927574819334005
1.639109245552488,72.39484899183198
1.639109245552488,61.22556376603491
1.639109245552488,60.172682805002324
1.639109245552488,60.01909995068389
1.639109245552488,64.66413863475798
1.639109245552488,59.32562612357582
1.639109245552488,60.1773023816267
1.639109245552488,60.35730108371501
1.639109245552488,58.306961427573604
1.639109245552488,78.01683065334296
1.639109245552488,60.005143909648915
1.639109245552488,60.02109983354216
1.639109245552488,59.677837007510966
1.639109245552488,62.512040241918285
1.639109245552488,62.02827059263801
1.639109245552488,60.01948083624996
1.639109245552488,60.0252115392659
1.639109245552488,62.40848759342826
1.639109245552488,59.80089309155032
1.639109245552488,60.40722760235469
1.639109245552488,60.00472602394891
1.639109245552488,57.752853074120296
1.639109245552488,60.1813026635757
1.639109245552488,59.972683893602024
1.639109245552488,59.50671880934109
1.639109245552488,66.44504289019717
1.639109245552488,60.00013408434814
1.639109245552488,59.99469582656815
1.639109245552488,60.00300607234733
1.639109245552488,60.049851764017795
1.639109245552488,59.9779015543428
1.639109245552488,59.94813989442633
1.639109245552488,59.64636749350502
1.639109245552488,59.38804284227155
1.639109245552488,60.05765974271605
1.639109245552488,60.08371241925368
1.639109245552488,60.1413313779319
1.639109245552488,59.87619789042479
1.639109245552488,59.79311546127628
1.639109245552488,59.251428562394445
1.639109245552488,58.58810071918294
1.639109245552488,58.81100707878716
1.639109245552488,67.29809703731338
1.639109245552488,60.27503312087974
1.639109245552488,62.089855041859614
1.639109245552488,63.3178857761804
1.639109245552488,59.98386574572309
1.639109245552488,60.00210002738495
1.639109245552488,59.99857561849759
1.639109245552488,60.04879836775496
1.639109245552488,59.7188000280149
1.639109245552488,59.50717376863935
1.639109245552488,60.337409297638565
1.639109245552488,60.040158065124174
1.639109245552488,59.60067504764662
1.639109245552488,59.814653231146146
1.639109245552488,59.43543288205652
1.639109245552488,59.14649828182955
1.639109245552488,64.0553744525345
1.639109245552488,59.98805077488277
1.639109245552488,59.82673055532382
1.639109245552488,59.331946329099594
1.639109245552488,60.00935991511557
1.639109245552488,60.04030950867156
1.639109245552488,59.99483915297382
1.639109245552488,59.99579908425414
1.639109245552488,59.74606432601902
1.639109245552488,60.018937043087256
1.639109245552488,59.11767615943721
1.639109245552488,59.78983735943793
1.639109245552488,60.00085879599186
1.639109245552488,59.89508263142538
1.639109245552488,59.8802919805006
1.639109245552488,64.23720327731601
1.639109245552488,60.06720569011043
1.639109245552488,59.04400497656841
1.639109245552488,62.75029775670923
1.639109245552488,59.51962842959302
1.639109245552488,59.34930004203433
1.639109245552488,59.983005182906446
1.639109245552488,60.027213859375884
1.639109245552488,60.01561275849276
1.639109245552488,60.021418150819464
1.639109245552488,59.91075091245694
1.639109245552488,59.9462719003688
1.639109245552488,59.96367130671643
1.639109245552488,59.791616174157156
1.639109245552488,58.802501464534444
1.639109245552488,60.053432647174034
1.639109245552488,57.023837006853796
1.639109245552488,59.995427355275545
1.639109245552488,60.29535340496275
1.639109245552488,59.82365520701386
1.639109245552488,60.22878344342189
1.639109245552488,60.33517906120762
1.639109245552488,60.15300225460761
1.639109245552488,59.48697878747392
1.639109245552488,62.6194127574669
1.639109245552488,58.1178945025381
1.639109245552488,60.038272962046854
1.639109245552488,62.958680891202
1.639109245552488,59.095463647067554
1.639109245552488,59.77142014976859
1.639109245552488,59.92270432133677
1.639109245552488,59.50086461260303
1.639109245552488,60.0651350331192
1.639109245552488,60.23599692199628
1.639109245552488,60.16215256224214
1.639109245552488,59.499232461992925
1.639109245552488,60.1766827396313
1.639109245552488,73.65248554720392
1.639109245552488,62.31217869001962
1.639109245552488,58.83642342999204
1.639109245552488,60.06320027593035
1.639109245552488,60.02156105111073
1.639109245552488,58.89023062830561
1.639109245552488,60.012184164928804
1.639109245552488,60.05796365704587
1.639109245552488,62.25958015130313
1.639109245552488,59.64078697022153
1.639109245552488,62.74506367633296
1.639109245552488,60.057036634875224
1.639109245552488,60.031244694389095
1.639109245552488,60.006209594559635
1.639109245552488,60.395867773202895
1.639109245552488,59.99685141256778
1.639109245552488,64.00197438299315
1.639109245552488,60.0055343584647
1.639109245552488,60.02863436613987
1.639109245552488,60.039046168665394
1.639109245552488,60.02860872271072
1.639109245552488,64.37993612658316
1.639109245552488,60.025694849560736
1.639109245552488,59.98873435504937
1.639109245552488,59.90627547351721
1.639109245552488,59.92518646312714
1.639109245552488,59.989697368246766
1.639109245552488,59.81503145652905
1.639109245552488,59.80153296283361
1.639109245552488,60.04626278168883
1.639109245552488,59.72010406465513
1.639109245552488,60.22480689454032
1.639109245552488,59.279722559998355
1.639109245552488,59.83285939823124
1.639109245552488,60.00496023226706
1.639109245552488,60.03398348476179
1.639109245552488,60.106661834166964
1.639109245552488,59.93343738106247
1.639109245552488,59.99780891987665
1.639109245552488,60.045464858763395
1.639109245552488,60.007083226691044
1.639109245552488,60.51414101375875
1.639109245552488,59.03818617259225
1.639109245552488,63.23340290795291
1.639109245552488,59.36825844211807
1.639109245552488,59.95957522135281
1.639109245552488,62.52953613358613
1.639109245552488,59.49556804719426
1.639109245552488,59.91839740772675
1.639109245552488,59.96711475401926
1.639109245552488,59.99213708885973
1.639109245552488,59.98083596127442
1.639109245552488,59.9686602183302
1.639109245552488,62.23967956857957
1.639109245552488,59.576269290132196
1.639109245552488,59.53629132384797
1.639109245552488,60.085529682312036
1.639109245552488,59.44366655759753
1.639109245552488,60.01799137439274
1.639109245552488,60.01121276443871
1.639109245552488,59.96122236947176
1.639109245552488,59.665354555126996
1.639109245552488,59.17686561311984
1.639109245552488,59.9895651826429
1.639109245552488,60.05320007124437
1.639109245552488,60.03954647640444
1.639109245552488,60.07877506011848
1.639109245552488,60.005942165020365
1.639109245552488,60.01343866731538
1.639109245552488,59.9159717049903
1.639109245552488,59.945047741124014
1.639109245552488,59.56685300805939
1.639109245552488,59.98279322554895
1.639109245552488,59.995852580718584
1.639109245552488,59.99884954007721
1.639109245552488,60.03349816248318
1.639109245552488,60.06795095602499
1.639109245552488,59.978561411822724
1.639109245552488,59.99056472776418
1.639109245552488,59.81503248848142
1.639109245552488,60.045799685960375
1.639109245552488,60.003736429206185
1.639109245552488,60.00178645272554
1.639109245552488,60.03380394357427
1.639109245552488,60.03325368712229
1.639109245552488,60.04321034260522
1.639109245552488,60.016368380765094
1.639109245552488,60.05689378701661
1.639109245552488,59.99017064301597
1.639109245552488,60.07098646250004
1.639109245552488,59.98479026718422
1.639109245552488,59.99857199245378
1.639109245552488,59.98257667675745
1.639109245552488,60.00374754704597
1.639109245552488,59.990750562623745
1.639109245552488,59.98496786611257
1.639109245552488,59.98695748149596
1.639109245552488,59.98958276405401
1.639109245552488,59.994708306233285
1.639109245552488,59.99130766628553
1.639109245552488,59.9888874794831
1.639109245552488,59.99924282786209
1.639109245552488,60.00044078599162
1.639109245552488,60.00034567123509
1.639109245552488,59.998434311467925
1.639109245552488,59.99947796669052
1.639109245552488,60.00058162710651
1.639109245552488,59.999918293408975
1.639109245552488,59.999437089181704
1.639109245552488,60.00134918588883
1.639109245552488,64.6932078325117
1.639109245552488,59.42337245870736
1.639109245552488,58.88962456708961
1.639109245552488,59.3505118381549
1.639109245552488,60.005798600732945
1.639109245552488,60.00580683528078
1.639109245552488,59.999274895950904
1.639109245552488,59.99791813049021
1.639109245552488,59.9945985060334
1.639109245552488,58.89882253541417
1.639109245552488,59.184996728497815
1.639109245552488,60.01002720885407
1.639109245552488,57.53944616409369
1.639109245552488,59.984413773880604
1.639109245552488,59.995662500475916
1.639109245552488,60.001449251689266
1.639109245552488,59.03759950524194
1.639109245552488,60.45308663874052
1.639109245552488,58.29130513697124
1.639109245552488,59.98083835154675
1.639109245552488,57.292924863193136
1.639109245552488,60.00260217476804
1.639109245552488,77.49001366951504
1.639109245552488,59.999238959169084
1.639109245552488,60.00023781068172
1.639109245552488,60.00782637724704
1.639109245552488,60.086628843061064
1.639109245552488,59.93999889914099
1.639109245552488,57.94820363954375
1.639109245552488,59.985853152929124
1.639109245552488,54.90173080953449
1.639109245552488,60.16591170997178
1.639109245552488,77.11182789235501
1.639109245552488,100.65131669730457
1.639109245552488,55.746463934117386
1.639109245552488,60.00048451304447
1.639109245552488,60.025915324863846
1.639109245552488,60.016455651183165
1.639109245552488,60.0033524111111
1.639109245552488,60.004132114037105
1.639109245552488,60.01900842170117
1.639109245552488,59.986620712870874
1.639109245552488,60.00239855273684
1.639109245552488,60.01535772671443
1.639109245552488,60.1664289397825
1.639109245552488,59.99665503108797
1.639109245552488,60.025013523065205
1.639109245552488,60.00344371348237
1.639109245552488,60.179392393720136
1.639109245552488,60.322783253023744
1.639109245552488,59.96827899277
1.639109245552488,60.00591964888005
1.639109245552488,59.97183053113579
1.639109245552488,59.99901565326697
1.639109245552488,57.246659283929915
1.639109245552488,59.041094986633205
1.639109245552488,59.429055595462756
1.639109245552488,64.69219520662402
1.639109245552488,59.971593808153436
1.639109245552488,60.00207864446912
1.639109245552488,59.93045795153025
1.639109245552488,59.99606431832892
1.639109245552488,58.89936468152907
1.639109245552488,58.049995702563464
1.639109245552488,59.98684773585834
1.639109245552488,77.6529140564956
1.639109245552488,59.26065606821603
1.639109245552488,59.4026220408922
1.639109245552488,63.89770702602251
1.639109245552488,59.390051103109634
1.639109245552488,59.9354813546131
1.639109245552488,60.01359449405104
1.639109245552488,59.93987475554282
1.639109245552488,59.99831288701519
1.639109245552488,59.99485814714996
1.639109245552488,59.98387023232953
1.639109245552488,60.004199190694216
1.639109245552488,58.91383940163062
1.639109245552488,60.456805512733276
1.639109245552488,55.474085125954545
1.639109245552488,59.403338639087956
1.639109245552488,59.61854970910344
1.639109245552488,59.35124590772149
1.639109245552488,60.09987478078474
1.639109245552488,59.99502997523536
1.639109245552488,99.71441619878475
1.639109245552488,57.927833787725866
1.639109245552488,60.03223258357553
1.639109245552488,60.29373393133803
1.639109245552488,59.956664440637695
1.639109245552488,59.96846353858695
1.639109245552488,60.129182078926625
1.639109245552488,59.97818993865202
1.639109245552488,59.96954841565781
1.639109245552488,60.026449420102324
1.639109245552488,60.0015693689166
1.639109245552488,60.116302222443196
1.639109245552488,59.507817953772225
1.639109245552488,58.74733016681222
1.639109245552488,59.162918302885984
1.639109245552488,55.07334219356475
1.639109245552488,58.95990792023505
1.639109245552488,60.04550636278581
1.639109245552488,60.031255851049714
1.639109245552488,60.00768483453496
1.639109245552488,60.04250361116548
1.639109245552488,59.40386810718924
1.639109245552488,60.35176582682828
1.639109245552488,57.556110562762846
1.639109245552488,78.28636562345935
1.639109245552488,73.44079572434072
1.639109245552488,60.0147445307526
1.639109245552488,58.319384706338646
1.639109245552488,59.95246477052969
1.639109245552488,60.0211190664179
1.639109245552488,59.99613416789752
1.639109245552488,59.970106615689986
1.639109245552488,60.22648073912824
1.639109245552488,60.21138252428262
1.639109245552488,59.720789442884595
1.639109245552488,60.009907325182674
1.639109245552488,60.35525841653473
1.639109245552488,57.84253287729675
1.639109245552488,57.50818395876253
1.639109245552488,73.13866660472276
1.639109245552488,58.82047101265595
1.639109245552488,60.02004690391227
1.639109245552488,59.97387433033339
1.639109245552488,60.01536451272424
1.639109245552488,60.0111826219159
1.639109245552488,60.00287946248932
1.639109245552488,59.99527830220461
1.639109245552488,59.97878671507143
1.639109245552488,60.043969380735795
1.639109245552488,59.99602095129055
1.639109245552488,60.24078488829282
1.639109245552488,82.98673239747374
1.639109245552488,57.62624697009865
1.639109245552488,62.63047016371675
1.639109245552488,58.637900619889265
1.639109245552488,59.96607653770584
1.639109245552488,59.96764046726385
1.639109245552488,60.012472224283286
1.639109245552488,60.00174140985441
1.639109245552488,60.053604233306906
1.639109245552488,60.16467984562717
1.639109245552488,60.01312051003924
1.639109245552488,60.11923067771069
1.639109245552488,59.95819554948892
1.639109245552488,59.97640109962828
1.639109245552488,59.996574959596714
1.639109245552488,59.5570325597692
1.639109245552488,55.995325529461
1.639109245552488,59.992004750313676
1.639109245552488,79.98641088117976
1.639109245552488,59.989920024946926
1.639109245552488,60.05667399819889
1.639109245552488,60.1556069864495
1.639109245552488,59.960809774388615
1.639109245552488,60.397818084080185
1.639109245552488,60.00354247013123
1.639109245552488,60.00159271295027
1.639109245552488,59.546163684580684
1.639109245552488,60.352395541264734
1.639109245552488,58.46242431207763
1.639109245552488,60.01115671078873
1.639109245552488,59.73554619611851
1.639109245552488,60.28026699566899
1.639109245552488,58.650046132112266
1.639109245552488,58.99706649182913
1.639109245552488,56.59218263375514
1.639109245552488,58.8585639489888
1.639109245552488,60.17076903211348
1.639109245552488,59.12666648766995
1.639109245552488,66.21450108032296
1.639109245552488,59.9344001131247
1.639109245552488,59.97236252593976
1.639109245552488,60.00282388477483
1.639109245552488,60.0062086775172
1.639109245552488,59.96154543389799
1.639109245552488,60.00309729393551
1.639109245552488,60.01222324453769
1.639109245552488,59.4779635131704
1.639109245552488,59.93776865418218
1.639109245552488,59.97801853292243
1.639109245552488,58.93340541592729
1.639109245552488,59.981720794127234
1.639109245552488,59.99503959751116
1.639109245552488,59.48806723142045
1.639109245552488,59.670611630591324
1.639109245552488,83.86198112084922
1.639109245552488,60.07145143977248
1.639109245552488,58.801348021713956
1.639109245552488,59.933855950267905
1.639109245552488,59.44988591582479
1.639109245552488,60.193070174874016
1.639109245552488,59.97279758133755
1.639109245552488,59.983372719334064
1.639109245552488,60.05430509227602
1.639109245552488,60.275542900844506
1.639109245552488,59.95196306713869
1.639109245552488,59.985249322216376
1.639109245552488,55.36528906561637
1.639109245552488,58.92064508037789
1.639109245552488,60.01592491688327
1.639109245552488,60.00184411347277
1.639109245552488,59.974864560312604
1.639109245552488,101.00050496932164
1.639109245552488,59.21087867220783
1.639109245552488,59.998692870692516
1.639109245552488,71.44277883467068
1.639109245552488,54.7375077605975
1.639109245552488,58.41972436579497
1.639109245552488,59.99695349101808
1.639109245552488,60.068619212660494
1.639109245552488,60.025086887711126
1.639109245552488,59.957010125424475
1.639109245552488,59.98031333006186
1.639109245552488,60.00240187170949
1.639109245552488,60.01637513536296
1.639109245552488,59.992484696892625
1.639109245552488,60.01810637633854
1.639109245552488,59.99386693288289
1.639109245552488,59.99901868093354
1.639109245552488,60.00027318548957
1.639109245552488,60.00016306712847
1.639109245552488,60.000566544226004
1.639109245552488,60.00038669574087
1.639109245552488,60.00004514918474
1.639109245552488,60.00028517691301
1.639109245552488,59.99998778320182
1.639109245552488,59.99786818949717
1.639109245552488,60.003981546829586
1.639109245552488,59.978748532020575
1.639109245552488,60.1615304945856
1.639109245552488,60.02050697336662
1.639109245552488,59.96201606714438
1.639109245552488,59.95997129519517
1.639109245552488,59.99195646030929
1.639109245552488,60.007989912331894
1.639109245552488,59.99849490576766
1.639109245552488,59.99842540999726
1.639109245552488,60.00310976252897
1.639109245552488,60.00042761224271
1.639109245552488,60.00075248419877
1.639109245552488,60.00013999708865
1.639109245552488,59.99996114165045
1.639109245552488,59.9811125400345
1.639109245552488,59.99575071900608
1.639109245552488,60.01014672949346
1.639109245552488,60.279516959710826
1.639109245552488,60.07590166856207
1.639109245552488,60.23399472979697
1.639109245552488,59.99979331037227
1.639109245552488,60.00323612184558
1.639109245552488,59.999209030592
1.639109245552488,60.0003168149212
1.639109245552488,60.004569088028035
1.639109245552488,59.99981572718876
1.639109245552488,59.99983724237109
1.639109245552488,60.00052741182636
1.639109245552488,60.00014410140159
1.639109245552488,60.00720308176534
1.639109245552488,60.00439655397037
1.639109245552488,60.00209415741888
1.639109245552488,59.99938114695352
1.639109245552488,60.02076601161753
1.639109245552488,59.99868157340889
1.639109245552488,59.998858071343314
1.639109245552488,59.974562708502425
1.639109245552488,60.00595249694368
1.639109245552488,60.00014682109849
1.639109245552488,59.98739418236232
1.639109245552488,59.99992590420647
1.639109245552488,59.99962149138528
1.639109245552488,60.01943440872064
1.639109245552488,60.00046745669379
1.639109245552488,59.99994510025301
1.639109245552488,59.99998307595451
1.639109245552488,59.999959323271895
1.639109245552488,59.99992424701052
1.639109245552488,59.94744148542134
1.639109245552488,60.0114035474006
1.639109245552488,60.00027102506183
1.639109245552488,60.006102648066914
1.639109245552488,60.000315239992936
1.639109245552488,60.000051121933424
1.639109245552488,60.00094185092082
1.639109245552488,59.96984924886021
1.639109245552488,59.99969241175626
1.639109245552488,59.9999200865115
1.639109245552488,59.999898815921114
1.639109245552488,60.000020935649395
1.639109245552488,59.9987612113874
1.639109245552488,59.99991679112898
1.639109245552488,59.991031456021446
1.639109245552488,59.999333969564844
1.639109245552488,60.00005661717672
1.639109245552488,59.98659844826975
1.639109245552488,60.00063387136082
1.639109245552488,59.99993699335006
1.639109245552488,60.000101593176254
1.639109245552488,60.00002110650479
1.639109245552488,59.98149927156135
1.639109245552488,59.99996939645225
1.639109245552488,59.999923550158634
1.639109245552488,59.99994464506518
1.639109245552488,84.29118926987687
1.639109245552488,62.55345865938427
1.639109245552488,57.12765236353328
1.639109245552488,59.187452603710334
1.639109245552488,60.005856565974234
1.639109245552488,60.0004977720601
1.639109245552488,60.00002263379346
1.639109245552488,59.99222420213842
1.639109245552488,59.998361963446015
1.639109245552488,59.99996137594186
1.639109245552488,60.00012647063582
1.639109245552488,59.66729902501146
1.639109245552488,58.82960870722667
1.639109245552488,59.99994260178866
1.639109245552488,59.99997082968135
1.639109245552488,59.999935383044146
1.639109245552488,59.75698250389856
1.639109245552488,58.286321937360384
1.639109245552488,60.00004056150475
1.639109245552488,60.00029739957648
1.639109245552488,60.000292695165115
1.639109245552488,60.00698281242536
1.639109245552488,60.00024576377856
1.639109245552488,60.00658095038779
1.639109245552488,60.00854288097831
1.639109245552488,59.99997833469738
1.639109245552488,60.004873069444464
1.639109245552488,59.99440979617975
1.639109245552488,60.02335638727267
1.639109245552488,60.0045227437593
1.639109245552488,60.06987748435059
1.639109245552488,86.73605483694503
1.639109245552488,59.44153226259308
1.639109245552488,60.12207948600008
1.639109245552488,59.544293115836496
1.639109245552488,65.39331204880551
1.639109245552488,57.08412332792603
1.639109245552488,79.46581701749844
1.639109245552488,57.85584271134596
1.639109245552488,59.99245613210695
1.639109245552488,59.99995834406217
1.639109245552488,60.02386195973659
1.639109245552488,59.99830795560024
1.639109245552488,59.99817043708049
1.639109245552488,60.02490175430402
1.639109245552488,58.31341756571688
1.639109245552488,59.99992186713229
1.639109245552488,59.42790369567254
1.639109245552488,57.79536364594948
1.639109245552488,59.18272046721337
1.639109245552488,57.22066015996734
1.639109245552488,60.191950692679285
1.639109245552488,59.73865048789279
1.639109245552488,59.20574860917194
1.639109245552488,59.78141443176447
1.639109245552488,60.003265776189735
1.639109245552488,59.99978956019485
1.639109245552488,59.98296017978142
1.639109245552488,60.002128030820764
1.639109245552488,59.982555625032305
1.639109245552488,59.99995457280949
1.639109245552488,59.998792290810776
1.639109245552488,59.986388578916454
1.639109245552488,55.629633454202384
1.639109245552488,60.41370112501264
1.639109245552488,58.81692389780366
1.639109245552488,104.58453615292713
1.639109245552488,60.14999751414716
1.639109245552488,59.19749234482904
1.639109245552488,60.00003363990419
1.639109245552488,59.99751734315103
1.639109245552488,59.99866372978204
1.639109245552488,59.99826647106084
1.639109245552488,60.00010595389944
1.639109245552488,59.99715298271903
1.639109245552488,59.94744896255857
1.639109245552488,60.05247593560668
1.639109245552488,60.078038120791625
1.639109245552488,53.440937822995586
1.639109245552488,59.05724789681321
1.639109245552488,60.800723383004694
1.639109245552488,76.77842210563938
1.639109245552488,57.517289707130274
1.639109245552488,58.35498411651149
1.639109245552488,60.11351432226245
1.639109245552488,60.014462881084924
1.639109245552488,60.07984825313422
1.639109245552488,60.00008841324673
1.639109245552488,60.020671322060615
1.639109245552488,60.00083849944609
1.639109245552488,59.99992148476884
1.639109245552488,59.98682801400428
1.639109245552488,59.99944561989348
1.639109245552488,60.00130837666128
1.639109245552488,59.96563747603516
1.639109245552488,59.99975037411611
1.639109245552488,59.99989714486749
1.639109245552488,60.00255211182901
1.639109245552488,60.00167662782602
1.639109245552488,60.00167526921367
1.639109245552488,59.997777097643954
1.639109245552488,59.994146530410795
1.639109245552488,60.173873449701276
1.639109245552488,60.03417281943703
1.639109245552488,60.00194613565366
1.639109245552488,59.999694541508276
1.639109245552488,59.99555825144929
1.639109245552488,59.99999016458935
1.639109245552488,59.999967287230966
1.639109245552488,60.0000758319995
1.639109245552488,60.00007157842675
1.639109245552488,59.99967262967411
1.639109245552488,60.0010269609464
1.639109245552488,59.97951543723033
1.639109245552488,59.999561855252836
1.639109245552488,59.99967960233257
1.639109245552488,59.98182228483978
1.639109245552488,60.00088426031829
1.639109245552488,60.000069940352795
1.639109245552488,60.00004987778496
1.639109245552488,60.00127261770049
1.639109245552488,59.999834246284266
1.639109245552488,59.997799670051094
1.639109245552488,60.00006666714293
1.639109245552488,60.0000456430191
1.639109245552488,59.99991051503912
1.639109245552488,59.999982688803556
1.639109245552488,59.99991865596035
1.639109245552488,59.999401706632064
1.639109245552488,60.001594599983534
1.639109245552488,59.999806049811205
1.639109245552488,59.99996798177008
1.639109245552488,60.000067105470706
1.639109245552488,59.99999362924216
1.639109245552488,60.00081435402045
1.639109245552488,60.000010908011426
1.639109245552488,60.00001163299535
1.639109245552488,59.99999798371294
1.639109245552488,60.000616081204186
1.639109245552488,60.00005134261627
1.639109245552488,60.00006637663569
1.639109245552488,60.00003517108412
1.639109245552488,60.000039577216576
1.639109245552488,60.00216716487803
1.639109245552488,60.000423205766644
1.639109245552488,60.003270847680426
1.639109245552488,60.00043167933648
1.639109245552488,59.99540340260503
1.639109245552488,59.992828648277595
1.639109245552488,59.99968701845777
1.639109245552488,60.00021588365506
1.639109245552488,60.00000850676662
1.639109245552488,60.00048808986062
1.639109245552488,60.00006953084899
1.639109245552488,60.00006497754891
1.639109245552488,59.999919762773075
1.639109245552488,60.000041441924175
1.639109245552488,60.00008478470647
1.639109245552488,60.000021087454584
1.639109245552488,60.00001977685392
1.639109245552488,60.00011460537869
1.639109245552488,60.00003882151877
1.639109245552488,60.000734403022264
1.639109245552488,60.00155334482894
1.639109245552488,59.999319903661444
1.639109245552488,60.00030845230616
1.639109245552488,60.000085528582304
1.639109245552488,60.000284596182766
1.639109245552488,60.00000518493981
1.639109245552488,59.99998348526229
1.639109245552488,60.00006575904175
1.639109245552488,60.000042133563745
1.639109245552488,59.999936214625336
1.639109245552488,60.000370363927196
1.639109245552488,60.00394295142093
1.639109245552488,60.00012415098832
1.639109245552488,59.99985696685797
1.639109245552488,60.00013528467133
1.639109245552488,59.99991712147184
1.639109245552488,59.999968331853836
1.639109245552488,60.00009200257838
1.639109245552488,59.999915353072524
1.639109245552488,59.99999145641822
1.639109245552488,59.99992865673026
1.639109245552488,59.999938232986686
1.639109245552488,59.99998153400118
1.639109245552488,59.999889282822686
1.639109245552488,59.9998582382361
1.639109245552488,59.999842590701455
1.639109245552488,60.00322989473324
1.639109245552488,59.99960221265984
1.639109245552488,59.99980710983643
1.639109245552488,59.99974341481373
1.639109245552488,60.00010244336717
1.639109245552488,59.99915617671792
1.639109245552488,59.99993177004128
1.639109245552488,59.99998719032702
1.639109245552488,60.00000231411296
1.639109245552488,59.99999099297274
1.639109245552488,59.99987714939675
1.639109245552488,59.999977404866186
1.639109245552488,59.99998605627461
1.639109245552488,59.99988587482325
1.639109245552488,59.99999417119806
1.639109245552488,59.999945655644204
1.639109245552488,59.999936183508616
1.639109245552488,59.999843017781984
1.639109245552488,59.99999106657206
1.639109245552488,59.99990452792882
1.639109245552488,59.99998528600821
1.639109245552488,59.99998911220577
1.639109245552488,60.00003447400634
1.639109245552488,60.000026072844314
1.639109245552488,59.99995747181624
1.639109245552488,59.999702276569195
1.639109245552488,60.000021463619326
1.639109245552488,59.999922905139506
1.639109245552488,59.999881898363675
1.639109245552488,59.99991421200031
1.639109245552488,59.99985386557051
1.639109245552488,60.00000621890126
1.639109245552488,59.999872681444884
1.639109245552488,59.99998850323245
1.639109245552488,59.999979210449354
1.639109245552488,59.99996131660682
1.639109245552488,60.000002220188456
1.639109245552488,59.99998470925668
1.639109245552488,60.00005854336211
1.639109245552488,60.0000081780145
1.639109245552488,59.99993246808671
1.639109245552488,60.000051391015276
1.639109245552488,59.999965931991746
1.639109245552488,60.000057214296824
1.639109245552488,59.999984429584295
1.639109245552488,60.00002512389655
1.639109245552488,60.00001818914384
1.639109245552488,60.00000424507767
1.639109245552488,60.000015853345715
1.639109245552488,59.99998333520366
1.639109245552488,59.999986055642665
1.639109245552488,59.9999825671445
1.639109245552488,59.99990993038587
1.639109245552488,59.99990817311434
1.639109245552488,59.99989173489416
1.639109245552488,59.99998335617734
1.639109245552488,59.99996500100217
1.639109245552488,59.999938254770576
1.639109245552488,59.99993708417418
1.639109245552488,59.99999292712509
1.639109245552488,60.000032657229966
1.639109245552488,60.00002357976841
1.639109245552488,59.99999658703342
1.639109245552488,59.999908931625974
1.639109245552488,59.99993942193601
1.639109245552488,59.999944364029325
1.639109245552488,59.99998622381714
1.639109245552488,59.999983576427006
1.639109245552488,60.00002412388557
1.639109245552488,60.000029766858354
1.639109245552488,60.000011618073636
1.639109245552488,60.000013842538245
1.639109245552488,60.000009444483005
1.639109245552488,60.00000956724905
1.639109245552488,60.00001790403694
1.639109245552488,60.00001020629594
1.639109245552488,60.0000036498147
1.639109245552488,59.99992916912775
1.639109245552488,60.00001177331818
1.639109245552488,59.999951577894414
1.639109245552488,59.99999941415247
1.639109245552488,59.999965083092654
1.639109245552488,59.99997690222208
1.639109245552488,59.99993410184196
1.639109245552488,59.99993618983197
1.639109245552488,59.999960530398454
1.639109245552488,59.99994844084269
1.639109245552488,59.999987001609604
1.639109245552488,60.00003229353944
1.639109245552488,60.00000959308275
1.639109245552488,60.00000112824424
1.639109245552488,60.00000089755211
1.639109245552488,60.00000705403284
1.639109245552488,59.999983320176554
1.639109245552488,59.999995792585004
1.639109245552488,59.999955430398956
1.639109245552488,59.99994790806323
1.639109245552488,59.99996529011697
1.639109245552488,59.99996277395302
1.639109245552488,59.999942121193726
1.639109245552488,59.99995422107323
1.639109245552488,59.999942708372025
1.639109245552488,59.999967589798146
1.639109245552488,59.99992733999672
1.639109245552488,59.99994914918657
1.639109245552488,59.99993641339911
1.639109245552488,59.99994490058419
1.639109245552488,60.000003533900795
1.639109245552488,60.00000844129899
1.639109245552488,59.99999344944065
1.639109245552488,60.00001112777286
1.639109245552488,60.000006664568765
1.639109245552488,59.99997957135256
1.639109245552488,59.99999351722255
1.639109245552488,60.00000452726931
1.639109245552488,59.9999835537097
1.639109245552488,60.00001493620619
1.639109245552488,60.0000624616575
1.639109245552488,59.999977124039624
1.639109245552488,60.00007297828835
1.639109245552488,60.000001861500635
1.639109245552488,60.000008917954645
1.639109245552488,59.99999110997893
1.639109245552488,60.00002214333798
1.639109245552488,59.999998595232285
1.639109245552488,60.00000497097391
1.639109245552488,60.00000133469913
1.639109245552488,59.999996533905694
1.639109245552488,60.00003845938322
1.639109245552488,60.00008483195953
1.639109245552488,60.00003428309006
1.639109245552488,60.000004137605494
1.639109245552488,59.99999853533018
1.639109245552488,60.0000115281152
1.639109245552488,60.00004423701506
1.639109245552488,60.000063340122885
1.639109245552488,60.00001288822349
1.639109245552488,60.000005671547136
1.639109245552488,59.99999784602681
1.639109245552488,60.000008781277174
1.639109245552488,59.999993884091786
1.639109245552488,60.0000073288577
1.639109245552488,60.00001333213978
1.639109245552488,60.00000911063389
1.639109245552488,60.000009651047385
1.639109245552488,59.99997951062315
1.639109245552488,60.00001293045502
1.639109245552488,59.99999518646354
1.639109245552488,60.00007548956434
1.639109245552488,60.000063172686765
1.639109245552488,60.00004897991593
1.639109245552488,60.00003594108873
1.639109245552488,60.00000122332452
1.639109245552488,60.00000566175569
1.639109245552488,59.999996520977696
1.639109245552488,59.99999850901675
1.639109245552488,60.00000283835403
1.639109245552488,60.00000842033248
1.639109245552488,60.00001118825265
1.639109245552488,60.00001409795238
1.639109245552488,60.0000074374709
1.639109245552488,59.999962257743505
1.639109245552488,60.000029611914805
1.639109245552488,60.00006888812083
1.639109245552488,60.0000532396883
1.639109245552488,59.99999012102815
1.639109245552488,59.99999729833068
1.639109245552488,60.00002536992303
1.639109245552488,60.00000547659269
1.639109245552488,60.00002017331435
1.639109245552488,59.9999957659445
1.639109245552488,60.000023134837846
1.639109245552488,59.99998047218947
1.639109245552488,60.000044295038954
1.639109245552488,60.000063495647225
1.639109245552488,60.00009286230097
1.639109245552488,60.000089335744605
1.639109245552488,60.00007001753459
1.639109245552488,59.999991398451485
1.639109245552488,59.99999583938443
1.639109245552488,60.00000930109605
1.639109245552488,59.99999401693065
1.639109245552488,60.000021886721306
1.639109245552488,59.999990835612635
1.639109245552488,60.00001520021019
1.639109245552488,59.99997560710954
1.639109245552488,60.00008240000884
1.639109245552488,60.00009799462433
1.639109245552488,60.0000543369794
1.639109245552488,59.99997796182332
1.639109245552488,59.999938114488984
1.639109245552488,59.9999220951443
1.639109245552488,59.9999352517652
1.639109245552488,59.99997794305674
1.639109245552488,60.00001392950656
1.639109245552488,60.00002326254669
1.639109245552488,60.000025267266345
1.639109245552488,60.00001393154773
1.639109245552488,60.00001232552503
1.639109245552488,60.000029105896324
1.639109245552488,60.00008023075108
1.639109245552488,59.99995176742034
1.639109245552488,59.99998119666657
1.639109245552488,60.00006583847661
1.639109245552488,60.000072286450674
1.639109245552488,59.999979613790224
1.639109245552488,60.000044895735705
1.639109245552488,59.99999940353966
1.639109245552488,59.99999329954385
1.639109245552488,60.00002306096328
1.639109245552488,59.99999053277289
1.639109245552488,60.00002257286927
1.639109245552488,60.00000546462408
1.639109245552488,60.000005116973846
1.639109245552488,59.999997327570135
1.639109245552488,60.000049038789946
1.639109245552488,59.99994710557121
1.639109245552488,60.000011404591795
1.639109245552488,60.00008031961858
1.639109245552488,59.99998212429377
1.639109245552488,59.99993981108904
1.639109245552488,60.000073009991944
1.639109245552488,59.99996030473195
1.639109245552488,60.00007822418437
1.639109245552488,60.00000914299505
1.639109245552488,60.00000754321716
1.639109245552488,60.0000080164291
1.639109245552488,60.00002966156463
1.639109245552488,60.000015222950054
1.639109245552488,59.999981555783314
1.639109245552488,60.00005302641215
1.639109245552488,59.99996744424534
1.639109245552488,59.999966504114326
1.639109245552488,59.99996531276432
1.639109245552488,59.99995995043043
1.639109245552488,59.99992781348095
1.639109245552488,59.99996951618918
1.639109245552488,60.00001802125808
1.639109245552488,59.99999952261876
1.639109245552488,59.99998603083703
1.639109245552488,60.00001545910731
1.639109245552488,60.00002884395309
1.639109245552488,60.00000504588988
1.639109245552488,59.999988658478614
1.639109245552488,60.00000217286121
1.639109245552488,59.99998949025796
1.639109245552488,59.99999624229825
1.639109245552488,60.00000188066579
1.639109245552488,59.99999305936116
1.639109245552488,60.00001295455
1.639109245552488,59.99998837436258
1.639109245552488,60.0000279329261
1.639109245552488,60.00003475453403
1.639109245552488,59.99998734471215
1.639109245552488,60.000013522645276
1.639109245552488,60.000011813973565
1.639109245552488,60.00000959261024
1.639109245552488,59.99997241400407
1.639109245552488,60.00000525273667
1.639109245552488,59.999988623543594
1.639109245552488,59.999993222769895
1.639109245552488,59.99999118371619
1.639109245552488,60.00001855855589
1.639109245552488,60.00001614878904
1.639109245552488,60.00003533182218
1.639109245552488,60.00000655084853
1.639109245552488,59.99998242962938
1.639109245552488,59.99999363729722
1.639109245552488,59.99998882798304
1.639109245552488,59.999879786517035
1.639109245552488,59.99986321600881
1.639109245552488,59.999854138481005
1.639109245552488,59.99999041967812
1.639109245552488,59.99997714292492
1.639109245552488,60.00000390749361
1.639109245552488,59.99998682451711
1.639109245552488,60.00000200571755
1.639109245552488,60.00000444538767
1.639109245552488,59.9998832219134
1.639109245552488,59.99991643421109
1.639109245552488,59.99998276475655
1.639109245552488,60.00000643624872
1.639109245552488,60.00001544196426
1.639109245552488,60.00001962929417
1.639109245552488,59.99999523805221
1.639109245552488,59.999923668975946
1.639109245552488,59.99999641448043
1.639109245552488,59.99995313876514
1.639109245552488,59.99999308312408
1.639109245552488,59.99993196275618
1.639109245552488,59.999918372117776
1.639109245552488,59.99996641505058
1.639109245552488,60.000010656754604
1.639109245552488,60.000008339751055
1.639109245552488,59.9999890772021
1.639109245552488,59.999977875242
1.639109245552488,59.999990984078934
1.639109245552488,59.99994187145808
1.639109245552488,59.999934680513206
1.639109245552488,60.000007381932086
1.639109245552488,59.9999668203995
1.639109245552488,59.99993203348679
1.639109245552488,59.99993302050551
1.639109245552488,59.999927931337716
1.639109245552488,60.00000269246494
1.639109245552488,59.999996169770476
1.639109245552488,60.000007642753715
1.639109245552488,59.9999864396598
1.639109245552488,59.99999608799188
1.639109245552488,60.000002665018286
1.639109245552488,60.0000011120966
1.639109245552488,60.00000623892596
1.639109245552488,60.00000173945871
1.639109245552488,60.0000007051144
1.639109245552488,59.9999975980295
1.639109245552488,60.00000010298503
1.639109245552488,59.999997485481586
1.639109245552488,59.9999817397184
1.639109245552488,60.0000163609467
1.639109245552488,59.99999940426079
1.639109245552488,59.999998734148235
1.639109245552488,59.99999485966844
1.639109245552488,59.99998127135509
1.639109245552488,60.00001235280522
1.639109245552488,60.00000126375352
1.639109245552488,60.00001632790783
1.639109245552488,60.000017636022164
1.639109245552488,59.99998407386812
1.639109245552488,59.999987601512416
1.639109245552488,60.000014013093775
1.639109245552488,60.00001086532538
1.639109245552488,60.000001845319325
1.639109245552488,60.00000664581917
1.639109245552488,59.99999513196303
1.639109245552488,59.99999040194834
2.05775043323906,59.99983107501523
2.05775043323906,60.0000052125973
2.05775043323906,59.99988542681434
2.05775043323906,60.00081711606092
2.05775043323906,59.99973163904393
2.05775043323906,60.00040590857629
2.05775043323906,60.001880772806956
2.05775043323906,59.998590008481585
2.05775043323906,59.999726998564995
2.05775043323906,59.9989405498335
2.05775043323906,60.002739878260606
2.05775043323906,59.99905541644453
2.05775043323906,59.999955794662434
2.05775043323906,59.998505132352975
2.05775043323906,60.0065151078309
2.05775043323906,60.003686462168424
2.05775043323906,60.00822504218612
2.05775043323906,59.9952193592978
2.05775043323906,59.9998734437394
2.05775043323906,60.001148839372156
2.05775043323906,59.99836869258108
2.05775043323906,59.9913831110777
2.05775043323906,59.99937893416516
2.05775043323906,60.00781780169975
2.05775043323906,59.99983483312086
2.05775043323906,59.99990927512755
2.05775043323906,60.00697452277033
2.05775043323906,59.99863611891001
2.05775043323906,60.000728445357694
2.05775043323906,60.00650319878727
2.05775043323906,59.95533008949609
2.05775043323906,59.999851341027295
2.05775043323906,59.996453809596865
2.05775043323906,60.00112521408518
2.05775043323906,60.01163687516966
2.05775043323906,60.0686283595366
2.05775043323906,60.007816625836284
2.05775043323906,60.00049591850572
2.05775043323906,60.00133874824619
2.05775043323906,59.998629749293194
2.05775043323906,60.00113923869701
2.05775043323906,59.99753634015184
2.05775043323906,59.97158053332683
2.05775043323906,59.95687816965991
2.05775043323906,60.19558274636681
2.05775043323906,59.98820932740647
2.05775043323906,60.00280220926384
2.05775043323906,60.000035431507186
2.05775043323906,60.00010674675211
2.05775043323906,59.99955564360137
2.05775043323906,60.010848888426
2.05775043323906,60.013611977086505
2.05775043323906,60.000798226586234
2.05775043323906,59.972969166567076
2.05775043323906,60.0680823075889
2.05775043323906,59.999960226829074
2.05775043323906,60.008564241482226
2.05775043323906,59.96990999370238
2.05775043323906,59.989728357755105
2.05775043323906,59.9983909852314
2.05775043323906,60.27769373564328
2.05775043323906,59.38618710787671
2.05775043323906,60.000114851456175
2.05775043323906,59.99991894647268
2.05775043323906,59.9990120300804
2.05775043323906,60.00128159492318
2.05775043323906,60.00230848176899
2.05775043323906,60.00643495909931
2.05775043323906,59.968917965021696
2.05775043323906,60.010103391802346
2.05775043323906,60.00050715092213
2.05775043323906,59.99770157105086
2.05775043323906,60.19612895314224
2.05775043323906,60.033004508612144
2.05775043323906,60.104771723261344
2.05775043323906,59.70219279148611
2.05775043323906,59.36184813430378
2.05775043323906,60.000047654572015
2.05775043323906,60.00011553537275
2.05775043323906,59.98134592604843
2.05775043323906,59.99890944966531
2.05775043323906,59.99651187026844
2.05775043323906,59.92794650724693
2.05775043323906,60.0005015227652
2.05775043323906,59.999988358315306
2.05775043323906,60.35969472195675
2.05775043323906,60.14206428611885
2.05775043323906,60.00959958569031
2.05775043323906,59.90472550334537
2.05775043323906,59.986940523192935
2.05775043323906,58.961051568590086
2.05775043323906,65.23367058873684
2.05775043323906,59.99998827736726
2.05775043323906,59.99998275692847
2.05775043323906,60.00003232039868
2.05775043323906,59.99843418311175
2.05775043323906,60.002131318453074
2.05775043323906,60.00107112428159
2.05775043323906,60.01137922615571
2.05775043323906,59.9157975270966
2.05775043323906,59.998915376634756
2.05775043323906,60.308217209083885
2.05775043323906,60.0774188628214
2.05775043323906,59.19825138836324
2.05775043323906,58.640306349688025
2.05775043323906,58.18416149089731
2.05775043323906,60.000000935277725
2.05775043323906,60.00844318119762
2.05775043323906,60.01108766822724
2.05775043323906,59.96586782958301
2.05775043323906,60.00785888563496
2.05775043323906,59.994816717946655
2.05775043323906,59.955167610221615
2.05775043323906,58.43242880671971
2.05775043323906,60.000024003397094
2.05775043323906,59.999935052206844
2.05775043323906,60.00828772321542
2.05775043323906,60.235740154661435
2.05775043323906,60.03808390994537
2.05775043323906,60.09111845365992
2.05775043323906,59.98680711044307
2.05775043323906,59.680031061355805
2.05775043323906,59.4433302002327
2.05775043323906,64.83714164703522
2.05775043323906,56.70637216471137
2.05775043323906,68.60821116420546
2.05775043323906,60.00011615271732
2.05775043323906,60.00001064503629
2.05775043323906,60.00011887323192
2.05775043323906,59.999793025095904
2.05775043323906,60.00111650598038
2.05775043323906,60.00317159426777
2.05775043323906,60.00747045657366
2.05775043323906,60.000697365950074
2.05775043323906,60.0001836587787
2.05775043323906,60.01958805582057
2.05775043323906,60.001055303678214
2.05775043323906,60.17577081672801
2.05775043323906,60.18468456923205
2.05775043323906,60.00088725125099
2.05775043323906,59.919792793075615
2.05775043323906,59.93815015912649
2.05775043323906,65.58429500345046
2.05775043323906,59.99993817944952
2.05775043323906,59.99992683370286
2.05775043323906,59.99814885628332
2.05775043323906,59.99672398854745
2.05775043323906,60.020825681195916
2.05775043323906,59.96306739571472
2.05775043323906,60.000051660360796
2.05775043323906,60.012157295273646
2.05775043323906,59.99808024444563
2.05775043323906,59.99967808866735
2.05775043323906,59.99587691927705
2.05775043323906,60.02751904840473
2.05775043323906,58.855597885602265
2.05775043323906,58.64103553080743
2.05775043323906,60.28677834571116
2.05775043323906,59.43261987818577
2.05775043323906,59.97413092831147
2.05775043323906,59.827059521420594
2.05775043323906,58.07335027686883
2.05775043323906,59.18556747305151
2.05775043323906,68.4635562638044
2.05775043323906,60.000431500781175
2.05775043323906,59.998865468064615
2.05775043323906,59.99984042254468
2.05775043323906,59.99925611605956
2.05775043323906,60.001089294632095
2.05775043323906,60.00243073315686
2.05775043323906,60.00649067856391
2.05775043323906,59.962599474808236
2.05775043323906,60.00256657844044
2.05775043323906,59.99970569412916
2.05775043323906,60.016285789452866
2.05775043323906,59.21198608330191
2.05775043323906,60.02223724208079
2.05775043323906,60.04898701717284
2.05775043323906,60.06119208355559
2.05775043323906,69.22894443294761
2.05775043323906,60.981434043598554
2.05775043323906,57.774524762656014
2.05775043323906,59.99943931869403
2.05775043323906,60.01260113227378
2.05775043323906,60.00379939442662
2.05775043323906,60.00120686572345
2.05775043323906,60.1707664830246
2.05775043323906,59.9544261179132
2.05775043323906,66.02945178643391
2.05775043323906,59.999871640967974
2.05775043323906,60.00022832395863
2.05775043323906,60.00989775029804
2.05775043323906,59.9991347207875
2.05775043323906,60.01024318865289
2.05775043323906,60.07333365359497
2.05775043323906,60.002869303406236
2.05775043323906,60.32453942201499
2.05775043323906,59.860817201219305
2.05775043323906,59.59583030491768
2.05775043323906,58.98510287939884
2.05775043323906,58.93214396085663
2.05775043323906,64.54845000713665
2.05775043323906,60.02080406017076
2.05775043323906,59.87131481505511
2.05775043323906,59.179003952883356
2.05775043323906,58.68815014415239
2.05775043323906,64.74681738211126
2.05775043323906,59.18527360642638
2.05775043323906,59.99620943173745
2.05775043323906,60.00044316803552
2.05775043323906,59.998740615035125
2.05775043323906,60.00262190063839
2.05775043323906,60.00155310325451
2.05775043323906,60.01339312970161
2.05775043323906,59.99763944448297
2.05775043323906,60.00866903415026
2.05775043323906,60.00632090609512
2.05775043323906,59.98420374464963
2.05775043323906,60.00022469627102
2.05775043323906,60.171041856586044
2.05775043323906,60.08009819924591
2.05775043323906,59.4305933030352
2.05775043323906,77.53186461373568
2.05775043323906,60.28015827781443
2.05775043323906,60.00481161508967
2.05775043323906,60.01036654054576
2.05775043323906,60.02183607558124
2.05775043323906,60.00823430922727
2.05775043323906,60.000901794651774
2.05775043323906,59.99751398216688
2.05775043323906,60.001389836889615
2.05775043323906,60.00031796653261
2.05775043323906,59.999399986501594
2.05775043323906,59.99427220780067
2.05775043323906,59.911232204076484
2.05775043323906,60.00290352311074
2.05775043323906,59.84692130310843
2.05775043323906,60.06220027360706
2.05775043323906,58.3673828373644
2.05775043323906,58.48767918797267
2.05775043323906,59.999398972915394
2.05775043323906,59.99782977529034
2.05775043323906,60.00874636219343
2.05775043323906,59.99670061169221
2.05775043323906,60.00230518824715
2.05775043323906,59.9530145746088
2.05775043323906,57.58985617063134
2.05775043323906,60.1341819323727
2.05775043323906,60.00115346298658
2.05775043323906,59.998412699923705
2.05775043323906,60.16661803805697
2.05775043323906,65.71104965128069
2.05775043323906,60.08403519135336
2.05775043323906,57.74066091269895
2.05775043323906,60.04462837718958
2.05775043323906,57.69432996823063
2.05775043323906,57.301196446914524
2.05775043323906,58.64840702223738
2.05775043323906,71.8498988176068
2.05775043323906,60.001342225869124
2.05775043323906,60.03415324614161
2.05775043323906,60.001664133655204
2.05775043323906,59.95145492529341
2.05775043323906,59.869823051529536
2.05775043323906,60.001590552437904
2.05775043323906,59.998357536714884
2.05775043323906,59.9989996918224
2.05775043323906,60.54834379611482
2.05775043323906,60.45941016358765
2.05775043323906,59.99846043429745
2.05775043323906,59.6321010924523
2.05775043323906,59.3495959723962
2.05775043323906,76.25060150228545
2.05775043323906,57.507796898388364
2.05775043323906,55.486930177234974
2.05775043323906,77.01785641053782
2.05775043323906,60.00670072326839
2.05775043323906,59.969099865577405
2.05775043323906,59.921903683909704
2.05775043323906,60.07395802889535
2.05775043323906,60.00094976043199
2.05775043323906,60.00099898670394
2.05775043323906,60.00208289779966
2.05775043323906,59.997238595764706
2.05775043323906,60.07232436177215
2.05775043323906,59.56580514163389
2.05775043323906,60.2657624233116
2.05775043323906,58.76636706506859
2.05775043323906,60.876025277415614
2.05775043323906,60.00203744269181
2.05775043323906,60.00951060945724
2.05775043323906,59.99886336007225
2.05775043323906,59.99437375664702
2.05775043323906,59.999865750430736
2.05775043323906,59.999603671073565
2.05775043323906,60.34291143049852
2.05775043323906,60.226528116153844
2.05775043323906,56.55391839898524
2.05775043323906,58.48184342242864
2.05775043323906,67.16071912293465
2.05775043323906,59.954589384254625
2.05775043323906,58.38885320395928
2.05775043323906,66.63703202837804
2.05775043323906,57.13364969172036
2.05775043323906,60.002043613119774
2.05775043323906,59.97598099080799
2.05775043323906,60.09585737743819
2.05775043323906,59.85954829326972
2.05775043323906,60.00565762572186
2.05775043323906,60.85852544064472
2.05775043323906,60.03499802642462
2.05775043323906,60.00019269974443
2.05775043323906,60.003558888776176
2.05775043323906,59.99848622505972
2.05775043323906,60.001859326931196
2.05775043323906,59.57297980230795
2.05775043323906,58.63495210206664
2.05775043323906,72.6389544168857
2.05775043323906,77.203852293319
2.05775043323906,60.235899864593414
2.05775043323906,76.6338532144556
2.05775043323906,60.54542201905487
2.05775043323906,60.055277415871906
2.05775043323906,59.192313173264154
2.05775043323906,57.0708941043897
2.05775043323906,60.005813933323346
2.05775043323906,60.02553068532467
2.05775043323906,60.06461197128492
2.05775043323906,61.00693935193697
2.05775043323906,59.999727874601646
2.05775043323906,59.99501279668301
2.05775043323906,60.00043948105569
2.05775043323906,60.11742715572892
2.05775043323906,60.62923198275612
2.05775043323906,60.76575796128137
2.05775043323906,60.00331834452546
2.05775043323906,60.00938198133454
2.05775043323906,59.9686020266505
2.05775043323906,60.48060238401084
2.05775043323906,60.253733087583726
2.05775043323906,58.40340584572873
2.05775043323906,59.134496885993734
2.05775043323906,61.37406287842765
2.05775043323906,56.66879699526665
2.05775043323906,60.45150076971867
2.05775043323906,57.95689093871953
2.05775043323906,68.04975063243918
2.05775043323906,56.55553050224132
2.05775043323906,59.01019615590219
2.05775043323906,59.79894880881084
2.05775043323906,59.45511511856589
2.05775043323906,60.286640761537
2.05775043323906,59.999798511472655
2.05775043323906,60.0028533381308
2.05775043323906,59.86149254176319
2.05775043323906,60.002859079426386
2.05775043323906,60.352198848591954
2.05775043323906,60.092990362881565
2.05775043323906,59.99916894858818
2.05775043323906,59.99353162804359
2.05775043323906,60.00467095355834
2.05775043323906,60.00428203725811
2.05775043323906,59.18221443239261
2.05775043323906,59.13044248239855
2.05775043323906,58.88592591583056
2.05775043323906,59.498953636629224
2.05775043323906,60.00594188734466
2.05775043323906,60.08379324808714
2.05775043323906,60.068769207859205
2.05775043323906,61.111515502891
2.05775043323906,60.00166427307863
2.05775043323906,59.99799943130198
2.05775043323906,59.94104801050755
2.05775043323906,60.00744326708843
2.05775043323906,60.1535908333459
2.05775043323906,60.18981233972189
2.05775043323906,60.319082497472266
2.05775043323906,59.80717209421082
2.05775043323906,59.55463839403221
2.05775043323906,60.00083108483074
2.05775043323906,59.86161790978173
2.05775043323906,60.004966792475095
2.05775043323906,59.89769961719053
2.05775043323906,60.00816086180381
2.05775043323906,60.653914815296964
2.05775043323906,60.44059766272962
2.05775043323906,57.713612852779214
2.05775043323906,60.14721247218327
2.05775043323906,65.97853407772504
2.05775043323906,74.79721563278737
2.05775043323906,57.916942531349804
2.05775043323906,64.89590256848108
2.05775043323906,60.373926543683346
2.05775043323906,57.24498778842922
2.05775043323906,64.50850061392498
2.05775043323906,59.98852287841119
2.05775043323906,59.97285398354995
2.05775043323906,60.00515984331655
2.05775043323906,59.93679035805281
2.05775043323906,59.97465369943431
2.05775043323906,61.079896440126475
2.05775043323906,59.951957611025954
2.05775043323906,59.98879790914031
2.05775043323906,59.9828351422349
2.05775043323906,58.911544761622785
2.05775043323906,72.82789662524249
2.05775043323906,71.15485631779488
2.05775043323906,60.081576423147176
2.05775043323906,60.01124985969422
2.05775043323906,60.00763128565744
2.05775043323906,59.9997498991883
2.05775043323906,60.058823048879276
2.05775043323906,60.098976076261614
2.05775043323906,60.13124834009597
2.05775043323906,57.401442251494984
2.05775043323906,58.59847855948143
2.05775043323906,58.988121952648434
2.05775043323906,60.04366448771997
2.05775043323906,59.999718542045336
2.05775043323906,60.058186181487685
2.05775043323906,61.09651976672378
2.05775043323906,60.91547669006644
2.05775043323906,60.11236143589678
2.05775043323906,59.948489467991955
2.05775043323906,59.39387245984009
2.05775043323906,60.149497125887066
2.05775043323906,60.43240086364178
2.05775043323906,58.583683336116636
2.05775043323906,66.308135096857
2.05775043323906,60.12498021348528
2.05775043323906,64.87515378588638
2.05775043323906,59.32911539116774
2.05775043323906,59.03178465420132
2.05775043323906,69.36640752714125
2.05775043323906,60.02410510392209
2.05775043323906,59.99194219240861
2.05775043323906,59.99651429484753
2.05775043323906,60.022691420223886
2.05775043323906,59.926831936618775
2.05775043323906,60.42134718347739
2.05775043323906,59.946826745131396
2.05775043323906,60.02555188626145
2.05775043323906,59.887843348403294
2.05775043323906,59.96996160061334
2.05775043323906,59.42627309295367
2.05775043323906,95.67635487825862
2.05775043323906,59.69779807975133
2.05775043323906,60.101274884229895
2.05775043323906,96.24953386985946
2.05775043323906,60.2241041692753
2.05775043323906,60.63322710228744
2.05775043323906,59.231364870359236
2.05775043323906,59.97370675980436
2.05775043323906,60.07750413649411
2.05775043323906,59.70774994444611
2.05775043323906,59.98669648030293
2.05775043323906,58.26533010264202
2.05775043323906,59.939566841482936
2.05775043323906,58.91423258351017
2.05775043323906,60.36988342600062
2.05775043323906,59.99168068425073
2.05775043323906,59.94676704637185
2.05775043323906,61.126595690384505
2.05775043323906,60.108984052254996
2.05775043323906,59.7331490871773
2.05775043323906,60.10796473782258
2.05775043323906,61.000473651571085
2.05775043323906,59.8893469707187
2.05775043323906,59.21822202847427
2.05775043323906,60.14300299302884
2.05775043323906,60.009377417593996
2.05775043323906,59.39188344928151
2.05775043323906,58.95802781132367
2.05775043323906,60.29051240979117
2.05775043323906,60.30972160139508
2.05775043323906,58.81209079310253
2.05775043323906,58.67687551013949
2.05775043323906,58.68350457864269
2.05775043323906,59.40680670743818
2.05775043323906,60.17338473849408
2.05775043323906,57.95975160588724
2.05775043323906,60.07433042598172
2.05775043323906,60.015291306116204
2.05775043323906,59.997133185757235
2.05775043323906,60.94665893168543
2.05775043323906,59.53510302592806
2.05775043323906,59.89126487432542
2.05775043323906,60.30726936682525
2.05775043323906,71.29643551330783
2.05775043323906,60.172880579471425
2.05775043323906,60.00269487315682
2.05775043323906,60.16139894280449
2.05775043323906,60.230496916320135
2.05775043323906,60.824392890480404
2.05775043323906,61.098217950583376
2.05775043323906,59.70132105785579
2.05775043323906,59.841800561820385
2.05775043323906,58.70635296835304
2.05775043323906,60.007376484821734
2.05775043323906,60.018975836132135
2.05775043323906,58.31961141476188
2.05775043323906,66.7747580229025
2.05775043323906,66.28987262442297
2.05775043323906,59.96267246715789
2.05775043323906,59.96706249965846
2.05775043323906,61.93553327941164
2.05775043323906,60.98180942839087
2.05775043323906,60.1388622711801
2.05775043323906,60.056974875671315
2.05775043323906,59.601537701541375
2.05775043323906,60.035704667178614
2.05775043323906,59.6031108301911
2.05775043323906,59.88556581984932
2.05775043323906,58.98868877067852
2.05775043323906,57.664384161639404
2.05775043323906,70.40580716259817
2.05775043323906,56.86999478831187
2.05775043323906,60.37416704688202
2.05775043323906,65.5144128092486
2.05775043323906,59.991698472093226
2.05775043323906,60.01186516777131
2.05775043323906,60.217931903352444
2.05775043323906,59.886043423958434
2.05775043323906,60.06706559548905
2.05775043323906,61.73399709221533
2.05775043323906,59.69905911422745
2.05775043323906,59.91700773587852
2.05775043323906,59.53425955122313
2.05775043323906,59.93785258100815
2.05775043323906,59.991491739928556
2.05775043323906,59.70454930518325
2.05775043323906,60.13708656724348
2.05775043323906,59.762500602943
2.05775043323906,56.80759273774327
2.05775043323906,59.787019319641495
2.05775043323906,60.12307659968853
2.05775043323906,61.027452812138726
2.05775043323906,59.96659524550543
2.05775043323906,60.12514757854562
2.05775043323906,60.06594190920313
2.05775043323906,59.628810583333994
2.05775043323906,60.06659304590679
2.05775043323906,59.16380460645477
2.05775043323906,58.840630416535134
2.05775043323906,71.73132647770309
2.05775043323906,59.97728045282081
2.05775043323906,61.248014967845016
2.05775043323906,59.665712115334124
2.05775043323906,61.109688185358344
2.05775043323906,60.71002501165393
2.05775043323906,59.92893668070638
2.05775043323906,60.126674843648075
2.05775043323906,64.41851769679013
2.05775043323906,59.98040792679915
2.05775043323906,66.47421716533164
2.05775043323906,56.32225801901148
2.05775043323906,60.08772224914526
2.05775043323906,59.52336231786188
2.05775043323906,61.51792359880693
2.05775043323906,60.0659621560556
2.05775043323906,59.901187392095366
2.05775043323906,60.01629111959675
2.05775043323906,60.21797785257486
2.05775043323906,59.62540724900899
2.05775043323906,60.87203444683805
2.05775043323906,59.89901157143535
2.05775043323906,59.57159061871621
2.05775043323906,59.45882825682034
2.05775043323906,59.829478166786636
2.05775043323906,57.46607029267311
2.05775043323906,57.57263681554937
2.05775043323906,59.75595421692225
2.05775043323906,60.00847580398309
2.05775043323906,60.05911118791886
2.05775043323906,59.86813823734439
2.05775043323906,59.953601867522444
2.05775043323906,59.75608101355373
2.05775043323906,60.00358977737861
2.05775043323906,59.703130268964756
2.05775043323906,60.01838847547436
2.05775043323906,60.327938012354316
2.05775043323906,60.118425689879324
2.05775043323906,56.960358924072544
2.05775043323906,60.42950707306846
2.05775043323906,70.34916597016453
2.05775043323906,58.08185935803317
2.05775043323906,59.99437114510317
2.05775043323906,59.95465579283358
2.05775043323906,60.05719980759449
2.05775043323906,62.13476796127341
2.05775043323906,61.8275000668503
2.05775043323906,60.9641396303242
2.05775043323906,59.929197380570265
2.05775043323906,60.123742217667235
2.05775043323906,59.81406955783455
2.05775043323906,59.903093764943065
2.05775043323906,59.932647319216905
2.05775043323906,68.97571640587607
2.05775043323906,65.09350884199988
2.05775043323906,58.79233013374659
2.05775043323906,57.00667421608595
2.05775043323906,60.0494754639848
2.05775043323906,71.761724711047
2.05775043323906,59.27318336835628
2.05775043323906,60.00650742549228
2.05775043323906,59.9932497666566
2.05775043323906,60.013520595415386
2.05775043323906,60.030612971414676
2.05775043323906,60.08347882665175
2.05775043323906,59.54558126426275
2.05775043323906,59.725577829699304
2.05775043323906,60.20244973047984
2.05775043323906,59.974750022174476
2.05775043323906,58.65058303938968
2.05775043323906,60.52973875761484
2.05775043323906,60.09775341471268
2.05775043323906,59.463483238498725
2.05775043323906,60.04642719918842
2.05775043323906,60.160242496829724
2.05775043323906,59.997197828475045
2.05775043323906,60.03508218686843
2.05775043323906,60.1798404832265
2.05775043323906,60.342918730879006
2.05775043323906,60.104388548164124
2.05775043323906,60.13247609799995
2.05775043323906,61.119538415881145
2.05775043323906,59.913827072909704
2.05775043323906,59.977592534669704
2.05775043323906,60.131054414766275
2.05775043323906,59.9955899761689
2.05775043323906,69.13642506856947
2.05775043323906,60.48009378422102
2.05775043323906,57.18652509620903
2.05775043323906,59.99928442729953
2.05775043323906,59.86373357915909
2.05775043323906,61.09907756702751
2.05775043323906,60.041327658142094
2.05775043323906,60.130728914068484
2.05775043323906,60.16754263944601
2.05775043323906,60.92694080834435
2.05775043323906,60.08436527948457
2.05775043323906,59.94177702227156
2.05775043323906,58.54864872486958
2.05775043323906,58.55388184503012
2.05775043323906,59.9408931427677
2.05775043323906,58.641375136817615
2.05775043323906,59.44658888398686
2.05775043323906,59.219799986358026
2.05775043323906,59.77785967618765
2.05775043323906,67.44544993841643
2.05775043323906,59.999166168630296
2.05775043323906,59.998307785072996
2.05775043323906,59.99735988201158
2.05775043323906,59.98288793154443
2.05775043323906,60.05188358640585
2.05775043323906,59.62085633952969
2.05775043323906,60.16215377100211
2.05775043323906,60.11572242090121
2.05775043323906,60.16808571294656
2.05775043323906,60.245893549209306
2.05775043323906,59.44224175338427
2.05775043323906,58.30693115370034
2.05775043323906,59.99740310224071
2.05775043323906,59.01088226929772
2.05775043323906,60.45060608445821
2.05775043323906,59.998067669627154
2.05775043323906,59.994431116489686
2.05775043323906,59.924243735419864
2.05775043323906,60.02426967646785
2.05775043323906,60.173894242887606
2.05775043323906,59.87629820664937
2.05775043323906,59.942437343894596
2.05775043323906,59.83824870920093
2.05775043323906,59.8888737499689
2.05775043323906,60.0529534589976
2.05775043323906,59.9593599738017
2.05775043323906,57.6813576536401
2.05775043323906,58.38072392590251
2.05775043323906,59.761130336687614
2.05775043323906,59.067721082352776
2.05775043323906,56.70311863060264
2.05775043323906,58.44328285209902
2.05775043323906,60.00091683972136
2.05775043323906,59.609135992841644
2.05775043323906,61.28817658794856
2.05775043323906,59.96953499953258
2.05775043323906,60.12532996692571
2.05775043323906,60.998402934341996
2.05775043323906,59.26331953601041
2.05775043323906,59.5268931663327
2.05775043323906,59.99811448625568
2.05775043323906,57.833593454068215
2.05775043323906,66.69427082854982
2.05775043323906,60.321332514008255
2.05775043323906,56.93144216336249
2.05775043323906,57.4051832900099
2.05775043323906,67.42454128589418
2.05775043323906,59.99898656113998
2.05775043323906,60.00139101765426
2.05775043323906,60.000732001238916
2.05775043323906,60.00323195024692
2.05775043323906,61.8475858767
2.05775043323906,60.06275914652673
2.05775043323906,59.83383349187531
2.05775043323906,60.160766013630834
2.05775043323906,71.80836504906254
2.05775043323906,60.017055960992735
2.05775043323906,60.07267566044038
2.05775043323906,67.75824508418486
2.05775043323906,75.3340634256885
2.05775043323906,71.23342942331666
2.05775043323906,60.000502829073405
2.05775043323906,59.90936092134432
2.05775043323906,59.56967170121012
2.05775043323906,59.74722522245163
2.05775043323906,59.68641457067446
2.05775043323906,60.134467859225296
2.05775043323906,60.247663144826454
2.05775043323906,59.91621740014917
2.05775043323906,59.25471055998908
2.05775043323906,58.47871051627555
2.05775043323906,58.041898098462596
2.05775043323906,65.64392684760027
2.05775043323906,60.00006169163341
2.05775043323906,60.005606995501736
2.05775043323906,59.99169866803506
2.05775043323906,61.84160236843668
2.05775043323906,59.97151378118471
2.05775043323906,60.032767404527654
2.05775043323906,60.09559498682559
2.05775043323906,60.2094253030881
2.05775043323906,59.43544869756941
2.05775043323906,59.87789487646928
2.05775043323906,60.06616016583056
2.05775043323906,60.12482801097238
2.05775043323906,71.7067898206765
2.05775043323906,65.47313470924715
2.05775043323906,61.04066434855199
2.05775043323906,59.60885074008312
2.05775043323906,69.5969409927237
2.05775043323906,60.05477112364201
2.05775043323906,59.733093626402805
2.05775043323906,60.00067411376973
2.05775043323906,59.99996150737825
2.05775043323906,60.00011188942554
2.05775043323906,60.04655625654846
2.05775043323906,61.093661554903
2.05775043323906,60.92907983030473
2.05775043323906,60.13857335720841
2.05775043323906,59.98878256505412
2.05775043323906,60.088521706482226
2.05775043323906,60.21289107658656
2.05775043323906,57.94996744896522
2.05775043323906,59.98855954279546
2.05775043323906,59.09437959982813
2.05775043323906,59.81754162150207
2.05775043323906,60.066344585328714
2.05775043323906,60.00008424143253
2.05775043323906,60.0006511275337
2.05775043323906,59.935908395185926
2.05775043323906,60.06083521087935
2.05775043323906,60.004941841847334
2.05775043323906,59.9908649765511
2.05775043323906,59.97291792118608
2.05775043323906,59.14531326531748
2.05775043323906,59.99971828561988
2.05775043323906,58.92188223555101
2.05775043323906,65.12131778158616
2.05775043323906,59.59215396893917
2.05775043323906,59.17222298170041
2.05775043323906,65.23677984365627
2.05775043323906,59.06727758499191
2.05775043323906,59.995658780682014
2.05775043323906,59.96227855709154
2.05775043323906,61.097483888822914
2.05775043323906,60.78107181149303
2.05775043323906,59.72011978382178
2.05775043323906,59.8752290844168
2.05775043323906,59.71644106298102
2.05775043323906,59.88639643105831
2.05775043323906,62.32813208636394
2.05775043323906,61.245339871256895
2.05775043323906,61.008597655943646
2.05775043323906,59.93689874310347
2.05775043323906,59.980019864631565
2.05775043323906,58.03234637400743
2.05775043323906,59.2449179622093
2.05775043323906,60.246705700704226
2.05775043323906,66.04208640288479
2.05775043323906,59.640683033377485
2.05775043323906,59.99168068138934
2.05775043323906,60.00700093830569
2.05775043323906,60.02186678800067
2.05775043323906,60.145927157511416
2.05775043323906,60.082883058837524
2.05775043323906,59.91969460001898
2.05775043323906,60.02488304394759
2.05775043323906,59.94387407788717
2.05775043323906,60.1161651533646
2.05775043323906,60.035326629160046
2.05775043323906,58.2901496905857
2.05775043323906,60.20691155954812
2.05775043323906,59.0605221811731
2.05775043323906,64.6522839207034
2.05775043323906,59.97380051866933
2.05775043323906,61.13743423015883
2.05775043323906,59.67183583312882
2.05775043323906,60.08204132126856
2.05775043323906,62.0866901017082
2.05775043323906,59.92608813062506
2.05775043323906,61.220643526712145
2.05775043323906,59.89261475181894
2.05775043323906,59.95631853159816
2.05775043323906,60.03564888793574
2.05775043323906,59.94470707437712
2.05775043323906,60.01120888103054
2.05775043323906,60.378986019126096
2.05775043323906,59.61485387805369
2.05775043323906,63.79201982002771
2.05775043323906,59.70027573232885
2.05775043323906,57.716520702038856
2.05775043323906,58.39736784558392
2.05775043323906,59.632716758368446
2.05775043323906,58.74617419400809
2.05775043323906,59.98481844237473
2.05775043323906,60.1062264584581
2.05775043323906,60.17741837392947
2.05775043323906,59.784482301940315
2.05775043323906,60.872551274177845
2.05775043323906,59.563906522998884
2.05775043323906,60.25406335669662
2.05775043323906,60.051705773868505
2.05775043323906,60.14870027379143
2.05775043323906,60.39297547617339
2.05775043323906,60.00637236021116
2.05775043323906,60.07755042002433
2.05775043323906,59.49443016654783
2.05775043323906,58.24724795525097
2.05775043323906,63.64251723889726
2.05775043323906,59.72193656279814
2.05775043323906,67.17537768115155
2.05775043323906,60.57524918332536
2.05775043323906,60.00844649787242
2.05775043323906,59.95269200493804
2.05775043323906,60.96299402503715
2.05775043323906,59.97020831149098
2.05775043323906,60.224322761121705
2.05775043323906,60.03918573636497
2.05775043323906,59.777985895911534
2.05775043323906,60.08405340625221
2.05775043323906,59.81261349650355
2.05775043323906,60.052551002654326
2.05775043323906,66.20083472839127
2.05775043323906,59.358047367994054
2.05775043323906,60.16357685862436
2.05775043323906,59.41525513352014
2.05775043323906,59.98801322507573
2.05775043323906,60.04180313488589
2.05775043323906,59.98331655010962
2.05775043323906,59.88266288986578
2.05775043323906,60.0127058166612
2.05775043323906,59.75171065618449
2.05775043323906,59.842715712147864
2.05775043323906,60.10913411496491
2.05775043323906,59.8801661313513
2.05775043323906,60.050423578948816
2.05775043323906,58.4939270102042
2.05775043323906,60.167513545185486
2.05775043323906,59.31336966045485
2.05775043323906,58.733816167274014
2.05775043323906,59.27585848261035
2.05775043323906,60.33242036843084
2.05775043323906,59.650109768858165
2.05775043323906,59.97394850062007
2.05775043323906,59.99668828358771
2.05775043323906,59.987015550733325
2.05775043323906,61.02158721784303
2.05775043323906,59.67571424204752
2.05775043323906,60.9443883991548
2.05775043323906,59.953445965907626
2.05775043323906,59.981482500108626
2.05775043323906,60.098388034750506
2.05775043323906,59.76376520633182
2.05775043323906,60.001207323644024
2.05775043323906,59.44209327311008
2.05775043323906,65.36972883963494
2.05775043323906,59.335174882597904
2.05775043323906,63.644689632724265
2.05775043323906,60.06767304913646
2.05775043323906,60.02074929940277
2.05775043323906,59.98739467175544
2.05775043323906,60.0223410112358
2.05775043323906,61.12123573503905
2.05775043323906,60.79177532351016
2.05775043323906,60.02253482810006
2.05775043323906,60.01868137071005
2.05775043323906,59.66520414256977
2.05775043323906,59.9593759999595
2.05775043323906,60.757174364924616
2.05775043323906,60.05724814920617
2.05775043323906,59.944095030588116
2.05775043323906,59.88968085025093
2.05775043323906,58.65189042858468
2.05775043323906,59.815520657048445
2.05775043323906,59.26583862441983
2.05775043323906,59.84871052416486
2.05775043323906,60.15837120671337
2.05775043323906,60.097241094145204
2.05775043323906,59.99169475402339
2.05775043323906,61.02394516357619
2.05775043323906,59.90590483038833
2.05775043323906,59.89193244731622
2.05775043323906,60.16316887132572
2.05775043323906,63.750480374325065
2.05775043323906,63.20852939008645
2.05775043323906,59.75595116275622
2.05775043323906,60.16974224757837
2.05775043323906,60.2782496752188
2.05775043323906,60.11159687465739
2.05775043323906,58.65523840719937
2.05775043323906,59.98786644275397
2.05775043323906,59.99196728823512
2.05775043323906,60.0234761539241
2.05775043323906,59.94679905732645
2.05775043323906,60.0211961392764
2.05775043323906,59.79981499835561
2.05775043323906,59.9944382937208
2.05775043323906,60.08871548022194
2.05775043323906,61.003882865083526
2.05775043323906,60.1514620897926
2.05775043323906,60.13195630972519
2.05775043323906,61.128610526125264
2.05775043323906,59.98460679825563
2.05775043323906,59.91123736278971
2.05775043323906,59.79577097824606
2.05775043323906,59.70587117048168
2.05775043323906,63.91424712799901
2.05775043323906,60.06236548859462
2.05775043323906,60.03351018195957
2.05775043323906,66.27115603529256
2.05775043323906,59.94608448892077
2.05775043323906,60.00205234988153
2.05775043323906,60.00727810575859
2.05775043323906,59.85928778896219
2.05775043323906,60.05535445121275
2.05775043323906,59.89157946875717
2.05775043323906,60.00914037420364
2.05775043323906,59.94412623064714
2.05775043323906,60.03029510007477
2.05775043323906,59.84901093363367
2.05775043323906,59.92149553086967
2.05775043323906,59.31497616322664
2.05775043323906,59.45402028522921
2.05775043323906,59.9527142720187
2.05775043323906,59.23545361623411
2.05775043323906,59.38562425541123
2.05775043323906,59.99737247981648
2.05775043323906,59.989758554961305
2.05775043323906,60.0039831687557
2.05775043323906,60.79446404224699
2.05775043323906,59.96419882416614
2.05775043323906,59.762944622455905
2.05775043323906,59.942276539573456
2.05775043323906,61.224398486435895
2.05775043323906,59.79383071443531
2.05775043323906,59.548853493311775
2.05775043323906,62.44470703787359
2.05775043323906,59.358135769329394
2.05775043323906,60.161025741625004
2.05775043323906,59.93502912303306
2.05775043323906,59.980996701217165
2.05775043323906,57.99466881744901
2.05775043323906,60.012524652747786
2.05775043323906,60.00088662361984
2.05775043323906,59.95588949733057
2.05775043323906,60.02352506664567
2.05775043323906,60.00620725905094
2.05775043323906,60.03689318857782
2.05775043323906,62.266852362899726
2.05775043323906,60.17755079345593
2.05775043323906,59.97228491313402
2.05775043323906,60.00108380974722
2.05775043323906,60.050591586020126
2.05775043323906,59.95217614418313
2.05775043323906,60.09249088274599
2.05775043323906,60.259009527497206
2.05775043323906,59.37086091092028
2.05775043323906,59.89091075549182
2.05775043323906,59.75380776616964
2.05775043323906,59.961763032065775
2.05775043323906,60.08595437536795
2.05775043323906,72.76234326665517
2.05775043323906,58.98600931291912
2.05775043323906,63.2551819117889
2.05775043323906,59.99751940524379
2.05775043323906,59.960881203926824
2.05775043323906,59.96203588341095
2.05775043323906,61.16642985731437
2.05775043323906,59.657377169857114
2.05775043323906,59.880801421538976
2.05775043323906,59.792131331732406
2.05775043323906,58.88901179380801
2.05775043323906,64.11637458799552
2.05775043323906,59.80977098578068
2.05775043323906,64.62904569031795
2.05775043323906,59.98338602837042
2.05775043323906,59.996656340596765
2.05775043323906,59.839453831266205
2.05775043323906,60.003579557982945
2.05775043323906,59.99430572974832
2.05775043323906,60.03618083000124
2.05775043323906,60.14226495824945
2.05775043323906,61.65366066070895
2.05775043323906,60.18988089784018
2.05775043323906,60.55007576827513
2.05775043323906,62.630195941769735
2.05775043323906,60.138677444085936
2.05775043323906,59.91118630631853
2.05775043323906,60.10194382237756
2.05775043323906,59.927844550465274
2.05775043323906,59.634174852675905
2.05775043323906,59.09065856541065
2.05775043323906,58.98100235271658
2.05775043323906,59.83387747074565
2.05775043323906,60.142689569948026
2.05775043323906,60.001704817964914
2.05775043323906,60.00487602178609
2.05775043323906,64.43370118654227
2.05775043323906,58.89663678916351
2.05775043323906,60.005381252810196
2.05775043323906,59.99986845726569
2.05775043323906,60.01378535156373
2.05775043323906,59.96018923399748
2.05775043323906,59.992087768234846
2.05775043323906,63.28828293428347
2.05775043323906,62.460715037949974
2.05775043323906,59.28731864007409
2.05775043323906,60.0169329684255
2.05775043323906,59.61536365329986
2.05775043323906,63.69040565698419
2.05775043323906,58.80167788067335
2.05775043323906,60.167200878649034
2.05775043323906,60.12895387996422
2.05775043323906,59.97940695471113
2.05775043323906,59.66771549003251
2.05775043323906,58.53362986291698
2.05775043323906,60.00808241332927
2.05775043323906,60.15519438736723
2.05775043323906,59.95091935185725
2.05775043323906,59.73458951870693
2.05775043323906,58.963439141954105
2.05775043323906,59.36763645474065
2.05775043323906,59.97406983734903
2.05775043323906,60.016089172324854
2.05775043323906,61.38359310020596
2.05775043323906,59.60373742184557
2.05775043323906,60.19049152704479
2.05775043323906,60.09142561713624
2.05775043323906,65.24435442490005
2.05775043323906,60.00269083521484
2.05775043323906,60.0010051224448
2.05775043323906,59.99589447912886
2.05775043323906,59.90364675122363
2.05775043323906,59.54773053422552
2.05775043323906,59.82499433672159
2.05775043323906,61.97867371314628
2.05775043323906,62.34921437114282
2.05775043323906,59.916545389495816
2.05775043323906,60.201411893066314
2.05775043323906,62.402818888292224
2.05775043323906,64.38568973358777
2.05775043323906,59.994499322190016
2.05775043323906,59.98840292613373
2.05775043323906,59.51926642529164
2.05775043323906,65.51308317649254
2.05775043323906,59.43864685359236
2.05775043323906,64.55685459634778
2.05775043323906,60.04106779291051
2.05775043323906,59.001022486224265
2.05775043323906,63.38757896758508
2.05775043323906,59.82032640919343
2.05775043323906,60.050441176599115
2.05775043323906,59.969472524230724
2.05775043323906,59.99863819994739
2.05775043323906,63.388817987349746
2.05775043323906,59.992428526903886
2.05775043323906,60.0659083884458
2.05775043323906,59.9866346401464
2.05775043323906,59.83435032155448
2.05775043323906,62.09820296549783
2.05775043323906,59.93174573171803
2.05775043323906,59.97968537215137
2.05775043323906,60.01122416335345
2.05775043323906,59.55105497620357
2.05775043323906,60.00385395945748
2.05775043323906,59.46281554384665
2.05775043323906,58.51566573008246
2.05775043323906,60.03321038951622
2.05775043323906,59.981968899841554
2.05775043323906,60.02148650141058
2.05775043323906,59.995340858630335
2.05775043323906,60.00227059052063
2.05775043323906,60.040585882586406
2.05775043323906,62.01339777990476
2.05775043323906,59.16716061907296
2.05775043323906,59.529743656105495
2.05775043323906,60.00903960227653
2.05775043323906,60.001253140068115
2.05775043323906,59.327739416375394
2.05775043323906,59.18029428073901
2.05775043323906,57.85325600294276
2.05775043323906,60.42111742254012
2.05775043323906,59.146218069836884
2.05775043323906,59.09290082444508
2.05775043323906,59.60637987979291
2.05775043323906,59.98661707370865
2.05775043323906,59.99042011579516
2.05775043323906,59.597835721126145
2.05775043323906,60.06333483538653
2.05775043323906,59.69864989914805
2.05775043323906,60.017194269645685
2.05775043323906,60.191287510075064
2.05775043323906,60.19181360739435
2.05775043323906,62.691827540135044
2.05775043323906,59.19258649655797
2.05775043323906,59.96442594117461
2.05775043323906,60.45405788801587
2.05775043323906,60.00305607440586
2.05775043323906,60.30574490837867
2.05775043323906,59.72612989597328
2.05775043323906,66.02491162858782
2.05775043323906,63.4455361224559
2.05775043323906,59.92911903552708
2.05775043323906,59.973714499481225
2.05775043323906,59.69622695064638
2.05775043323906,59.60600429950985
2.05775043323906,59.98759632987476
2.05775043323906,60.0848579082996
2.05775043323906,59.81641770878478
2.05775043323906,64.57777065701144
2.05775043323906,60.00857932163921
2.05775043323906,60.00649898673233
2.05775043323906,59.70296527444116
2.05775043323906,63.61466963266006
2.05775043323906,59.1945200877023
2.05775043323906,59.13794831950965
2.05775043323906,59.769290722589744
2.05775043323906,62.49583167053933
2.05775043323906,60.007088724653045
2.05775043323906,59.996271960210045
2.05775043323906,60.018755047039804
2.05775043323906,58.83586942653399
2.05775043323906,60.02468691447418
2.05775043323906,59.98298889093883
2.05775043323906,59.30986714911391
2.05775043323906,62.132701174787115
2.05775043323906,59.69264944640084
2.05775043323906,59.63332573269546
2.05775043323906,62.323809660276574
2.05775043323906,59.99701309914155
2.05775043323906,59.00374154552394
2.05775043323906,60.18325156339599
2.05775043323906,69.4802920532848
2.05775043323906,60.21151899317531
2.05775043323906,60.103176267891264
2.05775043323906,64.0688161257224
2.05775043323906,59.44439399228593
2.05775043323906,60.00853802826308
2.05775043323906,59.86450868995305
2.05775043323906,60.085923538499216
2.05775043323906,60.07469316250412
2.05775043323906,59.79934366860286
2.05775043323906,60.009702545855475
2.05775043323906,60.01256731561477
2.05775043323906,59.99946032904074
2.05775043323906,59.686127829362455
2.05775043323906,60.070241013806225
2.05775043323906,60.102898733198046
2.05775043323906,62.62901641469468
2.05775043323906,62.35492794097074
2.05775043323906,60.83147659411745
2.05775043323906,60.00669772862269
2.05775043323906,59.60199973944944
2.05775043323906,58.82779391672138
2.05775043323906,58.38863398357898
2.05775043323906,59.10020641109111
2.05775043323906,58.44134595504824
2.05775043323906,60.090942743373425
2.05775043323906,59.62769581573234
2.05775043323906,60.0204475571052
2.05775043323906,60.04975740537419
2.05775043323906,60.21301884616532
2.05775043323906,59.96284468725489
2.05775043323906,59.99993091962303
2.05775043323906,60.03135013546414
2.05775043323906,59.98433592053572
2.05775043323906,59.80924813143307
2.05775043323906,59.115918520616496
2.05775043323906,59.98398125243319
2.05775043323906,58.06151115874717
2.05775043323906,58.896710049586694
2.05775043323906,58.96444509167585
2.05775043323906,65.68390962007635
2.05775043323906,59.32570703864278
2.05775043323906,60.17047799312165
2.05775043323906,60.09951943265187
2.05775043323906,60.16323041825929
2.05775043323906,59.9984423635842
2.05775043323906,59.996723536611086
2.05775043323906,60.12426231188703
2.05775043323906,62.22014895784022
2.05775043323906,60.10776379414547
2.05775043323906,60.18153282656482
2.05775043323906,62.19200305854813
2.05775043323906,59.522539854078815
2.05775043323906,60.03789117306544
2.05775043323906,58.156557193941666
2.05775043323906,71.64209156852307
2.05775043323906,63.71911628102548
2.05775043323906,70.773118666856
2.05775043323906,65.28626263214548
2.05775043323906,58.81304557492423
2.05775043323906,59.90428630594292
2.05775043323906,64.44014590904375
2.05775043323906,60.02466501435172
2.05775043323906,59.435430491160666
2.05775043323906,60.00636839473184
2.05775043323906,59.992810380822455
2.05775043323906,59.99985702029503
2.05775043323906,60.04914235720546
2.05775043323906,60.06357645730099
2.05775043323906,59.44480495660525
2.05775043323906,59.228294522001896
2.05775043323906,59.70143996223762
2.05775043323906,58.98522396051141
2.05775043323906,59.75425576563617
2.05775043323906,63.03207212734248
2.05775043323906,59.40319513341918
2.05775043323906,58.34744482397425
2.05775043323906,59.95749025382197
2.05775043323906,59.92672488743787
2.05775043323906,60.125079821289695
2.05775043323906,59.82636297982863
2.05775043323906,59.996264033831494
2.05775043323906,60.057179583651056
2.05775043323906,62.24147296796915
2.05775043323906,59.450397662987946
2.05775043323906,60.1695960402663
2.05775043323906,59.9522647622803
2.05775043323906,60.06006899751091
2.05775043323906,60.002344686501424
2.05775043323906,60.04933174431729
2.05775043323906,60.06724915198795
2.05775043323906,59.70429271804299
2.05775043323906,60.31197218234053
2.05775043323906,59.99672542205264
2.05775043323906,59.983009507596925
2.05775043323906,60.01040755940073
2.05775043323906,59.83146662797641
2.05775043323906,60.1846089695891
2.05775043323906,63.767613333195996
2.05775043323906,59.197879905461825
2.05775043323906,62.433231361404665
2.05775043323906,60.0979738319198
2.05775043323906,59.450671184935125
2.05775043323906,62.11403786498878
2.05775043323906,60.04570973259175
2.05775043323906,59.597894604256766
2.05775043323906,63.313903753000666
2.05775043323906,68.8284886136976
2.05775043323906,59.75731927192472
2.05775043323906,60.20468501500115
2.05775043323906,58.063615523681065
2.05775043323906,59.96673126694122
2.05775043323906,59.94865135646224
2.05775043323906,60.01998974659382
2.05775043323906,59.96677680389081
2.05775043323906,59.983488777570564
2.05775043323906,59.40613006259324
2.05775043323906,60.20282564110293
2.05775043323906,60.24140070254073
2.05775043323906,59.308230193599655
2.05775043323906,62.27062103132582
2.05775043323906,59.75967594820828
2.05775043323906,59.92902044178805
2.05775043323906,60.25228336940697
2.05775043323906,59.86082579229117
2.05775043323906,59.84257773590715
2.05775043323906,59.09958450525418
2.05775043323906,59.06597854359247
2.05775043323906,59.552466177952056
2.05775043323906,60.053997001058505
2.05775043323906,59.9919676026841
2.05775043323906,60.12544459928259
2.05775043323906,60.02905329999418
2.05775043323906,59.74278913241155
2.05775043323906,60.049341610159686
2.05775043323906,59.28538349782227
2.05775043323906,59.98467571563506
2.05775043323906,60.07981777898827
2.05775043323906,59.81208064087271
2.05775043323906,59.531678001641524
2.05775043323906,68.97460360319633
2.05775043323906,58.67802345282581
2.05775043323906,66.96021926717168
2.05775043323906,59.74990096454076
2.05775043323906,59.98762963587507
2.05775043323906,60.00486086304025
2.05775043323906,60.007718334049684
2.05775043323906,59.59888603267745
2.05775043323906,60.02924022041555
2.05775043323906,61.85472248229455
2.05775043323906,62.38555100651614
2.05775043323906,60.236750604597866
2.05775043323906,59.15767858229306
2.05775043323906,63.43656551556168
2.05775043323906,59.79380347514148
2.05775043323906,60.05093888518086
2.05775043323906,59.95802303823174
2.05775043323906,59.72711476412439
2.05775043323906,59.39774208870578
2.05775043323906,59.94882216307768
2.05775043323906,59.5682475962184
2.05775043323906,60.016472674517054
2.05775043323906,59.73123963102291
2.05775043323906,64.09560880459867
2.05775043323906,59.30916884189863
2.05775043323906,62.96645419190258
2.05775043323906,59.92916593552246
2.05775043323906,60.06056113735397
2.05775043323906,59.02833606303031
2.05775043323906,62.928110502332736
2.05775043323906,59.97890934136482
2.05775043323906,59.98468329638457
2.05775043323906,59.9190121354181
2.05775043323906,60.07116966109488
2.05775043323906,59.528524245944766
2.05775043323906,59.88726251977787
2.05775043323906,60.22079038872083
2.05775043323906,62.47259673642448
2.05775043323906,63.27823795981977
2.05775043323906,59.52941867632984
2.05775043323906,60.03508337881753
2.05775043323906,59.61975532560127
2.05775043323906,60.00487513773693
2.05775043323906,60.002509779122654
2.05775043323906,60.14048572705294
2.05775043323906,59.90301150690435
2.05775043323906,62.08514102049726
2.05775043323906,59.854347884434844
2.05775043323906,63.08016187309899
2.05775043323906,60.001854826564575
2.05775043323906,66.61178289306815
2.05775043323906,58.75825148767823
2.05775043323906,59.38743184147999
2.05775043323906,57.6703040433138
2.05775043323906,63.846296267268016
2.05775043323906,59.997702059623855
2.05775043323906,59.99933998664331
2.05775043323906,60.002051407879335
2.05775043323906,60.07370472105409
2.05775043323906,59.937569849405975
2.05775043323906,59.71295063150092
2.05775043323906,59.25045803045998
2.05775043323906,59.73359361446465
2.05775043323906,59.93487756841554
2.05775043323906,59.74712076251756
2.05775043323906,59.76996365665314
2.05775043323906,62.29358840145224
2.05775043323906,60.09635057744032
2.05775043323906,60.050385779982754
2.05775043323906,59.634635365917724
2.05775043323906,60.056255688861384
2.05775043323906,60.006958853297306
2.05775043323906,60.08927149192651
2.05775043323906,60.03625132482097
2.05775043323906,59.99886332633292
2.05775043323906,59.871096377572925
2.05775043323906,59.95442347839696
2.05775043323906,57.90574073636311
2.05775043323906,73.13592121658077
2.05775043323906,60.07087677874233
2.05775043323906,59.99891954435194
2.05775043323906,60.00212103244904
2.05775043323906,59.736730348093396
2.05775043323906,62.72620891039424
2.05775043323906,60.05048416570967
2.05775043323906,62.41907367396898
2.05775043323906,59.44653106321553
2.05775043323906,59.32160386898966
2.05775043323906,60.22396451607124
2.05775043323906,60.1070256228364
2.05775043323906,62.07574386703696
2.05775043323906,60.01382108805445
2.05775043323906,59.88522758623531
2.05775043323906,59.393030882633724
2.05775043323906,60.01526958490928
2.05775043323906,60.159264341114685
2.05775043323906,59.921124584869304
2.05775043323906,59.79253550534078
2.05775043323906,59.997367577247495
2.05775043323906,60.04875671248236
2.05775043323906,61.86421263354387
2.05775043323906,60.720612624656596
2.05775043323906,59.04840947949936
2.05775043323906,59.70222486029984
2.05775043323906,59.9814614901865
2.05775043323906,58.975703844898675
2.05775043323906,66.25099005065967
2.05775043323906,59.588549736334535
2.05775043323906,59.7134312949317
2.05775043323906,60.12954745875801
2.05775043323906,60.30071757985852
2.05775043323906,65.94160862546957
2.05775043323906,60.0021379458261
2.05775043323906,60.00072037874335
2.05775043323906,59.985241680179925
2.05775043323906,60.13000522326411
2.05775043323906,60.10354085191367
2.05775043323906,59.8906607111112
2.05775043323906,59.681203764216846
2.05775043323906,60.038982322143475
2.05775043323906,59.721023914090075
2.05775043323906,60.06446782244148
2.05775043323906,60.23508354370974
2.05775043323906,60.026006576715595
2.05775043323906,58.512201329624276
2.05775043323906,60.001328330348215
2.05775043323906,60.134609404253666
2.05775043323906,65.02435209306316
2.05775043323906,58.30694899673738
2.05775043323906,60.01560090528101
2.05775043323906,59.352523122623225
2.05775043323906,64.59868106387016
2.05775043323906,60.04351035574455
2.05775043323906,59.882639684308735
2.05775043323906,59.94256990573506
2.05775043323906,60.095459919687634
2.05775043323906,60.00141750477005
2.05775043323906,60.00246614025239
2.05775043323906,59.602924483174256
2.05775043323906,62.25305996030497
2.05775043323906,59.685914062455595
2.05775043323906,60.002409333135745
2.05775043323906,60.237377022534886
2.05775043323906,60.02400249676727
2.05775043323906,62.98016008917637
2.05775043323906,59.60570741365074
2.05775043323906,59.55148028132183
2.05775043323906,59.970253415498654
2.05775043323906,60.00303434337457
2.05775043323906,59.9920229753254
2.05775043323906,59.99942464389335
2.05775043323906,65.2545924331114
2.05775043323906,59.32562485260744
2.05775043323906,59.713806583141235
2.05775043323906,59.04682763262416
2.05775043323906,60.002176061665054
2.05775043323906,60.03822475957748
2.05775043323906,60.136808608336636
2.05775043323906,59.4116152614581
2.05775043323906,62.83461300640103
2.05775043323906,59.994712940569734
2.05775043323906,60.080012287960734
2.05775043323906,62.362195495153074
2.05775043323906,58.922804262642806
2.05775043323906,63.4516704638475
2.05775043323906,60.06929806696015
2.05775043323906,57.099681842771396
2.05775043323906,60.007788041250286
2.05775043323906,59.996898247237276
2.05775043323906,59.971075818380825
2.05775043323906,60.00239450849745
2.05775043323906,60.008435908687275
2.05775043323906,60.12741535901591
2.05775043323906,60.052684235041234
2.05775043323906,60.03424705098299
2.05775043323906,60.11954240501899
2.05775043323906,60.31346781668052
2.05775043323906,60.01335276101731
2.05775043323906,59.95718932046493
2.05775043323906,69.33006546000249
2.05775043323906,60.01993379901296
2.05775043323906,60.07804456891548
2.05775043323906,59.95665137743149
2.05775043323906,63.95645756254006
2.05775043323906,59.70083229132771
2.05775043323906,60.124743543908835
2.05775043323906,59.870585192303786
2.05775043323906,58.5667797367259
2.05775043323906,73.29435526245258
2.05775043323906,59.9887734939637
2.05775043323906,60.04701039623374
2.05775043323906,59.72621359786812
2.05775043323906,62.04989055313994
2.05775043323906,61.67705540707189
2.05775043323906,60.008264444209445
2.05775043323906,59.95949302736103
2.05775043323906,62.00457276584219
2.05775043323906,60.055499794503504
2.05775043323906,59.9238650890426
2.05775043323906,59.92670577778043
2.05775043323906,58.49296103698852
2.05775043323906,60.11607638279046
2.05775043323906,59.978783244917885
2.05775043323906,59.56028950993692
2.05775043323906,65.56138824198158
2.05775043323906,60.01573799673678
2.05775043323906,59.97397780041022
2.05775043323906,60.01885137742606
2.05775043323906,60.036289512547185
2.05775043323906,59.97262341433982
2.05775043323906,60.06609496048707
2.05775043323906,59.89682700692474
2.05775043323906,59.40323873215761
2.05775043323906,60.230314022614614
2.05775043323906,60.14843446405827
2.05775043323906,60.16929713447584
2.05775043323906,60.09221182970431
2.05775043323906,59.933235208079466
2.05775043323906,59.31638523521658
2.05775043323906,58.824192386763336
2.05775043323906,58.88541763221798
2.05775043323906,66.34641992172304
2.05775043323906,60.23054932351606
2.05775043323906,61.84762180879985
2.05775043323906,63.58076521144949
2.05775043323906,59.98971855720146
2.05775043323906,60.006170405668655
2.05775043323906,60.012470526822526
2.05775043323906,59.943940915971496
2.05775043323906,59.72995704854332
2.05775043323906,59.485736138897494
2.05775043323906,60.16409160403178
2.05775043323906,60.02239485092123
2.05775043323906,59.8706658722889
2.05775043323906,59.71013617500478
2.05775043323906,59.83307271013314
2.05775043323906,59.555565697989834
2.05775043323906,63.73319006960079
2.05775043323906,60.03210527356684
2.05775043323906,60.171946776633916
2.05775043323906,59.02172077509419
2.05775043323906,59.99165511187235
2.05775043323906,60.103683258185235
2.05775043323906,59.99759525090049
2.05775043323906,60.0051167668211
2.05775043323906,59.77936213810216
2.05775043323906,60.15820089315109
2.05775043323906,59.260384344371836
2.05775043323906,59.78530143883135
2.05775043323906,60.03915096426686
2.05775043323906,59.973219262751456
2.05775043323906,60.194324097326906
2.05775043323906,63.51105476162406
2.05775043323906,59.95989986426341
2.05775043323906,59.19393393481863
2.05775043323906,62.21014335926974
2.05775043323906,59.871413645900894
2.05775043323906,59.39114168769234
2.05775043323906,59.9760360077627
2.05775043323906,59.957126539279926
2.05775043323906,59.99356859625089
2.05775043323906,60.016194638200346
2.05775043323906,59.97252760954405
2.05775043323906,59.978211558271674
2.05775043323906,59.89536829382267
2.05775043323906,60.05013998616221
2.05775043323906,59.00097408142276
2.05775043323906,60.03485084847583
2.05775043323906,58.595988817221574
2.05775043323906,60.00905987326007
2.05775043323906,60.1941834909977
2.05775043323906,59.853997373215506
2.05775043323906,60.150676308439415
2.05775043323906,60.09139506422751
2.05775043323906,60.26212115268676
2.05775043323906,59.78046051977024
2.05775043323906,62.1866900073005
2.05775043323906,58.24229892941926
2.05775043323906,60.02496565029639
2.05775043323906,62.35753111497817
2.05775043323906,59.6791712691582
2.05775043323906,59.74312031559492
2.05775043323906,60.10486179118313
2.05775043323906,59.82678144062834
2.05775043323906,60.05127914574439
2.05775043323906,60.171629804613595
2.05775043323906,60.022291496701015
2.05775043323906,59.76917735117424
2.05775043323906,60.03357706509062
2.05775043323906,70.20657171643084
2.05775043323906,61.950347482205395
2.05775043323906,59.563230710898864
2.05775043323906,60.030407787319554
2.05775043323906,60.01350341021306
2.05775043323906,59.439398299734385
2.05775043323906,60.099491341624
2.05775043323906,60.036583443021954
2.05775043323906,61.96168909639747
2.05775043323906,59.503612159297624
2.05775043323906,62.36204793016571
2.05775043323906,60.015923864731455
2.05775043323906,60.03935710887813
2.05775043323906,60.08482158022905
2.05775043323906,60.00135310438151
2.05775043323906,59.97230303628142
2.05775043323906,63.27221866970169
2.05775043323906,59.98709984285347
2.05775043323906,60.018597913771835
2.05775043323906,60.03089000119014
2.05775043323906,60.028044719307935
2.05775043323906,63.24442015773278
2.05775043323906,60.10268583243132
2.05775043323906,60.071720285980405
2.05775043323906,59.97075832869017
2.05775043323906,59.95991669050036
2.05775043323906,59.98726578863923
2.05775043323906,60.19249902233046
2.05775043323906,60.10849740358726
2.05775043323906,60.16617043108235
2.05775043323906,59.88881223440887
2.05775043323906,60.417678491661114
2.05775043323906,59.55242281846396
2.05775043323906,60.16877274116065
2.05775043323906,59.99617241323317
2.05775043323906,59.98775174792412
2.05775043323906,60.06779087993295
2.05775043323906,59.973250211052225
2.05775043323906,59.96995494606396
2.05775043323906,60.05112713824716
2.05775043323906,59.987148062449585
2.05775043323906,59.951411181497896
2.05775043323906,59.143844310358055
2.05775043323906,62.520840238512235
2.05775043323906,59.443089864120715
2.05775043323906,59.94287464610824
2.05775043323906,62.16937799533582
2.05775043323906,59.7417186545414
2.05775043323906,60.027898054231294
2.05775043323906,59.968166600644075
2.05775043323906,59.986278563457006
2.05775043323906,59.99915765273365
2.05775043323906,59.99563653103508
2.05775043323906,62.01647704338476
2.05775043323906,59.819737078562405
2.05775043323906,59.6471114106844
2.05775043323906,60.25162111596939
2.05775043323906,59.609338013474485
2.05775043323906,59.875339202707586
2.05775043323906,59.99368549867354
2.05775043323906,60.02049577678001
2.05775043323906,59.72739500280632
2.05775043323906,59.36841675767463
2.05775043323906,59.996680431020614
2.05775043323906,59.96361953463283
2.05775043323906,60.15035014669011
2.05775043323906,59.98130401103848
2.05775043323906,60.00388449963722
2.05775043323906,59.99709692775688
2.05775043323906,60.00690807948401
2.05775043323906,60.04500619017064
2.05775043323906,59.58943569358447
2.05775043323906,60.00274482142149
2.05775043323906,59.988522201032026
2.05775043323906,59.99073517506831
2.05775043323906,60.02321383214582
2.05775043323906,60.03450522320559
2.05775043323906,59.91607527931035
2.05775043323906,59.96903483131164
2.05775043323906,59.95678729299639
2.05775043323906,60.02351610161314
2.05775043323906,60.002359670010364
2.05775043323906,59.9927053208798
2.05775043323906,60.020203251946455
2.05775043323906,59.9775267312458
2.05775043323906,60.00485964311634
2.05775043323906,60.02503543245515
2.05775043323906,60.028122122827334
2.05775043323906,60.00878593266077
2.05775043323906,60.04778757271215
2.05775043323906,60.010415026792984
2.05775043323906,60.00663759332305
2.05775043323906,59.989967645551076
2.05775043323906,60.01508358080044
2.05775043323906,59.994249009254055
2.05775043323906,60.00585603158178
2.05775043323906,59.99600532125286
2.05775043323906,60.00098498874238
2.05775043323906,60.00863861557852
2.05775043323906,59.99980618334616
2.05775043323906,60.0003070027664
2.05775043323906,60.001444728512446
2.05775043323906,59.99960464075688
2.05775043323906,59.9992951422691
2.05775043323906,60.00156184294632
2.05775043323906,60.00100067062325
2.05775043323906,59.995080317777294
2.05775043323906,59.99912908247197
2.05775043323906,60.0005441577025
2.05775043323906,59.99831407111818
2.05775043323906,64.88755722753415
2.05775043323906,59.56692593605359
2.05775043323906,59.23520909304973
2.05775043323906,59.469117231732454
2.05775043323906,60.00271629158362
2.05775043323906,59.99346597031625
2.05775043323906,59.99890240220979
2.05775043323906,60.00103984198881
2.05775043323906,60.005354185168194
2.05775043323906,59.04753687457095
2.05775043323906,59.09088192585756
2.05775043323906,59.99175779286001
2.05775043323906,58.942003980917946
2.05775043323906,60.04891626928916
2.05775043323906,60.00836117726056
2.05775043323906,60.00303913541256
2.05775043323906,59.04878827792444
2.05775043323906,59.90287789677321
2.05775043323906,58.63294124199681
2.05775043323906,59.9795697501701
2.05775043323906,59.12764991460204
2.05775043323906,59.935535152022304
2.05775043323906,74.61250450811457
2.05775043323906,60.00062146596983
2.05775043323906,60.003789687175875
2.05775043323906,59.998519697546364
2.05775043323906,60.11822048701421
2.05775043323906,60.01340026426855
2.05775043323906,58.28504226894893
2.05775043323906,60.048460145010864
2.05775043323906,57.2441523319035
2.05775043323906,60.00168656944527
2.05775043323906,73.97427296645627
2.05775043323906,91.0321934341183
2.05775043323906,58.16530000468196
2.05775043323906,59.99549756650961
2.05775043323906,60.08539271556594
2.05775043323906,59.99966639284342
2.05775043323906,60.00263841216147
2.05775043323906,60.007704005270796
2.05775043323906,59.992295348983966
2.05775043323906,59.98855828097231
2.05775043323906,60.00216583647763
2.05775043323906,59.99346865354295
2.05775043323906,60.061893092693225
2.05775043323906,59.989906965036
2.05775043323906,60.07634268302739
2.05775043323906,59.99996536052832
2.05775043323906,60.077598928447784
2.05775043323906,60.03332798842086
2.05775043323906,59.97543165913414
2.05775043323906,60.001124641685166
2.05775043323906,59.98638626422773
2.05775043323906,59.999813770586464
2.05775043323906,59.00798000513358
2.05775043323906,59.04442679980414
2.05775043323906,59.57344061049041
2.05775043323906,64.88719208091555
2.05775043323906,59.99000212840597
2.05775043323906,60.001613868548866
2.05775043323906,59.98352740765698
2.05775043323906,60.00395088050853
2.05775043323906,59.044499455168896
2.05775043323906,58.42644952661311
2.05775043323906,59.99963541373612
2.05775043323906,74.41283395339173
2.05775043323906,59.64827608321291
2.05775043323906,59.555180609838715
2.05775043323906,63.95899772969577
2.05775043323906,59.61113654384688
2.05775043323906,59.96215087572831
2.05775043323906,60.077975434395206
2.05775043323906,60.00802372951437
2.05775043323906,60.001169939992096
2.05775043323906,59.989970892674606
2.05775043323906,59.983286052873886
2.05775043323906,60.00040845896541
2.05775043323906,59.26365912179979
2.05775043323906,59.90511784750592
2.05775043323906,57.82527088916808
2.05775043323906,59.261254817826604
2.05775043323906,59.27894742551018
2.05775043323906,59.47574012647818
2.05775043323906,59.92913965669995
2.05775043323906,60.06677108025887
2.05775043323906,90.59112437095153
2.05775043323906,59.18715725837392
2.05775043323906,60.06232345442056
2.05775043323906,60.07871826962147
2.05775043323906,60.00337851355438
2.05775043323906,60.00113663715377
2.05775043323906,60.12732793668755
2.05775043323906,60.00840149449883
2.05775043323906,59.97355432098052
2.05775043323906,59.9929417635484
2.05775043323906,59.99693300950322
2.05775043323906,60.09969363785863
2.05775043323906,59.732015909689146
2.05775043323906,58.779663150383875
2.05775043323906,59.03453930241581
2.05775043323906,57.40482588212586
2.05775043323906,59.76571164505671
2.05775043323906,60.05658997166791
2.05775043323906,60.081911816118996
2.05775043323906,60.000890747568945
2.05775043323906,59.98176075652012
2.05775043323906,59.62298013130845
2.05775043323906,60.07999425579642
2.05775043323906,58.934660844193196
2.05775043323906,75.02210351607908
2.05775043323906,69.98091933074953
2.05775043323906,60.01582338254272
2.05775043323906,58.7464792561578
2.05775043323906,59.956485633652186
2.05775043323906,59.98190066209724
2.05775043323906,60.01112835558554
2.05775043323906,59.99961744484412
2.05775043323906,60.04908640505766
2.05775043323906,60.13029570835359
2.05775043323906,59.409588655587
2.05775043323906,60.04640587532024
2.05775043323906,60.08332775170944
2.05775043323906,59.23197265660591
2.05775043323906,59.76305974283249
2.05775043323906,69.7394298028176
2.05775043323906,59.589450125657244
2.05775043323906,59.98907401930073
2.05775043323906,59.98966692147178
2.05775043323906,60.021619291629
2.05775043323906,59.998240051889944
2.05775043323906,60.001237535892756
2.05775043323906,60.001535040698876
2.05775043323906,60.034587736285935
2.05775043323906,60.06411410092722
2.05775043323906,59.98594426138473
2.05775043323906,60.05993004494289
2.05775043323906,76.80664260333224
2.05775043323906,59.08195775682795
2.05775043323906,62.612901018708904
2.05775043323906,60.129881878489
2.05775043323906,59.98664320728643
2.05775043323906,59.97296750468887
2.05775043323906,59.98009837218703
2.05775043323906,60.00509490777389
2.05775043323906,60.07942580561198
2.05775043323906,60.05428995295346
2.05775043323906,59.991536403310306
2.05775043323906,60.11540800495332
2.05775043323906,59.995140782647084
2.05775043323906,59.996016259916814
2.05775043323906,60.015549123037104
2.05775043323906,59.319461316367324
2.05775043323906,58.119324843650894
2.05775043323906,60.00199185431641
2.05775043323906,75.56986989634261
2.05775043323906,59.99064343378014
2.05775043323906,60.00788882802586
2.05775043323906,60.11343728477624
2.05775043323906,59.993711169292034
2.05775043323906,60.0820655349105
2.05775043323906,59.993381758637675
2.05775043323906,59.997487102909744
2.05775043323906,59.59791510826099
2.05775043323906,60.14829969214111
2.05775043323906,59.10542004520633
2.05775043323906,60.0043561217913
2.05775043323906,59.75081553429742
2.05775043323906,59.81107053169464
2.05775043323906,59.82947781176398
2.05775043323906,58.894222101123994
2.05775043323906,58.156156093746034
2.05775043323906,60.15252848103952
2.05775043323906,60.028404479529996
2.05775043323906,59.43692321095852
2.05775043323906,66.28811352832645
2.05775043323906,59.96448735216418
2.05775043323906,59.971618197510324
2.05775043323906,60.00134450423692
2.05775043323906,60.03602149775415
2.05775043323906,59.994593424697634
2.05775043323906,59.9990114254517
2.05775043323906,59.99292052753215
2.05775043323906,59.58830622514822
2.05775043323906,60.02913812471051
2.05775043323906,59.621350371988875
2.05775043323906,59.11925057514407
2.05775043323906,60.03990016014861
2.05775043323906,59.97858528027404
2.05775043323906,59.72656910802191
2.05775043323906,59.30528874840375
2.05775043323906,77.44993658981979
2.05775043323906,59.99181481804643
2.05775043323906,59.32731784894043
2.05775043323906,60.316790084705744
2.05775043323906,59.45505628481891
2.05775043323906,60.016834419118005
2.05775043323906,59.969007036429964
2.05775043323906,59.9809512784895
2.05775043323906,60.07169187421402
2.05775043323906,59.72478571566285
2.05775043323906,59.98120741297103
2.05775043323906,60.05436788376512
2.05775043323906,58.39485459279402
2.05775043323906,58.56984562756456
2.05775043323906,59.98118689671224
2.05775043323906,59.9979803413831
2.05775043323906,59.997094361702764
2.05775043323906,91.10853467360117
2.05775043323906,60.797546055361096
2.05775043323906,59.97794561666319
2.05775043323906,69.55330157874059
2.05775043323906,57.57769495269245
2.05775043323906,58.758690910654124
2.05775043323906,59.99375612056621
2.05775043323906,60.077657440830244
2.05775043323906,60.025265781906725
2.05775043323906,59.99632244707226
2.05775043323906,60.001479568597574
2.05775043323906,60.01838687955465
2.05775043323906,60.04283393253526
2.05775043323906,59.98704878937417
2.05775043323906,60.0288348770274
2.05775043323906,60.00497849706997
2.05775043323906,59.998832049945484
2.05775043323906,60.00028369972171
2.05775043323906,60.00019251239318
2.05775043323906,60.00036651884606
2.05775043323906,60.000571271271504
2.05775043323906,60.000079393899036
2.05775043323906,60.00052205940148
2.05775043323906,60.0004774013218
2.05775043323906,60.00283288316408
2.05775043323906,60.00655546999888
2.05775043323906,60.024842285894756
2.05775043323906,60.05501079019672
2.05775043323906,60.02049153782135
2.05775043323906,59.98752407824415
2.05775043323906,60.034693604702085
2.05775043323906,59.9895681906072
2.05775043323906,59.99798653855258
2.05775043323906,59.99823932299053
2.05775043323906,59.996666067402465
2.05775043323906,60.018245654997116
2.05775043323906,59.999345139473064
2.05775043323906,60.00133589432943
2.05775043323906,59.999000232512785
2.05775043323906,60.00007014516787
2.05775043323906,59.9883634674791
2.05775043323906,59.97398819567416
2.05775043323906,60.003435896698136
2.05775043323906,60.02478984563709
2.05775043323906,60.08724529040815
2.05775043323906,60.04154537575274
2.05775043323906,60.00006462194287
2.05775043323906,60.01206335698156
2.05775043323906,60.000927785270044
2.05775043323906,60.00016623200929
2.05775043323906,60.006475693501606
2.05775043323906,59.99880112587593
2.05775043323906,59.99982494394385
2.05775043323906,60.00130177512346
2.05775043323906,60.00036006725412
2.05775043323906,59.993488919696055
2.05775043323906,59.998690926914655
2.05775043323906,59.99854669823832
2.05775043323906,59.99947288209535
2.05775043323906,59.98059857941814
2.05775043323906,59.99975019192614
2.05775043323906,60.00113661973923
2.05775043323906,60.00171366468386
2.05775043323906,60.028192810766875
2.05775043323906,59.99903273643325
2.05775043323906,59.992868783273124
2.05775043323906,59.99969457390608
2.05775043323906,60.001621224115375
2.05775043323906,60.04200451195225
2.05775043323906,59.99802963499359
2.05775043323906,60.0002106826849
2.05775043323906,59.99985832567558
2.05775043323906,59.99984471203238
2.05775043323906,60.00005588986901
2.05775043323906,59.98878687157239
2.05775043323906,60.003816548389686
2.05775043323906,59.998107999160275
2.05775043323906,59.99253725946576
2.05775043323906,60.00499739493257
2.05775043323906,59.99999987263249
2.05775043323906,59.9954861309001
2.05775043323906,59.990726285814844
2.05775043323906,60.00001580521551
2.05775043323906,60.00003747665588
2.05775043323906,60.000143194994905
2.05775043323906,60.0000221862242
2.05775043323906,60.0001379066095
2.05775043323906,60.000416356749525
2.05775043323906,60.023169022096674
2.05775043323906,60.00187122125693
2.05775043323906,60.00018974354126
2.05775043323906,59.99529095378289
2.05775043323906,60.00024488149059
2.05775043323906,60.00006369783063
2.05775043323906,59.99920614278506
2.05775043323906,59.99936240192324
2.05775043323906,60.01501571384927
2.05775043323906,59.99987592386871
2.05775043323906,60.0000831212257
2.05775043323906,60.00020766880705
2.05775043323906,76.0090683298754
2.05775043323906,62.51606495769183
2.05775043323906,58.82409742025585
2.05775043323906,60.57689054786951
2.05775043323906,59.99083795247016
2.05775043323906,59.999567436033594
2.05775043323906,59.99996685456927
2.05775043323906,60.03678498759817
2.05775043323906,60.00746037582214
2.05775043323906,60.0000760141535
2.05775043323906,59.99921949118161
2.05775043323906,59.540123616687126
2.05775043323906,62.07674175652399
2.05775043323906,60.0001342744594
2.05775043323906,59.9998738575899
2.05775043323906,60.00007551356059
2.05775043323906,59.770036870519974
2.05775043323906,58.50666671678181
2.05775043323906,59.99999355073918
2.05775043323906,60.000101092184
2.05775043323906,59.99927251480173
2.05775043323906,59.99801197470007
2.05775043323906,60.000131969225016
2.05775043323906,59.98341805227337
2.05775043323906,59.99778558709671
2.05775043323906,60.000160851053046
2.05775043323906,59.98472525200712
2.05775043323906,59.989387786570084
2.05775043323906,60.039182723481524
2.05775043323906,60.008826468845506
2.05775043323906,59.79152520432099
2.05775043323906,78.22951706716015
2.05775043323906,59.56096970887663
2.05775043323906,59.96842614779283
2.05775043323906,59.76949846983768
2.05775043323906,65.45466212699597
2.05775043323906,58.34150568102322
2.05775043323906,75.21326170814667
2.05775043323906,59.255155416221875
2.05775043323906,60.04520832408662
2.05775043323906,60.00026250659043
2.05775043323906,60.039097381788466
2.05775043323906,59.97946297800916
2.05775043323906,60.011626221545676
2.05775043323906,60.04175751973307
2.05775043323906,59.205462698641846
2.05775043323906,60.000023228507416
2.05775043323906,59.58446703186502
2.05775043323906,58.510833155387814
2.05775043323906,59.09685641557659
2.05775043323906,59.08558418922845
2.05775043323906,59.86170892147282
2.05775043323906,59.74575536648017
2.05775043323906,59.51541489992455
2.05775043323906,59.495198088628676
2.05775043323906,59.98744896425028
2.05775043323906,60.00010711618498
2.05775043323906,60.00774150914601
2.05775043323906,60.01323368773156
2.05775043323906,60.06951476851644
2.05775043323906,59.99998045512492
2.05775043323906,60.00197924095214
2.05775043323906,59.98426917804681
2.05775043323906,60.24751095743002
2.05775043323906,59.960731260295816
2.05775043323906,59.01657525782721
2.05775043323906,92.21081716952331
2.05775043323906,59.828265082651235
2.05775043323906,59.49222676889849
2.05775043323906,60.000047859438496
2.05775043323906,60.007008028135495
2.05775043323906,59.99908841555143
2.05775043323906,59.99495959857239
2.05775043323906,59.99987967989482
2.05775043323906,59.99058791253383
2.05775043323906,60.009739810590844
2.05775043323906,60.048484384030715
2.05775043323906,60.05530061880967
2.05775043323906,56.181216668557056
2.05775043323906,58.95736104865238
2.05775043323906,59.60845572217416
2.05775043323906,74.63204157258598
2.05775043323906,58.87695101648105
2.05775043323906,58.66520827809866
2.05775043323906,60.03445141383172
2.05775043323906,60.04201085612788
2.05775043323906,60.04536318101893
2.05775043323906,59.999828730779996
2.05775043323906,60.04125474853001
2.05775043323906,60.005670975520346
2.05775043323906,60.0001567817203
2.05775043323906,59.98813544565093
2.05775043323906,60.00013093890246
2.05775043323906,59.999629849132006
2.05775043323906,59.99189121989252
2.05775043323906,60.0004148242105
2.05775043323906,60.000078099841176
2.05775043323906,59.97934975729299
2.05775043323906,59.99587951374502
2.05775043323906,60.0007524755984
2.05775043323906,60.01331346553968
2.05775043323906,59.99667171141501
2.05775043323906,60.03018152536743
2.05775043323906,60.058068122654376
2.05775043323906,60.00375809743518
2.05775043323906,60.000032970427284
2.05775043323906,60.01107581588397
2.05775043323906,85.86324294433327
2.05775043323906,66.80206148609501
2.05775043323906,56.20977164148319
2.05775043323906,57.33111183138727
2.05775043323906,59.99966629501401
2.05775043323906,60.00210399797669
2.05775043323906,59.994267257585115
2.05775043323906,60.00002830749167
2.05775043323906,60.00074904968491
2.05775043323906,59.993216172158355
2.05775043323906,60.00702140930098
2.05775043323906,57.23776627434888
2.05775043323906,58.92401316932488
2.05775043323906,60.00510590727138
2.05775043323906,60.00039119373995
2.05775043323906,59.996847465551184
2.05775043323906,59.02917971630267
2.05775043323906,88.89869312626371
2.05775043323906,63.62570693875118
2.05775043323906,56.519430905829864
2.05775043323906,57.745232271566984
2.05775043323906,60.002392697160815
2.05775043323906,60.00047514423171
2.05775043323906,60.0018970356665
2.05775043323906,59.9999895392578
2.05775043323906,54.67034991136495
2.05775043323906,60.49436252268107
2.05775043323906,60.06007600645049
2.05775043323906,59.992467125565554
2.05775043323906,58.462546545424644
2.05775043323906,57.6740248229366
2.05775043323906,59.57373402595133
2.05775043323906,119.20951708325974
2.05775043323906,60.146065727145675
2.05775043323906,59.0154584802733
2.05775043323906,59.593902536042364
2.05775043323906,60.007247766676706
2.05775043323906,59.99715246267115
2.05775043323906,59.99932291888368
2.05775043323906,59.990898495409326
2.05775043323906,60.00832783210189
2.05775043323906,59.987113342084506
2.05775043323906,60.00025005558323
2.05775043323906,60.00914819920973
2.05775043323906,55.56002496646658
2.05775043323906,60.290252017004995
2.05775043323906,51.78304438789216
2.05775043323906,58.77559814179705
2.05775043323906,59.206370581998605
2.05775043323906,60.9351924874356
2.05775043323906,89.71674156853638
2.05775043323906,82.30861511606862
2.05775043323906,56.79307222071866
2.05775043323906,59.37305799282576
2.05775043323906,57.878686514314026
2.05775043323906,60.00153511969568
2.05775043323906,59.99955262239984
2.05775043323906,60.00026401408059
2.05775043323906,59.9231694979556
2.05775043323906,59.999984679880725
2.05775043323906,60.16054636278857
2.05775043323906,56.976843172984445
2.05775043323906,59.172475376731796
2.05775043323906,56.63688024602102
2.05775043323906,59.561702115689364
2.05775043323906,59.712508794104494
2.05775043323906,60.01269351870622
2.05775043323906,60.003524107416396
2.05775043323906,59.99977380755996
2.05775043323906,60.05504223397049
2.05775043323906,59.99974562635902
2.05775043323906,60.15445633254733
2.05775043323906,60.48339555731269
2.05775043323906,60.01330171812714
2.05775043323906,60.02159759157048
2.05775043323906,60.000158836363845
2.05775043323906,59.99982395060708
2.05775043323906,60.00009539659158
2.05775043323906,60.0000160223777
2.05775043323906,59.999998555348306
2.05775043323906,59.999989075374
2.05775043323906,59.99979003460077
2.05775043323906,60.00859467545499
2.05775043323906,59.98535747864833
2.05775043323906,59.99779620174103
2.05775043323906,60.000758705779106
2.05775043323906,59.99977707401138
2.05775043323906,59.9989759336308
2.05775043323906,59.96675101767308
2.05775043323906,60.453236118913175
2.05775043323906,60.04543403998422
2.05775043323906,60.025186717148436
2.05775043323906,60.00721379999496
2.05775043323906,59.99952485634634
2.05775043323906,59.99913505691802
2.05775043323906,60.00001305637039
2.05775043323906,60.00014631594534
2.05775043323906,60.00009419229882
2.05775043323906,60.000068117864856
2.05775043323906,59.99979233584977
2.05775043323906,60.00004382036074
2.05775043323906,60.01994591610048
2.05775043323906,60.00078371578885
2.05775043323906,59.99079159723916
2.05775043323906,60.05932028293779
2.05775043323906,60.0529083285076
2.05775043323906,60.00120399682863
2.05775043323906,59.992479493362126
2.05775043323906,59.99849439520725
2.05775043323906,59.999301346379845
2.05775043323906,59.99987322602983
2.05775043323906,59.99997433062368
2.05775043323906,59.99982336586692
2.05775043323906,59.959718786981924
2.05775043323906,59.99987486137475
2.05775043323906,59.991224278397155
2.05775043323906,59.99992454276781
2.05775043323906,60.00004903452924
2.05775043323906,59.93741925238909
2.05775043323906,60.00013996156491
2.05775043323906,60.000388337695064
2.05775043323906,60.00561068422259
2.05775043323906,60.0011266312739
2.05775043323906,60.00537977500532
2.05775043323906,59.99971613270724
2.05775043323906,60.00875528735609
2.05775043323906,59.99966865374377
2.05775043323906,60.003875271917956
2.05775043323906,59.99544546154794
2.05775043323906,59.999790557046964
2.05775043323906,59.97849823938377
2.05775043323906,60.02316190082614
2.05775043323906,59.99514188234351
2.05775043323906,63.24437899363738
2.05775043323906,57.15111281110389
2.05775043323906,86.81023410754088
2.05775043323906,57.334310830748926
2.05775043323906,66.78873693665273
2.05775043323906,131.72143301484635
2.05775043323906,85.07052701959705
2.05775043323906,56.54944028351351
2.05775043323906,59.964506419648615
2.05775043323906,59.981165274379734
2.05775043323906,60.00057299838617
2.05775043323906,60.00196498932099
2.05775043323906,58.172748724254
2.05775043323906,59.57070458301759
2.05775043323906,57.21705545237596
2.05775043323906,53.772043796873774
2.05775043323906,59.634801821838856
2.05775043323906,82.99238567670614
2.05775043323906,60.000241967038775
2.05775043323906,60.00059506785913
2.05775043323906,60.14564925968207
2.05775043323906,60.00090392389695
2.05775043323906,60.000478032402604
2.05775043323906,59.96678931732375
2.05775043323906,60.4249110847035
2.05775043323906,60.00195921508482
2.05775043323906,56.30635358792426
2.05775043323906,60.17533069489274
2.05775043323906,56.38495114336775
2.05775043323906,60.461203098643374
2.05775043323906,59.330352781986804
2.05775043323906,57.232706622603494
2.05775043323906,89.88222134555734
2.05775043323906,59.870117456633245
2.05775043323906,56.663423369543096
2.05775043323906,59.408714064304945
2.05775043323906,56.75770943622607
2.05775043323906,59.99521841163539
2.05775043323906,60.01018523288649
2.05775043323906,59.966238994133704
2.05775043323906,60.01842859508199
2.05775043323906,59.982874264737724
2.05775043323906,59.99929322820177
2.05775043323906,60.00739431914304
2.05775043323906,60.445631982713806
2.05775043323906,57.24572551996653
2.05775043323906,60.08979018652512
2.05775043323906,58.804385273271016
2.05775043323906,59.31173001899312
2.05775043323906,58.84646029583452
2.05775043323906,56.62081325372082
2.05775043323906,59.01308090216247
2.05775043323906,59.65695582496732
2.05775043323906,58.98750246262399
2.05775043323906,59.75800962225463
2.05775043323906,58.58019789287289
2.05775043323906,60.00177360776648
2.05775043323906,59.98701707813456
2.05775043323906,59.97001770912613
2.05775043323906,59.942515782310984
2.05775043323906,59.99515047675203
2.05775043323906,60.24434372537979
2.05775043323906,60.03863620542386
2.05775043323906,59.993836899714296
2.05775043323906,58.95683218817939
2.05775043323906,58.51746003079821
2.05775043323906,59.059894845778096
2.05775043323906,67.09382361411362
2.05775043323906,58.425558104098
2.05775043323906,59.990712480285744
2.05775043323906,59.988708502582824
2.05775043323906,59.99633462929487
2.05775043323906,60.006050493288605
2.05775043323906,60.062198177658175
2.05775043323906,59.97802675109172
2.05775043323906,60.164306836849285
2.05775043323906,60.014857148215434
2.05775043323906,58.93870946340992
2.05775043323906,58.627360526711314
2.05775043323906,60.660828923067385
2.05775043323906,60.02069504005766
2.05775043323906,60.00465023120272
2.05775043323906,60.020039232233245
2.05775043323906,56.538239395112925
2.05775043323906,56.23519825218101
2.05775043323906,60.04784038503719
2.05775043323906,60.02724292297339
2.05775043323906,59.96030646036768
2.05775043323906,60.06383349521392
2.05775043323906,59.99002851114653
2.05775043323906,60.038451688338704
2.05775043323906,60.0658134791452
2.05775043323906,60.02146150963863
2.05775043323906,60.00687161111462
2.05775043323906,59.96512700126046
2.05775043323906,60.01653336923777
2.05775043323906,59.961890217871776
2.05775043323906,57.343617537005564
2.05775043323906,56.87990253554387
2.05775043323906,60.29413189935168
2.05775043323906,81.6700105933355
2.05775043323906,83.34106455852996
2.05775043323906,60.02881411657641
2.05775043323906,59.93203521248917
2.05775043323906,59.95753037281113
2.05775043323906,60.02774025151792
2.05775043323906,60.01760210977902
2.05775043323906,60.00463875755505
2.05775043323906,59.98689694121962
2.05775043323906,60.02275540444786
2.05775043323906,59.95014880724811
2.05775043323906,111.78061576772373
2.05775043323906,52.32085145309957
2.05775043323906,53.83105916049809
2.05775043323906,60.01529921850263
2.05775043323906,60.02504618125833
2.05775043323906,60.076685330004175
2.05775043323906,59.88921776144828
2.05775043323906,59.98382893375823
2.05775043323906,59.91066160491828
2.05775043323906,60.379924092822904
2.05775043323906,67.72303245165604
2.05775043323906,114.37480533006588
2.05775043323906,86.9015952816777
2.05775043323906,51.98665082077798
2.05775043323906,57.665102444264804
2.05775043323906,56.348065431727136
2.05775043323906,59.98000018577095
2.05775043323906,59.989839334102086
2.05775043323906,60.00195207231249
2.05775043323906,60.040098067942985
2.05775043323906,59.99871398178281
2.05775043323906,60.02434130566816
2.05775043323906,59.98339078779001
2.05775043323906,59.97989204986082
2.05775043323906,54.57429589996375
2.05775043323906,58.596136986109066
2.05775043323906,75.22955600244762
2.05775043323906,59.99981072633787
2.05775043323906,59.99985292126409
2.05775043323906,60.000057002944686
2.05775043323906,59.99991399965737
2.05775043323906,60.00112124135189
2.05775043323906,60.19797714103219
2.05775043323906,60.43657322955016
2.05775043323906,60.212124829442054
2.05775043323906,60.26717837882603
2.05775043323906,60.323307507972295
2.05775043323906,59.959440522313706
2.05775043323906,58.7105657446675
2.05775043323906,59.99936467915801
2.05775043323906,60.00068320988628
2.05775043323906,58.86675664357937
2.05775043323906,57.83877899729713
2.05775043323906,59.99990386733495
2.05775043323906,59.00223785018981
2.05775043323906,59.950971573218645
2.05775043323906,59.974430378669126
2.05775043323906,59.990556070589086
2.05775043323906,59.99008696965967
2.05775043323906,60.00234588127952
2.05775043323906,59.910592365587405
2.05775043323906,59.99019003982853
2.05775043323906,60.00019107473983
2.05775043323906,60.7503413486779
2.05775043323906,59.999991194820986
2.05775043323906,60.00010911943429
2.05775043323906,58.66349517547393
2.05775043323906,60.00006911452596
2.05775043323906,59.99989334406912
2.05775043323906,58.524327005795264
2.05775043323906,59.99990201888888
2.05775043323906,58.66500449592812
2.05775043323906,60.004405450248974
2.05775043323906,59.99693441199383
2.05775043323906,59.94780467042085
2.05775043323906,59.95378995779873
2.05775043323906,59.97563063581187
2.05775043323906,60.00207556767541
2.05775043323906,60.20959214105843
2.05775043323906,59.999109490685456
2.05775043323906,60.00035369913868
2.05775043323906,60.00045631708478
2.05775043323906,59.99986339647812
2.05775043323906,59.99981271185374
2.05775043323906,60.000362532859285
2.05775043323906,60.01268794689284
2.05775043323906,60.00976723139679
2.05775043323906,60.0259592093432
2.05775043323906,60.01080002018592
2.05775043323906,60.116977463706725
2.05775043323906,60.006360823152264
2.05775043323906,59.99922781916182
2.05775043323906,59.993419050457135
2.05775043323906,60.009920015982104
2.05775043323906,60.00698978221129
2.05775043323906,60.02064824060989
2.05775043323906,60.0191573871092
2.05775043323906,60.00043011437463
2.05775043323906,60.0041558249085
2.05775043323906,60.06809300569035
2.05775043323906,60.166858122646154
2.05775043323906,59.994879043889696
2.05775043323906,59.96504742449801
2.05775043323906,60.00027095274417
2.05775043323906,59.981526871202156
2.05775043323906,60.01295705305031
2.05775043323906,59.99631299348707
2.05775043323906,59.993204843971824
2.05775043323906,59.997515502772366
2.05775043323906,59.99696550491909
2.05775043323906,59.97539142055412
2.05775043323906,60.00240686242849
2.05775043323906,60.00076708232949
2.05775043323906,60.008984072616414
2.05775043323906,60.00737729865279
2.05775043323906,60.007884106147806
2.05775043323906,63.33891416010968
2.05775043323906,90.5131076264613
2.05775043323906,57.087618645933276
2.05775043323906,58.33355850087181
2.05775043323906,60.00412232718069
2.05775043323906,59.99479561454664
2.05775043323906,60.01246212211746
2.05775043323906,60.20301701504837
2.05775043323906,60.00450903172426
2.05775043323906,60.009267263834055
2.05775043323906,59.406376076841056
2.05775043323906,55.01609133386907
2.05775043323906,86.36239431654081
2.05775043323906,60.04444480262181
2.05775043323906,60.00136265171077
2.05775043323906,60.0044299400326
2.05775043323906,59.998094860020174
2.05775043323906,59.47717639606186
2.05775043323906,60.23925377512613
2.05775043323906,58.054572419580055
2.05775043323906,60.3445419459076
2.05775043323906,59.63541926825624
2.05775043323906,60.36150473869254
2.05775043323906,57.064550021273
2.05775043323906,59.955686177253284
2.05775043323906,59.99921218990435
2.05775043323906,59.99639267237324
2.05775043323906,59.99910434137804
2.05775043323906,59.97824605443135
2.05775043323906,59.26958916211695
2.05775043323906,59.61432368703365
2.05775043323906,59.99648206553531
2.05775043323906,60.06207126653802
2.05775043323906,59.404996869646766
2.05775043323906,59.61347034800654
2.05775043323906,59.29355731953474
2.05775043323906,60.00808492770853
2.05775043323906,60.00022100885499
2.05775043323906,60.00000728916697
2.05775043323906,59.99907407063532
2.05775043323906,60.06745245525515
2.05775043323906,60.006867086991825
2.05775043323906,60.01768078329666
2.05775043323906,60.00100941325936
2.05775043323906,59.998796320119936
2.05775043323906,60.00056867098662
2.05775043323906,59.99850447801859
2.05775043323906,60.00388644826012
2.05775043323906,60.02492750975051
2.05775043323906,60.024343862294955
2.05775043323906,59.99679126781175
2.05775043323906,60.00009137582634
2.05775043323906,60.000686692389145
2.05775043323906,60.00229744585332
2.05775043323906,60.007847806398395
2.05775043323906,59.999003143381344
2.05775043323906,60.00052349778056
2.05775043323906,59.999882953394774
2.05775043323906,59.995932058441404
2.05775043323906,60.001397066330284
2.05775043323906,59.999869465580396
2.05775043323906,59.99667981176306
2.05775043323906,59.99506889013873
2.05775043323906,59.99916825927569
2.05775043323906,60.00143046903123
2.05775043323906,60.00106610090694
2.05775043323906,60.0009405993951
2.480125154057196,59.941767084329705
2.480125154057196,60.013282829258415
2.480125154057196,59.99899116793003
2.480125154057196,59.988922743474745
2.480125154057196,59.926133368733844
2.480125154057196,60.0359265501829
2.480125154057196,59.98569507731181
2.480125154057196,60.17892703654764
2.480125154057196,59.970150123374616
2.480125154057196,60.004766751092234
2.480125154057196,60.248229017277914
2.480125154057196,59.94903891907443
2.480125154057196,60.02192744561675
2.480125154057196,60.19473564767869
2.480125154057196,59.553058511728224
2.480125154057196,60.03293116425751
2.480125154057196,59.966742891295596
2.480125154057196,60.21588980957981
2.480125154057196,59.95219332462761
2.480125154057196,59.72297204903224
2.480125154057196,59.96589076877225
2.480125154057196,59.26358206342378
2.480125154057196,59.94333286068123
2.480125154057196,59.27136355798658
2.480125154057196,60.04927488077684
2.480125154057196,59.9283143206927
2.480125154057196,59.728535856536986
2.480125154057196,60.29623959405493
2.480125154057196,58.69261812741185
2.480125154057196,59.99963624225712
2.480125154057196,57.10135783379404
2.480125154057196,60.108518578671124
2.480125154057196,65.78617411518074
2.480125154057196,60.59994928780478
2.480125154057196,59.962771441266725
2.480125154057196,59.96927125521625
2.480125154057196,59.99442043392525
2.480125154057196,59.452832098424864
2.480125154057196,57.56066339905963
2.480125154057196,58.02024722658681
2.480125154057196,67.187651206973
2.480125154057196,58.486016134119104
2.480125154057196,60.01288659179182
2.480125154057196,59.91597681837355
2.480125154057196,74.60544050594518
2.480125154057196,60.517321022604584
2.480125154057196,59.81573927865997
2.480125154057196,60.01022676257921
2.480125154057196,59.916607297456835
2.480125154057196,60.2921080042959
2.480125154057196,72.23274475682335
2.480125154057196,58.25095011498373
2.480125154057196,59.68016910532535
2.480125154057196,59.98725518082371
2.480125154057196,58.19681102535227
2.480125154057196,60.109300280775464
2.480125154057196,58.61621064612733
2.480125154057196,54.89497383178265
2.480125154057196,60.01478157704264
2.480125154057196,60.011655332468614
2.480125154057196,60.41895523741152
2.480125154057196,57.08257172020499
2.480125154057196,59.80521069933718
2.480125154057196,60.35799132173772
2.480125154057196,58.58131088330565
2.480125154057196,71.71607833268152
2.480125154057196,65.08549071507835
2.480125154057196,66.45856359470855
2.480125154057196,89.1644237559056
2.480125154057196,58.89687444448679
2.480125154057196,57.56422038344501
2.480125154057196,60.20612581679108
2.480125154057196,60.09481217274608
2.480125154057196,59.970601941512655
2.480125154057196,60.116894705947956
2.480125154057196,58.68891190389247
2.480125154057196,56.94457316911403
2.480125154057196,59.9663948649097
2.480125154057196,59.92469678628468
2.480125154057196,58.42188903629991
2.480125154057196,59.604552702419745
2.480125154057196,57.3369074191195
2.480125154057196,59.981361796105105
2.480125154057196,66.36143123614806
2.480125154057196,60.0632542147606
2.480125154057196,58.54885595937564
2.480125154057196,58.5785548322055
2.480125154057196,68.11358902251553
2.480125154057196,59.981424373354734
2.480125154057196,59.981122342869256
2.480125154057196,59.34092445394919
2.480125154057196,64.63468689891741
2.480125154057196,59.99422994236387
2.480125154057196,58.83984344171695
2.480125154057196,59.878145304458194
2.480125154057196,58.9751183540873
2.480125154057196,70.78212419078947
2.480125154057196,58.257487265447104
2.480125154057196,54.84988153314557
2.480125154057196,71.73562209814109
2.480125154057196,58.65845501811377
2.480125154057196,60.16244479683228
2.480125154057196,60.044099160133996
2.480125154057196,59.53494496528475
2.480125154057196,59.645635094483765
2.480125154057196,58.158078772798575
2.480125154057196,59.68501710509004
2.480125154057196,58.62906268260365
2.480125154057196,72.95047120476887
2.480125154057196,58.36090017201227
2.480125154057196,58.03484801398361
2.480125154057196,54.64593839078686
2.480125154057196,59.95944939948948
2.480125154057196,58.97086206594877
2.480125154057196,60.12005917979856
2.480125154057196,60.55370369618251
2.480125154057196,67.54813860843514
2.480125154057196,58.518451075322986
2.480125154057196,60.002918271992684
2.480125154057196,60.04747404093273
2.480125154057196,59.97980566939218
2.480125154057196,59.941377189448936
2.480125154057196,59.39226600147431
2.480125154057196,64.05037908819
2.480125154057196,57.82880703417536
2.480125154057196,66.95724365626702
2.480125154057196,59.3743449685261
2.480125154057196,59.86982471163191
2.480125154057196,60.32328191140467
2.480125154057196,57.05157549270865
2.480125154057196,65.68362832474617
2.480125154057196,73.03824282471831
2.480125154057196,59.21021966043913
2.480125154057196,60.057459015088924
2.480125154057196,64.0249277888246
2.480125154057196,77.14976073311826
2.480125154057196,56.01702797450062
2.480125154057196,59.63217018724567
2.480125154057196,58.12796236635757
2.480125154057196,56.24172624843026
2.480125154057196,59.95989565742373
2.480125154057196,59.987042784967464
2.480125154057196,65.0335479749393
2.480125154057196,60.059231474035826
2.480125154057196,77.31061134257757
2.480125154057196,60.11382376669298
2.480125154057196,60.71209386448997
2.480125154057196,80.04146644597448
2.480125154057196,60.012975206649756
2.480125154057196,60.10100812994569
2.480125154057196,57.43905568423358
2.480125154057196,57.93911707533417
2.480125154057196,59.17203904638584
2.480125154057196,57.5024003110128
2.480125154057196,68.35537251942745
2.480125154057196,59.55852819834247
2.480125154057196,59.15486914025979
2.480125154057196,60.1579231704844
2.480125154057196,59.80644335466203
2.480125154057196,59.983055891318614
2.480125154057196,59.55545830286555
2.480125154057196,58.887314547346136
2.480125154057196,60.010139221326064
2.480125154057196,66.59316117366272
2.480125154057196,60.043654739790924
2.480125154057196,59.29098660329971
2.480125154057196,59.93682539473809
2.480125154057196,65.7833542965287
2.480125154057196,55.941519037115434
2.480125154057196,58.42790167472837
2.480125154057196,58.94115157261504
2.480125154057196,57.630205591154585
2.480125154057196,57.244251276510305
2.480125154057196,58.633793860925
2.480125154057196,75.08740651789157
2.480125154057196,59.26340376312942
2.480125154057196,66.43647824524153
2.480125154057196,60.053613611221486
2.480125154057196,60.09233381979712
2.480125154057196,67.28448498711977
2.480125154057196,59.8954348869806
2.480125154057196,58.422084637174926
2.480125154057196,59.78756390928003
2.480125154057196,69.99909857024815
2.480125154057196,69.27759282679649
2.480125154057196,58.3133423120357
2.480125154057196,60.15965587095936
2.480125154057196,59.989169330244316
2.480125154057196,65.08989890354223
2.480125154057196,60.02683206660774
2.480125154057196,60.14978232520559
2.480125154057196,70.65310835220775
2.480125154057196,58.286916725952686
2.480125154057196,59.622379315769486
2.480125154057196,60.31661837213638
2.480125154057196,57.80048515486102
2.480125154057196,60.34713876495731
2.480125154057196,59.92669267644315
2.480125154057196,59.64600535138468
2.480125154057196,59.99073459576718
2.480125154057196,58.77099002412005
2.480125154057196,63.99819603431882
2.480125154057196,59.96771860386091
2.480125154057196,60.95935185021547
2.480125154057196,58.798659475832466
2.480125154057196,59.58996471976537
2.480125154057196,64.58960828363291
2.480125154057196,59.39853686322806
2.480125154057196,59.98829762631568
2.480125154057196,59.97725107007055
2.480125154057196,59.98751469183536
2.480125154057196,59.177766114028906
2.480125154057196,57.22898412190852
2.480125154057196,66.99987221930837
2.480125154057196,56.03216185658147
2.480125154057196,59.748950681467356
2.480125154057196,60.87884436588568
2.480125154057196,60.60319492738305
2.480125154057196,58.686370896668045
2.480125154057196,59.95489060300994
2.480125154057196,60.03436746684029
2.480125154057196,59.722606283962165
2.480125154057196,70.01583871109472
2.480125154057196,60.22355582715192
2.480125154057196,60.0142495911556
2.480125154057196,60.06231023266194
2.480125154057196,58.91836577938943
2.480125154057196,59.34403817618242
2.480125154057196,61.033550500452975
2.480125154057196,60.50734702371783
2.480125154057196,60.54826329723092
2.480125154057196,60.279819479980105
2.480125154057196,60.5987110085116
2.480125154057196,60.09707577094323
2.480125154057196,59.84856576540481
2.480125154057196,59.692853208675984
2.480125154057196,59.91117257507061
2.480125154057196,59.950470690138275
2.480125154057196,58.77848446863229
2.480125154057196,59.561887934485455
2.480125154057196,59.998422882399346
2.480125154057196,59.78279393034371
2.480125154057196,69.47307552441197
2.480125154057196,60.82071543737288
2.480125154057196,60.42917707999453
2.480125154057196,59.883026039081464
2.480125154057196,57.870448890539045
2.480125154057196,60.22882782544384
2.480125154057196,71.3588056564359
2.480125154057196,61.104633388367354
2.480125154057196,60.054236836357006
2.480125154057196,64.9644880207676
2.480125154057196,60.109187554205896
2.480125154057196,58.96159800961564
2.480125154057196,59.21631579974836
2.480125154057196,59.042014495348745
2.480125154057196,59.04105805723348
2.480125154057196,58.37626700396244
2.480125154057196,69.9158086284755
2.480125154057196,60.0008121345734
2.480125154057196,60.194936674013626
2.480125154057196,60.01263743362177
2.480125154057196,60.59792820610051
2.480125154057196,58.38162586265115
2.480125154057196,58.8102461477428
2.480125154057196,60.305691173327155
2.480125154057196,59.14447243315154
2.480125154057196,60.059567423058176
2.480125154057196,60.2303456098162
2.480125154057196,58.26236311337821
2.480125154057196,60.34097005995473
2.480125154057196,59.70835116334923
2.480125154057196,72.69368351970148
2.480125154057196,58.701929696516125
2.480125154057196,57.46569323366177
2.480125154057196,73.13087797867146
2.480125154057196,60.008488300162256
2.480125154057196,59.903906735105764
2.480125154057196,58.02226885195569
2.480125154057196,59.54270310981666
2.480125154057196,58.832593975213356
2.480125154057196,60.2229606423323
2.480125154057196,60.04389162800798
2.480125154057196,59.8920955771299
2.480125154057196,59.99521999272044
2.480125154057196,59.23452307476612
2.480125154057196,59.725988885671775
2.480125154057196,59.54044601881814
2.480125154057196,59.65367668785015
2.480125154057196,60.016026129955456
2.480125154057196,58.60107370862759
2.480125154057196,58.58742787991877
2.480125154057196,59.51579245591286
2.480125154057196,60.15468239614192
2.480125154057196,60.132982513934145
2.480125154057196,60.112257162744385
2.480125154057196,60.23059997578287
2.480125154057196,58.13444993904673
2.480125154057196,60.15358911359221
2.480125154057196,65.80038407544093
2.480125154057196,59.8255655035664
2.480125154057196,60.25503972461246
2.480125154057196,65.85644661187204
2.480125154057196,57.989846905744116
2.480125154057196,59.71159534748587
2.480125154057196,60.1629380007771
2.480125154057196,59.79787186165187
2.480125154057196,60.28130524660008
2.480125154057196,59.98104023170915
2.480125154057196,68.58466266314548
2.480125154057196,59.56757095813828
2.480125154057196,59.101512606703324
2.480125154057196,67.60810294534421
2.480125154057196,60.82960106683828
2.480125154057196,59.941071908835674
2.480125154057196,59.78367288668891
2.480125154057196,58.76016005162342
2.480125154057196,70.21383144154323
2.480125154057196,70.18481545451856
2.480125154057196,59.63434523358997
2.480125154057196,69.81229828568962
2.480125154057196,59.6711796950114
2.480125154057196,59.97304531690812
2.480125154057196,59.68380391658821
2.480125154057196,58.16945234442568
2.480125154057196,60.20945130410335
2.480125154057196,66.6319756089342
2.480125154057196,57.41167050367685
2.480125154057196,59.43041043018619
2.480125154057196,58.58238460889993
2.480125154057196,57.074750841891706
2.480125154057196,60.19625744229008
2.480125154057196,60.106488635039305
2.480125154057196,60.11682012016
2.480125154057196,60.05952529366902
2.480125154057196,60.0691649430099
2.480125154057196,58.92983411079859
2.480125154057196,58.35775532954703
2.480125154057196,60.31364886491553
2.480125154057196,60.16712815422839
2.480125154057196,58.155285358013636
2.480125154057196,59.89896136489166
2.480125154057196,60.1683699041967
2.480125154057196,58.60905548320832
2.480125154057196,59.591516270446746
2.480125154057196,58.67965046940727
2.480125154057196,66.82317643670865
2.480125154057196,57.354648666637445
2.480125154057196,59.98765678045209
2.480125154057196,59.01818144404975
2.480125154057196,60.13675488641072
2.480125154057196,59.94651797074545
2.480125154057196,58.87907171347669
2.480125154057196,59.6104142379366
2.480125154057196,58.18375336133623
2.480125154057196,59.899888186837885
2.480125154057196,58.82891117042164
2.480125154057196,66.03767734719067
2.480125154057196,60.186399863016696
2.480125154057196,73.20709776938344
2.480125154057196,65.72374484172474
2.480125154057196,59.599548697287716
2.480125154057196,59.59485897023081
2.480125154057196,60.20434204863123
2.480125154057196,58.84023283721847
2.480125154057196,59.44414402291476
2.480125154057196,60.98410415589676
2.480125154057196,73.61442188695317
2.480125154057196,60.5802834345769
2.480125154057196,80.75758173312143
2.480125154057196,59.2283716185926
2.480125154057196,60.21400279911867
2.480125154057196,58.431654426392626
2.480125154057196,58.04534928987632
2.480125154057196,60.14626050951986
2.480125154057196,60.020876143126394
2.480125154057196,59.91033325180198
2.480125154057196,60.028402012258034
2.480125154057196,59.74835981063173
2.480125154057196,60.50780789894019
2.480125154057196,59.44539895855365
2.480125154057196,58.8594805699782
2.480125154057196,57.96041031048402
2.480125154057196,58.68948095396768
2.480125154057196,60.1854615103115
2.480125154057196,60.29397741041194
2.480125154057196,58.68504857019274
2.480125154057196,59.60950242762744
2.480125154057196,65.27603127952925
2.480125154057196,72.20864616158272
2.480125154057196,58.44806416431302
2.480125154057196,64.98143329086837
2.480125154057196,59.66027674241391
2.480125154057196,58.370989245264994
2.480125154057196,63.821689407445795
2.480125154057196,58.442190239537155
2.480125154057196,66.88914567405871
2.480125154057196,60.36349239876193
2.480125154057196,58.399892960517604
2.480125154057196,60.00083147018199
2.480125154057196,58.88785210526809
2.480125154057196,59.6723195309408
2.480125154057196,59.48892093299566
2.480125154057196,59.264005000667424
2.480125154057196,59.91787995331689
2.480125154057196,70.27538528916119
2.480125154057196,68.01031128558273
2.480125154057196,60.50219011816507
2.480125154057196,61.187644864518276
2.480125154057196,56.49939511330217
2.480125154057196,58.2160405739868
2.480125154057196,59.28758367866214
2.480125154057196,65.7993092238082
2.480125154057196,60.080546528902964
2.480125154057196,58.044983144310564
2.480125154057196,59.842235679529075
2.480125154057196,59.61827789647051
2.480125154057196,59.91908853922391
2.480125154057196,57.26915034886735
2.480125154057196,60.094936022255496
2.480125154057196,71.05971305505133
2.480125154057196,68.61174412838875
2.480125154057196,59.10892156222314
2.480125154057196,60.34859502342439
2.480125154057196,59.45405145152947
2.480125154057196,60.248777027336324
2.480125154057196,60.26913535851386
2.480125154057196,61.672545695355154
2.480125154057196,65.69481153793416
2.480125154057196,59.318119886255815
2.480125154057196,64.73504590355898
2.480125154057196,62.0496738592859
2.480125154057196,60.057923280194736
2.480125154057196,66.89689684825447
2.480125154057196,59.60058665237996
2.480125154057196,58.707052158324
2.480125154057196,66.92375128643395
2.480125154057196,60.70624537928364
2.480125154057196,60.02852810538002
2.480125154057196,58.08040208943822
2.480125154057196,59.2773173174772
2.480125154057196,58.56109346257308
2.480125154057196,58.65810724062525
2.480125154057196,60.04527278604176
2.480125154057196,59.402972933209924
2.480125154057196,80.29428594365237
2.480125154057196,59.371895865524486
2.480125154057196,59.84381153495967
2.480125154057196,80.56412898631102
2.480125154057196,60.186346323263535
2.480125154057196,59.683457414148045
2.480125154057196,59.94630728401975
2.480125154057196,74.8306247867216
2.480125154057196,60.82998094990525
2.480125154057196,57.298029028172415
2.480125154057196,59.58042508331016
2.480125154057196,58.74533356493272
2.480125154057196,60.00273000153276
2.480125154057196,59.508770153995634
2.480125154057196,59.83984512635369
2.480125154057196,57.36230240729948
2.480125154057196,58.254789038513266
2.480125154057196,57.515662340994574
2.480125154057196,73.03388542073229
2.480125154057196,59.831990199057145
2.480125154057196,58.793805970622685
2.480125154057196,69.19199294502128
2.480125154057196,57.54623002224254
2.480125154057196,59.40963454978704
2.480125154057196,60.10425418806395
2.480125154057196,59.953912190760654
2.480125154057196,60.06294442776379
2.480125154057196,59.691922254906125
2.480125154057196,59.39048561360655
2.480125154057196,59.74279499387283
2.480125154057196,58.46056370138698
2.480125154057196,59.78606126427774
2.480125154057196,59.844558499253054
2.480125154057196,58.691284836814816
2.480125154057196,59.47272325909305
2.480125154057196,58.83042247566467
2.480125154057196,59.9788999466172
2.480125154057196,60.29369533233145
2.480125154057196,54.479050972203225
2.480125154057196,79.07460300375378
2.480125154057196,58.29792470830307
2.480125154057196,60.52827221923594
2.480125154057196,60.596304938769016
2.480125154057196,68.37119832697917
2.480125154057196,60.13618958337293
2.480125154057196,60.54135774804764
2.480125154057196,54.74188466429808
2.480125154057196,58.77809407292722
2.480125154057196,60.16390314482814
2.480125154057196,70.35742187658178
2.480125154057196,57.11575977453161
2.480125154057196,59.10547139705718
2.480125154057196,59.924989894575404
2.480125154057196,59.98531255282356
2.480125154057196,60.079072385259884
2.480125154057196,59.02562485661854
2.480125154057196,65.68047059002352
2.480125154057196,64.9795982000594
2.480125154057196,60.152117848364526
2.480125154057196,60.386977232078856
2.480125154057196,72.62053159252746
2.480125154057196,60.07933423479142
2.480125154057196,60.911184107731636
2.480125154057196,58.32050614676749
2.480125154057196,59.835307472671296
2.480125154057196,60.026091537800106
2.480125154057196,59.54165122946989
2.480125154057196,59.793067392779115
2.480125154057196,59.466296173833044
2.480125154057196,58.074869241571015
2.480125154057196,68.73126776378791
2.480125154057196,58.01246677418339
2.480125154057196,59.77475536094374
2.480125154057196,64.71579700638725
2.480125154057196,59.84361347969576
2.480125154057196,59.81657664101656
2.480125154057196,60.452763366960866
2.480125154057196,60.42848898008121
2.480125154057196,56.61332399743366
2.480125154057196,59.622366718869706
2.480125154057196,59.831980945668604
2.480125154057196,59.650039230038146
2.480125154057196,55.99840021945733
2.480125154057196,60.57668548966868
2.480125154057196,60.7539814993589
2.480125154057196,59.79622780208626
2.480125154057196,60.054819818154535
2.480125154057196,59.75322270157629
2.480125154057196,58.45481335820356
2.480125154057196,59.20109365522788
2.480125154057196,70.25483661745426
2.480125154057196,67.65888788995736
2.480125154057196,58.033767176218966
2.480125154057196,68.77160964122143
2.480125154057196,60.944531784812746
2.480125154057196,59.91752511696582
2.480125154057196,59.96083691151434
2.480125154057196,60.24294115010156
2.480125154057196,58.878692562621126
2.480125154057196,69.74694521898292
2.480125154057196,59.92548219506895
2.480125154057196,60.08858006761738
2.480125154057196,58.888206162690075
2.480125154057196,68.87527582107408
2.480125154057196,60.043195017439494
2.480125154057196,57.96849267919491
2.480125154057196,60.08014863033597
2.480125154057196,63.72344838177571
2.480125154057196,60.05354209714592
2.480125154057196,65.52826547013207
2.480125154057196,57.38123064231179
2.480125154057196,59.94932489645687
2.480125154057196,59.80666696508467
2.480125154057196,59.92276687847292
2.480125154057196,60.1971628730199
2.480125154057196,59.87414228925814
2.480125154057196,59.93646122553461
2.480125154057196,60.29013241522842
2.480125154057196,54.499150806124945
2.480125154057196,68.96756074015376
2.480125154057196,60.16808797027736
2.480125154057196,59.68149622195135
2.480125154057196,59.52349510480632
2.480125154057196,60.208245027744766
2.480125154057196,58.32768680947927
2.480125154057196,58.63515730633357
2.480125154057196,60.08693173017399
2.480125154057196,60.00096327130196
2.480125154057196,60.158707212754884
2.480125154057196,60.7787505958012
2.480125154057196,56.75492659855369
2.480125154057196,58.16635109494205
2.480125154057196,60.044816157030226
2.480125154057196,59.915966953174575
2.480125154057196,59.893647405785664
2.480125154057196,59.937157019113606
2.480125154057196,59.932839926747164
2.480125154057196,58.22499777159276
2.480125154057196,60.25922308188228
2.480125154057196,68.7649293083732
2.480125154057196,59.0171621253505
2.480125154057196,59.978193596389275
2.480125154057196,59.99119539962349
2.480125154057196,72.87203023058287
2.480125154057196,69.12884300027889
2.480125154057196,59.83843493041925
2.480125154057196,60.85939252887634
2.480125154057196,58.640991227875716
2.480125154057196,60.05868321158709
2.480125154057196,59.78008546268701
2.480125154057196,59.95205576792506
2.480125154057196,60.05597028257801
2.480125154057196,66.6525665464208
2.480125154057196,64.44504092567274
2.480125154057196,59.89460171776643
2.480125154057196,57.21415973313969
2.480125154057196,60.00193083644224
2.480125154057196,68.31660402172061
2.480125154057196,59.09460293563782
2.480125154057196,60.0176922355584
2.480125154057196,60.00018608838106
2.480125154057196,60.02504251276984
2.480125154057196,59.40004504002234
2.480125154057196,61.26099621780733
2.480125154057196,58.84694392099972
2.480125154057196,59.74383747318114
2.480125154057196,60.123492267219405
2.480125154057196,60.273669097128526
2.480125154057196,59.56782629197644
2.480125154057196,60.18265752385392
2.480125154057196,60.08964471573056
2.480125154057196,60.286580260885124
2.480125154057196,60.00357688274424
2.480125154057196,60.18543511739391
2.480125154057196,60.00732393987435
2.480125154057196,60.888198326296724
2.480125154057196,73.02734500067716
2.480125154057196,59.293430221308355
2.480125154057196,59.931475236974876
2.480125154057196,60.15423832964019
2.480125154057196,61.05222149087068
2.480125154057196,60.07762009651421
2.480125154057196,59.95816808154017
2.480125154057196,59.936906231933335
2.480125154057196,60.042624079382165
2.480125154057196,67.63989803120255
2.480125154057196,60.10053566224403
2.480125154057196,58.25877572009091
2.480125154057196,59.99660772853771
2.480125154057196,59.00893169500319
2.480125154057196,105.65190602178328
2.480125154057196,60.393621340398525
2.480125154057196,60.42323225390391
2.480125154057196,60.20231484367085
2.480125154057196,60.79628635052282
2.480125154057196,60.09309609955267
2.480125154057196,60.029384100271315
2.480125154057196,58.73494020187282
2.480125154057196,58.31864324770997
2.480125154057196,60.00241353245742
2.480125154057196,59.80064700253225
2.480125154057196,59.01584248291962
2.480125154057196,59.71609893068952
2.480125154057196,59.9576982304194
2.480125154057196,65.9246909026066
2.480125154057196,59.91568388100943
2.480125154057196,59.95351060707473
2.480125154057196,60.28275471687504
2.480125154057196,58.24178706411891
2.480125154057196,58.56634491961346
2.480125154057196,60.037839944935065
2.480125154057196,60.323122599960286
2.480125154057196,60.13647094334393
2.480125154057196,60.11146443123265
2.480125154057196,60.043714764883525
2.480125154057196,60.02003891603445
2.480125154057196,59.52725439963668
2.480125154057196,59.98512723402328
2.480125154057196,60.15043967478939
2.480125154057196,60.03737658084843
2.480125154057196,60.03557286401099
2.480125154057196,59.25884392373238
2.480125154057196,57.488315892844355
2.480125154057196,67.98368911206349
2.480125154057196,59.224377851168924
2.480125154057196,60.53368606053557
2.480125154057196,59.945466512968316
2.480125154057196,59.856719235477165
2.480125154057196,59.943315173722745
2.480125154057196,59.93483999740607
2.480125154057196,59.99243046924972
2.480125154057196,57.619275905041334
2.480125154057196,59.53764139006422
2.480125154057196,59.952845871042705
2.480125154057196,59.31656311605419
2.480125154057196,57.66497920054869
2.480125154057196,58.80351033544449
2.480125154057196,59.99599959379477
2.480125154057196,59.79573794751911
2.480125154057196,61.19994467177645
2.480125154057196,60.01609949333314
2.480125154057196,60.16084859296943
2.480125154057196,60.87765556579884
2.480125154057196,59.95257147136663
2.480125154057196,59.38210606850281
2.480125154057196,60.04646822614883
2.480125154057196,58.948803421996466
2.480125154057196,65.66052521423097
2.480125154057196,60.03596729715668
2.480125154057196,58.60197969328955
2.480125154057196,58.471973758740596
2.480125154057196,66.32432431014973
2.480125154057196,60.05565477438894
2.480125154057196,60.2804551068758
2.480125154057196,59.93491777661648
2.480125154057196,59.3759761187009
2.480125154057196,61.665628227600465
2.480125154057196,60.21971517669724
2.480125154057196,59.84950457186329
2.480125154057196,59.997779913337794
2.480125154057196,68.35466928068594
2.480125154057196,60.08921555050582
2.480125154057196,60.00863660660897
2.480125154057196,66.29803537450188
2.480125154057196,71.87893885553363
2.480125154057196,68.53013183075376
2.480125154057196,59.95654784293931
2.480125154057196,59.14426405074273
2.480125154057196,59.7795437656122
2.480125154057196,59.76132185263318
2.480125154057196,59.703994577723556
2.480125154057196,59.98478176506274
2.480125154057196,60.0512251949489
2.480125154057196,59.967723576372926
2.480125154057196,60.102296500110626
2.480125154057196,59.71321812453615
2.480125154057196,58.836152890231965
2.480125154057196,64.58689222627302
2.480125154057196,59.99051965473415
2.480125154057196,59.54641749530189
2.480125154057196,59.55993905365494
2.480125154057196,61.6106144958073
2.480125154057196,60.09546899936397
2.480125154057196,60.05243357275886
2.480125154057196,60.12115430422506
2.480125154057196,60.26706113055493
2.480125154057196,59.554703466869476
2.480125154057196,60.109732316891915
2.480125154057196,60.13258621170963
2.480125154057196,60.035383922024515
2.480125154057196,69.85570553449273
2.480125154057196,64.77907822786601
2.480125154057196,59.99387408902074
2.480125154057196,60.101754462452
2.480125154057196,67.62743640163181
2.480125154057196,59.19392492790273
2.480125154057196,60.15351893149323
2.480125154057196,59.93066327194416
2.480125154057196,59.98047873227632
2.480125154057196,60.062026572451366
2.480125154057196,60.3305353722967
2.480125154057196,60.97516520344967
2.480125154057196,60.85220711805404
2.480125154057196,60.24052948814216
2.480125154057196,59.99628116874266
2.480125154057196,59.97019132480753
2.480125154057196,60.178192524313
2.480125154057196,58.936706877470556
2.480125154057196,60.087648189608245
2.480125154057196,59.86783923292671
2.480125154057196,59.617149975642775
2.480125154057196,60.34007546989482
2.480125154057196,60.01347189332626
2.480125154057196,60.11024487643816
2.480125154057196,59.98291208831695
2.480125154057196,60.072077510907356
2.480125154057196,60.12501981687297
2.480125154057196,59.94918348735264
2.480125154057196,59.93578323688675
2.480125154057196,59.343961006507314
2.480125154057196,60.25891362690046
2.480125154057196,58.948861559181346
2.480125154057196,64.25810052315958
2.480125154057196,60.085681431395344
2.480125154057196,58.873795159957886
2.480125154057196,64.580380168548
2.480125154057196,59.440542763453415
2.480125154057196,59.99653743271547
2.480125154057196,60.01478444068288
2.480125154057196,60.87089437718031
2.480125154057196,60.667674326854886
2.480125154057196,59.838768371999976
2.480125154057196,59.868684872163044
2.480125154057196,59.77042402048948
2.480125154057196,59.93077412187096
2.480125154057196,61.91241662312571
2.480125154057196,61.08061174707105
2.480125154057196,60.90998431172552
2.480125154057196,59.95705146408077
2.480125154057196,59.990683234390765
2.480125154057196,58.24348565260823
2.480125154057196,59.66848169313611
2.480125154057196,60.45418146472563
2.480125154057196,65.16734955302616
2.480125154057196,60.006231319206144
2.480125154057196,59.98523541299999
2.480125154057196,60.01166389417791
2.480125154057196,60.00860312530871
2.480125154057196,60.21411964326706
2.480125154057196,60.09797719436112
2.480125154057196,60.11182479527418
2.480125154057196,60.06961484893691
2.480125154057196,59.99489303045075
2.480125154057196,60.08162827024042
2.480125154057196,59.9377400234734
2.480125154057196,59.068448773453355
2.480125154057196,60.00952607210496
2.480125154057196,58.97215794217608
2.480125154057196,63.8262164966167
2.480125154057196,59.9680109299884
2.480125154057196,60.91083125810414
2.480125154057196,59.73052188526443
2.480125154057196,60.12784592157191
2.480125154057196,61.73226893772707
2.480125154057196,59.914025629125376
2.480125154057196,61.10128886461702
2.480125154057196,59.951597996390454
2.480125154057196,59.996086658325154
2.480125154057196,60.046126110561254
2.480125154057196,59.828055004258026
2.480125154057196,60.01645351827153
2.480125154057196,60.41782310901239
2.480125154057196,60.22688781060118
2.480125154057196,63.20505399350126
2.480125154057196,60.26627677439833
2.480125154057196,58.753467893944745
2.480125154057196,59.034335948121964
2.480125154057196,59.93916521333783
2.480125154057196,58.95911162250995
2.480125154057196,59.99931985949486
2.480125154057196,60.12456396849202
2.480125154057196,60.21627065751722
2.480125154057196,59.82313222515961
2.480125154057196,60.76448308035773
2.480125154057196,59.65041625872642
2.480125154057196,60.28195677270962
2.480125154057196,60.037411510612564
2.480125154057196,60.193891381746916
2.480125154057196,60.2550703540676
2.480125154057196,59.979397834850516
2.480125154057196,60.032746637820125
2.480125154057196,59.4681838433016
2.480125154057196,59.073538789892595
2.480125154057196,63.046700925560145
2.480125154057196,59.38942466978601
2.480125154057196,65.59501152249986
2.480125154057196,60.36697238337078
2.480125154057196,59.99868688660075
2.480125154057196,59.959560458371
2.480125154057196,60.840794767966074
2.480125154057196,59.94059502745619
2.480125154057196,60.251142366022805
2.480125154057196,60.05622580690476
2.480125154057196,59.804254730168495
2.480125154057196,60.096737773229584
2.480125154057196,59.91720767951526
2.480125154057196,60.06088358378869
2.480125154057196,65.10382742696866
2.480125154057196,59.85035753920766
2.480125154057196,60.543214682643224
2.480125154057196,59.7026361138699
2.480125154057196,59.98935314547976
2.480125154057196,60.06473163902703
2.480125154057196,60.04174044564662
2.480125154057196,59.881446381346926
2.480125154057196,59.986081961075
2.480125154057196,59.7870673957291
2.480125154057196,59.82463339160107
2.480125154057196,60.13213337963415
2.480125154057196,59.96247255791999
2.480125154057196,60.09057249229211
2.480125154057196,58.80970608753024
2.480125154057196,60.12061912976258
2.480125154057196,59.76431914921312
2.480125154057196,58.800765806587556
2.480125154057196,59.3837105592683
2.480125154057196,60.186723332163695
2.480125154057196,60.063568875022
2.480125154057196,59.982858050451114
2.480125154057196,60.0653212468919
2.480125154057196,60.03998939917913
2.480125154057196,60.858764162383096
2.480125154057196,59.74936953486216
2.480125154057196,60.77019173774987
2.480125154057196,59.92306571228211
2.480125154057196,59.96624400516916
2.480125154057196,60.101957299717455
2.480125154057196,59.736485352263884
2.480125154057196,60.11077590288531
2.480125154057196,59.84630083072497
2.480125154057196,64.04140886319335
2.480125154057196,59.97896275973531
2.480125154057196,63.17071064765593
2.480125154057196,59.593445444916476
2.480125154057196,59.9973315974565
2.480125154057196,59.98021167263518
2.480125154057196,60.00934423087672
2.480125154057196,60.90283903317928
2.480125154057196,60.70100165693929
2.480125154057196,60.00410764625752
2.480125154057196,60.008172906087246
2.480125154057196,59.720545910203235
2.480125154057196,59.966480448787195
2.480125154057196,60.672623895220624
2.480125154057196,60.12209023653789
2.480125154057196,60.01360004668956
2.480125154057196,59.95712437209985
2.480125154057196,58.71718539733518
2.480125154057196,60.201101462574506
2.480125154057196,59.56937859828377
2.480125154057196,59.93684593732628
2.480125154057196,60.165135593013204
2.480125154057196,60.13471392186205
2.480125154057196,60.00850306714646
2.480125154057196,60.93571034539411
2.480125154057196,59.948251864154614
2.480125154057196,59.98361034078232
2.480125154057196,60.05858859013704
2.480125154057196,62.99735509658441
2.480125154057196,62.63227577275358
2.480125154057196,60.19778894433612
2.480125154057196,60.22468585007891
2.480125154057196,60.12597400020809
2.480125154057196,60.089992866757335
2.480125154057196,59.10622630015242
2.480125154057196,59.990976848995196
2.480125154057196,59.97850491990446
2.480125154057196,60.03286673616578
2.480125154057196,59.950580005985685
2.480125154057196,60.00709558370097
2.480125154057196,59.85036174389787
2.480125154057196,59.99790850472114
2.480125154057196,60.172455779315555
2.480125154057196,60.89519428854831
2.480125154057196,60.19193376062392
2.480125154057196,60.15829161884544
2.480125154057196,60.94813770645182
2.480125154057196,59.81601866963006
2.480125154057196,59.819805728176206
2.480125154057196,60.0171920231881
2.480125154057196,60.020396237021465
2.480125154057196,63.41717519329837
2.480125154057196,59.97355554363193
2.480125154057196,59.937864106413365
2.480125154057196,65.41219588094411
2.480125154057196,59.961446503835354
2.480125154057196,59.971283526806666
2.480125154057196,59.998725081508354
2.480125154057196,59.87898449683691
2.480125154057196,60.083135429710296
2.480125154057196,59.905326900276634
2.480125154057196,60.017600406251525
2.480125154057196,59.99358530316738
2.480125154057196,60.11165135699694
2.480125154057196,59.84305626406207
2.480125154057196,59.99283369365727
2.480125154057196,59.357182073048286
2.480125154057196,59.737836456335636
2.480125154057196,60.35602911649063
2.480125154057196,59.261897939212545
2.480125154057196,59.93065838634357
2.480125154057196,59.99310020809395
2.480125154057196,59.99454845203026
2.480125154057196,60.01871981775798
2.480125154057196,60.822657380261546
2.480125154057196,60.10091373270303
2.480125154057196,59.740846266338984
2.480125154057196,59.898216636172
2.480125154057196,61.08936681179199
2.480125154057196,59.92370183385401
2.480125154057196,59.72012024063638
2.480125154057196,62.26640894199536
2.480125154057196,59.117411341858386
2.480125154057196,60.082370445505504
2.480125154057196,59.96036774460776
2.480125154057196,60.00742842636896
2.480125154057196,59.14079576174528
2.480125154057196,60.007036303666915
2.480125154057196,59.98918362041676
2.480125154057196,59.94279742383009
2.480125154057196,60.03720828547182
2.480125154057196,59.99113348663421
2.480125154057196,60.02296862597353
2.480125154057196,61.70361537964827
2.480125154057196,60.3113533156519
2.480125154057196,60.041903453875925
2.480125154057196,60.04816026713825
2.480125154057196,60.06314186898081
2.480125154057196,59.94081581579978
2.480125154057196,60.108458699605336
2.480125154057196,60.549539629603125
2.480125154057196,59.66596707861551
2.480125154057196,59.97501546561663
2.480125154057196,60.0461862087329
2.480125154057196,59.98305099784502
2.480125154057196,60.01745747215462
2.480125154057196,69.57553582145398
2.480125154057196,59.12450860933916
2.480125154057196,63.07945297578302
2.480125154057196,60.01179280344044
2.480125154057196,59.950042723877765
2.480125154057196,59.9483775916216
2.480125154057196,61.047518364920755
2.480125154057196,59.740649509667854
2.480125154057196,59.99481750459108
2.480125154057196,59.927526249564345
2.480125154057196,59.050293162959775
2.480125154057196,63.22342873664057
2.480125154057196,60.16879715752664
2.480125154057196,63.80770753095256
2.480125154057196,59.43397791523359
2.480125154057196,59.99929531741631
2.480125154057196,59.84841627170409
2.480125154057196,60.003193660194064
2.480125154057196,59.99057380627595
2.480125154057196,60.025002282875874
2.480125154057196,60.08073454345371
2.480125154057196,61.43847528832384
2.480125154057196,60.234602340514165
2.480125154057196,60.67830237043316
2.480125154057196,62.164099263575224
2.480125154057196,60.24376766381331
2.480125154057196,59.89711797334986
2.480125154057196,60.13620527996044
2.480125154057196,60.10119649786077
2.480125154057196,59.85048237247769
2.480125154057196,59.155665492020944
2.480125154057196,59.50386331677416
2.480125154057196,60.31939299049051
2.480125154057196,60.102279387667615
2.480125154057196,59.97846334545253
2.480125154057196,59.99435919304067
2.480125154057196,63.81692099380043
2.480125154057196,59.234847323906955
2.480125154057196,59.99223276981103
2.480125154057196,60.005080225464056
2.480125154057196,60.00690720738842
2.480125154057196,59.91279416666566
2.480125154057196,59.98618971772007
2.480125154057196,62.28886461459941
2.480125154057196,62.149274710505225
2.480125154057196,59.400633194846634
2.480125154057196,60.0214433556499
2.480125154057196,60.169237506194484
2.480125154057196,63.13604722165128
2.480125154057196,59.34134446711598
2.480125154057196,60.265198372545
2.480125154057196,60.08348277909915
2.480125154057196,59.98836863714695
2.480125154057196,59.64408721636785
2.480125154057196,58.80042622457809
2.480125154057196,60.00821874992061
2.480125154057196,60.27776711173707
2.480125154057196,60.09369042775772
2.480125154057196,59.78760716652711
2.480125154057196,59.21102505895041
2.480125154057196,59.69283770690317
2.480125154057196,59.963850976883215
2.480125154057196,60.010967409098036
2.480125154057196,61.65853049424794
2.480125154057196,59.5398487967136
2.480125154057196,60.162852062255794
2.480125154057196,60.14983732307517
2.480125154057196,64.12978139020855
2.480125154057196,60.012801875845504
2.480125154057196,60.00348401345848
2.480125154057196,59.998841116187094
2.480125154057196,59.86673516446126
2.480125154057196,59.63608139871573
2.480125154057196,59.825645356772775
2.480125154057196,61.8284872214982
2.480125154057196,61.948518701312906
2.480125154057196,59.97276634569889
2.480125154057196,60.45572488819782
2.480125154057196,62.0443966803583
2.480125154057196,63.558443857995215
2.480125154057196,60.048397808643934
2.480125154057196,59.990834681588815
2.480125154057196,59.311460489848734
2.480125154057196,63.63085611440488
2.480125154057196,59.60163797460334
2.480125154057196,63.57005199833484
2.480125154057196,60.31534599869826
2.480125154057196,58.92217700876861
2.480125154057196,62.94333213203337
2.480125154057196,60.083011190486545
2.480125154057196,60.02013834109825
2.480125154057196,59.99662853976907
2.480125154057196,59.99061636353167
2.480125154057196,62.881690308325396
2.480125154057196,59.99509801398976
2.480125154057196,60.114708500548865
2.480125154057196,60.0158290280304
2.480125154057196,59.98370908063738
2.480125154057196,61.9407863048872
2.480125154057196,60.22821132268563
2.480125154057196,59.96640095171347
2.480125154057196,60.01116698998775
2.480125154057196,59.81994092397714
2.480125154057196,60.40447399292159
2.480125154057196,59.85753813101988
2.480125154057196,58.67680757792878
2.480125154057196,60.024989341801636
2.480125154057196,60.00133957021301
2.480125154057196,59.92369616325118
2.480125154057196,59.99496377660507
2.480125154057196,60.058908577441095
2.480125154057196,60.07896319560664
2.480125154057196,61.83009449872522
2.480125154057196,59.22985433153034
2.480125154057196,59.775796221992366
2.480125154057196,60.00919504621574
2.480125154057196,60.00066887740726
2.480125154057196,59.308611280541655
2.480125154057196,59.90732904054494
2.480125154057196,58.189422518391765
2.480125154057196,60.66322150097533
2.480125154057196,59.57055091993831
2.480125154057196,59.213360565901944
2.480125154057196,59.99213837647003
2.480125154057196,59.99357204794125
2.480125154057196,60.024441495233866
2.480125154057196,59.626181222887055
2.480125154057196,59.950340408298814
2.480125154057196,59.741896783208496
2.480125154057196,60.014465630676824
2.480125154057196,60.33848731210321
2.480125154057196,60.37857987784423
2.480125154057196,62.25211987161495
2.480125154057196,59.66380733652945
2.480125154057196,60.01337752700675
2.480125154057196,60.49995564517686
2.480125154057196,60.00462255275758
2.480125154057196,60.45540164773902
2.480125154057196,59.53449357374468
2.480125154057196,64.58550513390614
2.480125154057196,63.0767711011382
2.480125154057196,60.027401548998974
2.480125154057196,59.98900392200667
2.480125154057196,59.74463760844194
2.480125154057196,59.582045085785396
2.480125154057196,59.9706927959028
2.480125154057196,60.11826248828203
2.480125154057196,59.751723253793976
2.480125154057196,63.741403829920664
2.480125154057196,60.00985942812317
2.480125154057196,60.010282601178325
2.480125154057196,59.48157978423543
2.480125154057196,63.48760532047584
2.480125154057196,59.53332844430427
2.480125154057196,59.43109520894901
2.480125154057196,60.00788255978886
2.480125154057196,62.227386729023586
2.480125154057196,60.02800850315403
2.480125154057196,60.01123947762342
2.480125154057196,60.0086345055166
2.480125154057196,59.05958412152221
2.480125154057196,60.0198004043127
2.480125154057196,59.95587611010381
2.480125154057196,59.39199195954903
2.480125154057196,61.80379442314837
2.480125154057196,59.88442700937665
2.480125154057196,59.819327939596164
2.480125154057196,62.01958589554178
2.480125154057196,59.99997308720261
2.480125154057196,59.31505082327989
2.480125154057196,60.59015202761814
2.480125154057196,67.68214184554446
2.480125154057196,59.644818171498585
2.480125154057196,59.99418947422644
2.480125154057196,63.51017312116578
2.480125154057196,59.694846912026826
2.480125154057196,59.99749809918916
2.480125154057196,59.9531362336129
2.480125154057196,60.03024547246372
2.480125154057196,60.06790793109242
2.480125154057196,59.71270074962572
2.480125154057196,60.2441300143385
2.480125154057196,60.009696485866115
2.480125154057196,60.00325783875631
2.480125154057196,59.70749855190892
2.480125154057196,60.26720682549933
2.480125154057196,60.10804989039295
2.480125154057196,62.09292900049858
2.480125154057196,62.04929658285482
2.480125154057196,60.996035352908365
2.480125154057196,60.00926519744523
2.480125154057196,59.33956851611621
2.480125154057196,59.60450891500124
2.480125154057196,59.25423862325711
2.480125154057196,59.82733929093893
2.480125154057196,59.136317153366846
2.480125154057196,60.08895492105183
2.480125154057196,59.607732842423175
2.480125154057196,60.00022508741645
2.480125154057196,60.00226551271526
2.480125154057196,60.20974433641286
2.480125154057196,60.01392944870767
2.480125154057196,60.00222322761711
2.480125154057196,60.02558841127906
2.480125154057196,60.056752883959085
2.480125154057196,59.94684755928848
2.480125154057196,59.22668207944632
2.480125154057196,60.07107629907973
2.480125154057196,58.94702393146888
2.480125154057196,58.682905077062614
2.480125154057196,59.32436365801738
2.480125154057196,64.42571270345682
2.480125154057196,59.5190609755504
2.480125154057196,60.09169843225233
2.480125154057196,60.09576841675596
2.480125154057196,60.258448348521945
2.480125154057196,60.00326499910811
2.480125154057196,59.999084993488154
2.480125154057196,60.2556277339957
2.480125154057196,61.85350996729772
2.480125154057196,60.29839172490427
2.480125154057196,60.244645539657974
2.480125154057196,61.91310401716986
2.480125154057196,59.75170583463664
2.480125154057196,59.74091005406001
2.480125154057196,59.2558253404893
2.480125154057196,68.77070348996136
2.480125154057196,63.619741743637356
2.480125154057196,68.41802086019044
2.480125154057196,64.71824867998482
2.480125154057196,59.01552455785928
2.480125154057196,60.261808965192934
2.480125154057196,63.53245094246844
2.480125154057196,60.03783829375947
2.480125154057196,59.52579949258728
2.480125154057196,59.99974349899534
2.480125154057196,59.995646393028764
2.480125154057196,60.000731623283784
2.480125154057196,60.03889211129494
2.480125154057196,60.04067085349221
2.480125154057196,59.51962477303308
2.480125154057196,59.37875962182584
2.480125154057196,59.68908568699661
2.480125154057196,59.179048344340856
2.480125154057196,59.947547885345195
2.480125154057196,62.33553825728107
2.480125154057196,59.2549692067315
2.480125154057196,58.86416396005472
2.480125154057196,60.08199433495501
2.480125154057196,60.14659926045399
2.480125154057196,60.33558692319256
2.480125154057196,60.00626642738126
2.480125154057196,59.99749230032773
2.480125154057196,60.317984470652874
2.480125154057196,61.91491611149651
2.480125154057196,60.07443637506358
2.480125154057196,60.45671281336896
2.480125154057196,59.64349359543213
2.480125154057196,59.924018549720415
2.480125154057196,60.0067060949735
2.480125154057196,59.996663818195444
2.480125154057196,60.159839961066794
2.480125154057196,59.73919731781539
2.480125154057196,60.40438322623869
2.480125154057196,60.01297837217611
2.480125154057196,59.989883273236096
2.480125154057196,59.99641160066
2.480125154057196,60.04041189209775
2.480125154057196,60.33350892293463
2.480125154057196,63.23376790250293
2.480125154057196,59.34352691812644
2.480125154057196,62.0765883473292
2.480125154057196,60.0910608365492
2.480125154057196,59.527591008910576
2.480125154057196,61.834622019710174
2.480125154057196,60.1253479754151
2.480125154057196,59.608646208578925
2.480125154057196,62.969972694437985
2.480125154057196,67.20494025393447
2.480125154057196,60.48498377418503
2.480125154057196,59.86817355914682
2.480125154057196,58.18703583281308
2.480125154057196,59.87346350591467
2.480125154057196,59.832855893573935
2.480125154057196,59.927995169081306
2.480125154057196,59.939806628319545
2.480125154057196,59.989634929108085
2.480125154057196,59.45323775225517
2.480125154057196,60.449731619236466
2.480125154057196,60.36341180665584
2.480125154057196,59.72204279333455
2.480125154057196,61.98506213471259
2.480125154057196,59.87991102703568
2.480125154057196,60.048189329203566
2.480125154057196,60.32547521156093
2.480125154057196,59.971142264884556
2.480125154057196,59.88983566807773
2.480125154057196,59.67334018417063
2.480125154057196,59.02434536631827
2.480125154057196,59.61512377069843
2.480125154057196,60.02018667889998
2.480125154057196,59.99687062867435
2.480125154057196,60.0684495521371
2.480125154057196,59.995275985500655
2.480125154057196,59.66335684506118
2.480125154057196,60.056040147591325
2.480125154057196,59.42519287215411
2.480125154057196,59.95739059814488
2.480125154057196,60.20785415669371
2.480125154057196,59.72903465325931
2.480125154057196,59.49773777974558
2.480125154057196,66.72539585393629
2.480125154057196,59.59105621693875
2.480125154057196,65.9252837661291
2.480125154057196,59.867941606478986
2.480125154057196,59.99753525133769
2.480125154057196,60.01196262671671
2.480125154057196,59.996187848206624
2.480125154057196,59.701583512459024
2.480125154057196,60.035961899494126
2.480125154057196,61.6363227974848
2.480125154057196,62.14246866724579
2.480125154057196,60.37810189701228
2.480125154057196,59.54244132150897
2.480125154057196,62.96868384598812
2.480125154057196,60.05588274529269
2.480125154057196,59.973786300925255
2.480125154057196,60.08479356692298
2.480125154057196,59.947875580101034
2.480125154057196,59.7098951084064
2.480125154057196,60.03595297280006
2.480125154057196,59.53030118531244
2.480125154057196,59.97881354252422
2.480125154057196,60.10373130279848
2.480125154057196,63.634913751396425
2.480125154057196,59.431318185972366
2.480125154057196,63.085735747147375
2.480125154057196,59.922790374625066
2.480125154057196,59.95877032721304
2.480125154057196,59.63199535035243
2.480125154057196,62.56294307240289
2.480125154057196,59.98092015839996
2.480125154057196,59.97370307892438
2.480125154057196,59.93857677154668
2.480125154057196,60.12552271786409
2.480125154057196,59.592974832016985
2.480125154057196,59.88061430479301
2.480125154057196,60.314602540648636
2.480125154057196,62.01978017767528
2.480125154057196,62.516002847636514
2.480125154057196,59.53757261418917
2.480125154057196,59.995000091265
2.480125154057196,59.7521154049082
2.480125154057196,60.01055045345347
2.480125154057196,60.00425296166609
2.480125154057196,60.31493372698021
2.480125154057196,59.81912080426011
2.480125154057196,61.77582664233304
2.480125154057196,59.78870130068026
2.480125154057196,62.46140352779833
2.480125154057196,59.98842836045956
2.480125154057196,65.27227244408485
2.480125154057196,59.053275547098465
2.480125154057196,59.95184510121037
2.480125154057196,58.8685286693593
2.480125154057196,63.451545422169204
2.480125154057196,60.17243687212483
2.480125154057196,59.997328196824554
2.480125154057196,59.99915319187921
2.480125154057196,60.13551570946056
2.480125154057196,59.89121501854382
2.480125154057196,59.89586995984284
2.480125154057196,59.35604015346914
2.480125154057196,59.980693604859795
2.480125154057196,60.026032371319786
2.480125154057196,59.6641614412404
2.480125154057196,59.930750095141256
2.480125154057196,61.934483415482404
2.480125154057196,60.0887611246361
2.480125154057196,60.15453159226661
2.480125154057196,59.65800160363964
2.480125154057196,59.974887617745416
2.480125154057196,59.995557268159175
2.480125154057196,60.10555773215806
2.480125154057196,59.61125608716417
2.480125154057196,59.995839493789795
2.480125154057196,60.384304620346036
2.480125154057196,59.95387763160478
2.480125154057196,58.31526132921985
2.480125154057196,69.9115420395697
2.480125154057196,59.92984529015722
2.480125154057196,60.00087135574656
2.480125154057196,59.99884171046386
2.480125154057196,59.78049155633062
2.480125154057196,62.212116422730844
2.480125154057196,60.200294424846255
2.480125154057196,61.94247178694236
2.480125154057196,59.620827221342985
2.480125154057196,59.43314115652698
2.480125154057196,60.34661229832525
2.480125154057196,60.22329038174502
2.480125154057196,61.89975508905636
2.480125154057196,60.00919780877081
2.480125154057196,60.394100078911464
2.480125154057196,59.376726283398
2.480125154057196,59.98383596059197
2.480125154057196,60.85536800557427
2.480125154057196,59.89491172533079
2.480125154057196,59.715459762436375
2.480125154057196,59.93696278857948
2.480125154057196,60.16916592781623
2.480125154057196,61.68661826605703
2.480125154057196,60.93987694076554
2.480125154057196,59.274769083228826
2.480125154057196,59.83597175714061
2.480125154057196,59.98541955126943
2.480125154057196,58.98661243781925
2.480125154057196,65.41302683868882
2.480125154057196,60.37192895538493
2.480125154057196,59.95940258674025
2.480125154057196,60.085545222532005
2.480125154057196,60.604092100937535
2.480125154057196,65.07005683845863
2.480125154057196,60.00225633576417
2.480125154057196,60.00137721874505
2.480125154057196,59.96603953177649
2.480125154057196,60.1590664005818
2.480125154057196,60.175288049116965
2.480125154057196,59.80825425667214
2.480125154057196,59.74227005557282
2.480125154057196,60.12186140245236
2.480125154057196,59.72310872092554
2.480125154057196,60.04018598152078
2.480125154057196,60.30543403074595
2.480125154057196,60.06022615571136
2.480125154057196,59.11016475231752
2.480125154057196,60.001565877760505
2.480125154057196,60.12805025685817
2.480125154057196,63.91034889643192
2.480125154057196,58.360113822626055
2.480125154057196,59.97755336552718
2.480125154057196,59.396787493892305
2.480125154057196,63.89605788857148
2.480125154057196,60.04022269976421
2.480125154057196,59.841035648901666
2.480125154057196,59.90811830199972
2.480125154057196,60.04096414679066
2.480125154057196,59.93065871533591
2.480125154057196,59.98927885924595
2.480125154057196,59.68625385332765
2.480125154057196,61.877635187622616
2.480125154057196,59.94341344333517
2.480125154057196,59.98645271095549
2.480125154057196,60.29665733012075
2.480125154057196,60.01464321664838
2.480125154057196,62.37709597541935
2.480125154057196,59.836363013822265
2.480125154057196,59.82745075957557
2.480125154057196,59.83517662687924
2.480125154057196,60.01770381973792
2.480125154057196,59.99735003910744
2.480125154057196,59.997682325975155
2.480125154057196,64.14813001248321
2.480125154057196,59.577265707433696
2.480125154057196,59.84441815080223
2.480125154057196,59.26726185966185
2.480125154057196,59.9946168431679
2.480125154057196,60.00449456083672
2.480125154057196,60.23289745995531
2.480125154057196,59.422756974588026
2.480125154057196,62.38160376435277
2.480125154057196,59.98740195210497
2.480125154057196,60.58916727630473
2.480125154057196,62.31321604913852
2.480125154057196,59.812390417515445
2.480125154057196,62.99085931041702
2.480125154057196,60.39819185667824
2.480125154057196,58.540401898502445
2.480125154057196,60.01418205529782
2.480125154057196,60.00147682704735
2.480125154057196,59.95438413982657
2.480125154057196,60.01783912895898
2.480125154057196,60.00592961959342
2.480125154057196,60.22112166103353
2.480125154057196,60.05445671134357
2.480125154057196,60.025389373439
2.480125154057196,60.18521290027797
2.480125154057196,60.62094799437179
2.480125154057196,60.01873248392179
2.480125154057196,59.964236950594476
2.480125154057196,67.22409539234384
2.480125154057196,59.458724545182974
2.480125154057196,60.002957803111606
2.480125154057196,59.99791403826973
2.480125154057196,63.43434297436179
2.480125154057196,59.923463255978
2.480125154057196,60.095556644437295
2.480125154057196,59.66388153772963
2.480125154057196,58.88589575576487
2.480125154057196,70.09132785876511
2.480125154057196,59.975742196112186
2.480125154057196,60.04261786793385
2.480125154057196,59.77434341596278
2.480125154057196,61.70025087820581
2.480125154057196,61.41767664287684
2.480125154057196,60.00557948756749
2.480125154057196,59.928778980150014
2.480125154057196,61.698542975058345
2.480125154057196,60.21845893000676
2.480125154057196,59.74154201052276
2.480125154057196,59.95682388776664
2.480125154057196,59.039104976155535
2.480125154057196,60.05721638735797
2.480125154057196,60.00318706845932
2.480125154057196,59.61048336460966
2.480125154057196,64.79365117805399
2.480125154057196,60.02142101056728
2.480125154057196,59.96655309075129
2.480125154057196,60.02078232364996
2.480125154057196,60.02847986321161
2.480125154057196,59.96740590239603
2.480125154057196,60.13311181503775
2.480125154057196,60.07027615947194
2.480125154057196,59.46238546508451
2.480125154057196,60.324138153948816
2.480125154057196,60.18767986528491
2.480125154057196,60.183966833689155
2.480125154057196,60.12083530949904
2.480125154057196,60.1326420610189
2.480125154057196,59.400792763635934
2.480125154057196,59.05466014422157
2.480125154057196,58.99220495052939
2.480125154057196,65.58033953419027
2.480125154057196,60.19981170916788
2.480125154057196,61.65256659514535
2.480125154057196,63.56908018180989
2.480125154057196,59.99346499483979
2.480125154057196,60.00646815026306
2.480125154057196,60.018497377500026
2.480125154057196,59.878190174814705
2.480125154057196,59.75384619812637
2.480125154057196,59.520127446017256
2.480125154057196,60.05220300165199
2.480125154057196,60.00265487300751
2.480125154057196,60.06441184117422
2.480125154057196,59.65993846623265
2.480125154057196,60.08251087243818
2.480125154057196,59.82179697469868
2.480125154057196,63.391959721919655
2.480125154057196,60.050910216868715
2.480125154057196,60.39423056610344
2.480125154057196,59.0647448956656
2.480125154057196,59.972430906329365
2.480125154057196,60.13765524128988
2.480125154057196,60.001975755496005
2.480125154057196,60.00932521691099
2.480125154057196,59.813439300939244
2.480125154057196,60.239122813964755
2.480125154057196,59.40192372111917
2.480125154057196,59.792671513373016
2.480125154057196,60.07013779116879
2.480125154057196,60.02431111123732
2.480125154057196,60.38830888335357
2.480125154057196,62.947424484941564
2.480125154057196,59.918740926641334
2.480125154057196,59.43160091636781
2.480125154057196,61.820330947751884
2.480125154057196,60.09663770012899
2.480125154057196,59.42914762386791
2.480125154057196,59.986071458603625
2.480125154057196,59.9336202660025
2.480125154057196,59.979150778652475
2.480125154057196,60.008436508603076
2.480125154057196,60.01856152166993
2.480125154057196,60.00808250358687
2.480125154057196,59.88126183310005
2.480125154057196,60.19976613183966
2.480125154057196,59.20348084543484
2.480125154057196,59.9539686057784
2.480125154057196,59.58545293833189
2.480125154057196,60.02267048117616
2.480125154057196,60.124910994783185
2.480125154057196,59.906317338756395
2.480125154057196,60.08200508379984
2.480125154057196,59.946295621346934
2.480125154057196,60.32399253434402
2.480125154057196,59.974118006882875
2.480125154057196,61.871397826307316
2.480125154057196,58.44571258028408
2.480125154057196,60.01284358019177
2.480125154057196,61.93508924284889
2.480125154057196,60.07035165783438
2.480125154057196,59.74756888296896
2.480125154057196,60.20795443056822
2.480125154057196,60.02927977641066
2.480125154057196,60.02557432288836
2.480125154057196,60.127335576162636
2.480125154057196,59.91877179635168
2.480125154057196,59.94882423809185
2.480125154057196,59.928856672258256
2.480125154057196,67.86231726007172
2.480125154057196,61.67889063247324
2.480125154057196,60.01031157875511
2.480125154057196,60.00896840693282
2.480125154057196,59.995136252539226
2.480125154057196,59.8046868516977
2.480125154057196,60.15251485359414
2.480125154057196,60.01463481383645
2.480125154057196,61.71752915917691
2.480125154057196,59.4857729115332
2.480125154057196,62.04795896211361
2.480125154057196,60.007057076669675
2.480125154057196,60.02719336027606
2.480125154057196,60.11421502320378
2.480125154057196,59.80171018459646
2.480125154057196,59.96320112396296
2.480125154057196,62.733370854006296
2.480125154057196,59.977515006862276
2.480125154057196,60.00652966167802
2.480125154057196,60.016013848060496
2.480125154057196,60.010789880978386
2.480125154057196,62.47464062961717
2.480125154057196,60.16952778235824
2.480125154057196,60.09512550513567
2.480125154057196,60.0174071680262
2.480125154057196,59.98511517982507
2.480125154057196,59.99964213104189
2.480125154057196,60.39894514290071
2.480125154057196,60.29412579374134
2.480125154057196,60.227842796218745
2.480125154057196,59.99303276791382
2.480125154057196,60.51345336665516
2.480125154057196,59.77100242688804
2.480125154057196,60.38204380160502
2.480125154057196,59.991655332582496
2.480125154057196,59.96356462438506
2.480125154057196,60.016222629190594
2.480125154057196,59.99980464209348
2.480125154057196,59.97199807722397
2.480125154057196,60.03538598735437
2.480125154057196,59.995532807909015
2.480125154057196,59.71050409321528
2.480125154057196,59.29508510089429
2.480125154057196,62.02460029543556
2.480125154057196,59.552010607974594
2.480125154057196,59.94737915202532
2.480125154057196,61.88471870183259
2.480125154057196,59.924236957223336
2.480125154057196,60.09911978756275
2.480125154057196,59.97036472090242
2.480125154057196,59.99087141412791
2.480125154057196,60.01063863647485
2.480125154057196,59.96513396102037
2.480125154057196,61.808890179064896
2.480125154057196,60.00506652011534
2.480125154057196,59.73277089925351
2.480125154057196,60.350416475432525
2.480125154057196,59.74495703421291
2.480125154057196,59.8075908252076
2.480125154057196,59.98832067353562
2.480125154057196,60.03685963593293
2.480125154057196,59.77987766670998
2.480125154057196,59.52234075423306
2.480125154057196,60.01467506255647
2.480125154057196,59.91610273691698
2.480125154057196,60.225430076744814
2.480125154057196,59.901770920495935
2.480125154057196,59.9972572594808
2.480125154057196,59.987738709888134
2.480125154057196,60.06633867750815
2.480125154057196,60.10952394150371
2.480125154057196,59.634972028821664
2.480125154057196,60.02188599343095
2.480125154057196,59.99278909380384
2.480125154057196,59.992102523066606
2.480125154057196,60.013633523688995
2.480125154057196,60.00617736023285
2.480125154057196,59.88062922568898
2.480125154057196,59.951106086267735
2.480125154057196,60.04840035412082
2.480125154057196,59.99238582032413
2.480125154057196,60.00155512578018
2.480125154057196,59.99050744717418
2.480125154057196,60.013609000995714
2.480125154057196,59.94362766518294
2.480125154057196,59.975261164939845
2.480125154057196,60.03011353662632
2.480125154057196,60.012020852602916
2.480125154057196,60.016546310662946
2.480125154057196,60.0302231377384
2.480125154057196,60.025967045935076
2.480125154057196,60.008500866945255
2.480125154057196,59.99867466012975
2.480125154057196,60.01675112208332
2.480125154057196,60.000869816036015
2.480125154057196,60.01657160972544
2.480125154057196,60.0069551851694
2.480125154057196,60.010034457053436
2.480125154057196,60.01547419170222
2.480125154057196,60.00671448604694
2.480125154057196,60.008654963959934
2.480125154057196,60.00159000905338
2.480125154057196,60.0000673804517
2.480125154057196,59.9996075316999
2.480125154057196,60.00031987306211
2.480125154057196,60.00102298857807
2.480125154057196,59.99442780898724
2.480125154057196,59.99975960578677
2.480125154057196,60.0007948439246
2.480125154057196,59.99867096941271
2.480125154057196,64.8839211900256
2.480125154057196,59.84195491318296
2.480125154057196,59.466345294620155
2.480125154057196,59.73640725190917
2.480125154057196,60.01046265362836
2.480125154057196,59.99108244810102
2.480125154057196,59.999069497043884
2.480125154057196,60.00284149352591
2.480125154057196,60.00643305211529
2.480125154057196,59.144903233933235
2.480125154057196,59.08393836417263
2.480125154057196,59.98857093191119
2.480125154057196,59.94329088909606
2.480125154057196,60.06312781415697
2.480125154057196,60.03095217885109
2.480125154057196,60.00126480843342
2.480125154057196,59.21597844677091
2.480125154057196,59.60012297660794
2.480125154057196,59.03425902617919
2.480125154057196,59.99803465957434
2.480125154057196,60.285597545614365
2.480125154057196,59.85624425053031
2.480125154057196,72.2949025557955
2.480125154057196,60.000666010382886
2.480125154057196,60.00175656321059
2.480125154057196,59.99527088577999
2.480125154057196,60.080956768864034
2.480125154057196,60.041389441442995
2.480125154057196,58.677568673887166
2.480125154057196,60.06618644323994
2.480125154057196,58.88786977084118
2.480125154057196,59.83439681301929
2.480125154057196,71.61727603836452
2.480125154057196,84.07680234024238
2.480125154057196,59.793501110656564
2.480125154057196,59.99762038370748
2.480125154057196,60.08237420987435
2.480125154057196,59.988000745207046
2.480125154057196,60.00169658507134
2.480125154057196,59.99971204437155
2.480125154057196,59.98514192420393
2.480125154057196,59.996355528631206
2.480125154057196,60.00029817012792
2.480125154057196,59.98445534924972
2.480125154057196,59.9901635073237
2.480125154057196,59.99186835870494
2.480125154057196,60.065924673581414
2.480125154057196,59.997485911509855
2.480125154057196,60.00434612046046
2.480125154057196,59.896106471537024
2.480125154057196,59.98985061397613
2.480125154057196,59.99676374841288
2.480125154057196,59.99834137416335
2.480125154057196,60.00119649364379
2.480125154057196,60.14333334827333
2.480125154057196,59.19704781589624
2.480125154057196,59.84476565235288
2.480125154057196,64.88302378894615
2.480125154057196,60.01802017974204
2.480125154057196,59.99668937421798
2.480125154057196,60.01263497721397
2.480125154057196,60.00903475126184
2.480125154057196,59.143280802845716
2.480125154057196,58.8338179736702
2.480125154057196,60.014091734078015
2.480125154057196,71.9635617445626
2.480125154057196,60.03587714418606
2.480125154057196,59.644926740150034
2.480125154057196,63.70135979070106
2.480125154057196,59.90878786703464
2.480125154057196,59.98628915277255
2.480125154057196,60.074123106495534
2.480125154057196,60.03806211793069
2.480125154057196,60.00206673663431
2.480125154057196,59.98777147525277
2.480125154057196,59.994795981203346
2.480125154057196,59.99758311579008
2.480125154057196,59.498461995944936
2.480125154057196,59.601608936646144
2.480125154057196,59.440718998016344
2.480125154057196,59.237712014021405
2.480125154057196,59.19681833765774
2.480125154057196,59.75386414329923
2.480125154057196,59.77528019131992
2.480125154057196,60.07152981981875
2.480125154057196,83.92199544103136
2.480125154057196,60.077162396753494
2.480125154057196,60.040339824126335
2.480125154057196,59.95232464933922
2.480125154057196,60.02346050275108
2.480125154057196,60.0258395645421
2.480125154057196,60.0898019288881
2.480125154057196,60.01766288096842
2.480125154057196,59.98705896879714
2.480125154057196,59.979982365636296
2.480125154057196,59.99724508152144
2.480125154057196,60.06768982467533
2.480125154057196,59.868143278321156
2.480125154057196,58.970959161824425
2.480125154057196,59.005739548222316
2.480125154057196,59.034931959310875
2.480125154057196,60.23267300609122
2.480125154057196,60.02418900442952
2.480125154057196,60.0553440893713
2.480125154057196,59.99568110901043
2.480125154057196,59.90111785946437
2.480125154057196,59.91395767912614
2.480125154057196,59.848966373130594
2.480125154057196,59.91914261133003
2.480125154057196,72.47485429531466
2.480125154057196,67.89718411486568
2.480125154057196,60.02953160959083
2.480125154057196,59.1942393528344
2.480125154057196,59.97617535198742
2.480125154057196,59.973604906959935
2.480125154057196,60.0200875238883
2.480125154057196,60.0141576890013
2.480125154057196,59.949440703083525
2.480125154057196,60.050852177935106
2.480125154057196,59.349803800366466
2.480125154057196,60.045093392946946
2.480125154057196,59.847559810865555
2.480125154057196,60.16913610591234
2.480125154057196,60.834796212956974
2.480125154057196,67.72214888759892
2.480125154057196,60.02829365176453
2.480125154057196,59.98199692186926
2.480125154057196,60.001870415656235
2.480125154057196,60.0127799416601
2.480125154057196,59.994092148432046
2.480125154057196,60.00018679786522
2.480125154057196,60.00387469098098
2.480125154057196,60.05310301347236
2.480125154057196,60.051906136219884
2.480125154057196,59.990486375073615
2.480125154057196,59.979005962003086
2.480125154057196,72.63398001133883
2.480125154057196,60.00340614405362
2.480125154057196,62.54735020823891
2.480125154057196,60.91678669051967
2.480125154057196,59.995939386536975
2.480125154057196,59.99060706888353
2.480125154057196,59.971236081863765
2.480125154057196,60.00437542049588
2.480125154057196,60.060372540341426
2.480125154057196,59.98475054411149
2.480125154057196,59.98818873959497
2.480125154057196,60.077314517554925
2.480125154057196,60.01203625663607
2.480125154057196,60.007670516479024
2.480125154057196,60.02557910401756
2.480125154057196,59.35194784585856
2.480125154057196,59.49049583617791
2.480125154057196,60.00881095609532
2.480125154057196,72.24148696539176
2.480125154057196,59.99288789662805
2.480125154057196,59.978716496709254
2.480125154057196,60.0553674630654
2.480125154057196,60.00792984384691
2.480125154057196,59.94779207828268
2.480125154057196,59.99373083599488
2.480125154057196,60.003835198145225
2.480125154057196,59.67896781950941
2.480125154057196,60.04087781076044
2.480125154057196,59.63361397439927
2.480125154057196,59.994508988219806
2.480125154057196,59.84794387475064
2.480125154057196,59.73426952604883
2.480125154057196,60.5681474097854
2.480125154057196,59.02844486035378
2.480125154057196,59.31766318086884
2.480125154057196,60.941970010542796
2.480125154057196,59.925811164884664
2.480125154057196,59.78060807253066
2.480125154057196,66.04106663631883
2.480125154057196,59.996928667427184
2.480125154057196,59.98351989601984
2.480125154057196,59.99897640876837
2.480125154057196,60.02896157028629
2.480125154057196,60.01077257074217
2.480125154057196,60.000277342420446
2.480125154057196,59.98860018591996
2.480125154057196,59.65980498003973
2.480125154057196,60.03561320878522
2.480125154057196,59.54030796696031
2.480125154057196,59.21515256525799
2.480125154057196,60.041713982560736
2.480125154057196,59.92649460082142
2.480125154057196,59.95170657595523
2.480125154057196,59.1761780142224
2.480125154057196,73.27256573270427
2.480125154057196,59.854152970601255
2.480125154057196,59.890103564777085
2.480125154057196,60.575633811196795
2.480125154057196,59.461794649131036
2.480125154057196,59.93865254227505
2.480125154057196,59.980698458544964
2.480125154057196,59.992917721590224
2.480125154057196,60.06545529484519
2.480125154057196,59.62692277482971
2.480125154057196,59.998972639329814
2.480125154057196,60.06339571405604
2.480125154057196,60.341191524641005
2.480125154057196,58.47746044354599
2.480125154057196,59.973275179680606
2.480125154057196,59.999324329587985
2.480125154057196,60.01643302103824
2.480125154057196,84.05445930202372
2.480125154057196,61.809371095447055
2.480125154057196,59.97731504809665
2.480125154057196,68.38486850531748
2.480125154057196,59.37734717021445
2.480125154057196,59.0430643780785
2.480125154057196,59.99553927434219
2.480125154057196,60.05590200868984
2.480125154057196,60.00689323628979
2.480125154057196,60.0151888015871
2.480125154057196,60.01478613586192
2.480125154057196,60.01948737770942
2.480125154057196,60.04041845855213
2.480125154057196,59.990486793332266
2.480125154057196,60.02631576448001
2.480125154057196,60.011632951620655
2.480125154057196,59.99897675072428
2.480125154057196,59.999882595441434
2.480125154057196,60.00031176959797
2.480125154057196,59.999817876482375
2.480125154057196,60.000256634101206
2.480125154057196,60.00032800205631
2.480125154057196,60.00042475971177
2.480125154057196,60.00039883295234
2.480125154057196,60.001812840689546
2.480125154057196,60.0057310042662
2.480125154057196,60.02388469264835
2.480125154057196,59.978378621395976
2.480125154057196,60.01320555497066
2.480125154057196,60.00821361158957
2.480125154057196,60.05329556941256
2.480125154057196,59.993167295180335
2.480125154057196,59.99447887927352
2.480125154057196,60.00044137826183
2.480125154057196,59.99731213577737
2.480125154057196,60.02595395655815
2.480125154057196,59.99964710659285
2.480125154057196,60.00075408806224
2.480125154057196,59.999320284290505
2.480125154057196,60.000274452857575
2.480125154057196,59.99638703080862
2.480125154057196,59.97792205048957
2.480125154057196,59.99533584297183
2.480125154057196,59.89971926627531
2.480125154057196,60.05126638340763
2.480125154057196,59.934226395339856
2.480125154057196,59.999831207286874
2.480125154057196,60.02249273095742
2.480125154057196,60.0020814999686
2.480125154057196,59.999657238536905
2.480125154057196,60.005653344973574
2.480125154057196,59.999418775524006
2.480125154057196,60.000356964898046
2.480125154057196,60.00124290009403
2.480125154057196,59.99945185760444
2.480125154057196,59.991486091436784
2.480125154057196,59.99608980271063
2.480125154057196,59.99924443528312
2.480125154057196,60.000166095793446
2.480125154057196,59.97743280470645
2.480125154057196,60.000420434489676
2.480125154057196,60.00131717200501
2.480125154057196,60.00893761662152
2.480125154057196,60.021994758307116
2.480125154057196,59.99977811813416
2.480125154057196,60.001501663533126
2.480125154057196,60.000126429983794
2.480125154057196,59.99964624985614
2.480125154057196,60.026241889971985
2.480125154057196,60.00032113380888
2.480125154057196,60.000174304449224
2.480125154057196,59.99996644122084
2.480125154057196,59.99989664615164
2.480125154057196,60.0001155543875
2.480125154057196,60.01328397733506
2.480125154057196,59.993420404302015
2.480125154057196,60.00084779342863
2.480125154057196,59.98920384988879
2.480125154057196,60.00874873180349
2.480125154057196,59.999973543906414
2.480125154057196,59.998858694161385
2.480125154057196,60.00852120402989
2.480125154057196,60.00178345489777
2.480125154057196,60.00002788053752
2.480125154057196,59.99999664606707
2.480125154057196,60.00004476110067
2.480125154057196,60.00037250714758
2.480125154057196,60.00034997596395
2.480125154057196,60.02745445194541
2.480125154057196,59.99924260477328
2.480125154057196,60.000110709230896
2.480125154057196,60.00479347021133
2.480125154057196,60.0011887363652
2.480125154057196,60.00009697976514
2.480125154057196,59.99909745210792
2.480125154057196,59.999443444608104
2.480125154057196,60.02353717425312
2.480125154057196,59.99992729608062
2.480125154057196,60.000099418775676
2.480125154057196,60.00008385261707
2.480125154057196,71.32800090115376
2.480125154057196,62.47370349174023
2.480125154057196,59.860454148758286
2.480125154057196,61.04365110349689
2.480125154057196,59.985394539722
2.480125154057196,59.9995482405668
2.480125154057196,59.99986590745469
2.480125154057196,60.045917115440155
2.480125154057196,60.01534521120516
2.480125154057196,60.00006544691697
2.480125154057196,59.99935499892371
2.480125154057196,59.592016653220476
2.480125154057196,63.195277528256
2.480125154057196,60.000112670241634
2.480125154057196,59.99996162136559
2.480125154057196,60.00006475385971
2.480125154057196,59.854756886432284
2.480125154057196,59.323919481381296
2.480125154057196,59.99983074482576
2.480125154057196,59.99810791952863
2.480125154057196,59.999337191634616
2.480125154057196,59.993590059835824
2.480125154057196,60.00002752861614
2.480125154057196,59.98044633088305
2.480125154057196,59.994738794262915
2.480125154057196,60.00018519317303
2.480125154057196,59.98553187983965
2.480125154057196,59.99201966469078
2.480125154057196,60.011022068516255
2.480125154057196,60.01480118624
2.480125154057196,59.644427990539974
2.480125154057196,72.92985220055235
2.480125154057196,59.61221025183349
2.480125154057196,59.91762643755074
2.480125154057196,59.97037781852056
2.480125154057196,65.34842557189037
2.480125154057196,59.356074344705604
2.480125154057196,72.22809510308551
2.480125154057196,60.09212454874626
2.480125154057196,60.052145490528446
2.480125154057196,60.00018824833273
2.480125154057196,60.032995830363454
2.480125154057196,59.986004411456605
2.480125154057196,60.01443007502084
2.480125154057196,60.03869480486483
2.480125154057196,59.91116580674588
2.480125154057196,60.00009247954375
2.480125154057196,59.65145952352337
2.480125154057196,59.30921698597004
2.480125154057196,59.13833957574013
2.480125154057196,60.105901990693916
2.480125154057196,59.96279547137251
2.480125154057196,59.86524903183436
2.480125154057196,59.84728252962259
2.480125154057196,59.394287270262936
2.480125154057196,59.98356697269602
2.480125154057196,60.00024485955933
2.480125154057196,60.02216324097775
2.480125154057196,60.019494131699716
2.480125154057196,60.0465962670359
2.480125154057196,60.00000682108107
2.480125154057196,60.00384612924595
2.480125154057196,59.992378730088646
2.480125154057196,62.54514196896844
2.480125154057196,59.74389474090074
2.480125154057196,59.12754678956189
2.480125154057196,84.09963065928622
2.480125154057196,59.69275290030669
2.480125154057196,59.86188692132917
2.480125154057196,59.999750698132395
2.480125154057196,60.00448288117925
2.480125154057196,59.99894266807532
2.480125154057196,59.99392509367594
2.480125154057196,59.99991955612712
2.480125154057196,59.9958840550803
2.480125154057196,60.040021253681076
2.480125154057196,60.03589270141986
2.480125154057196,60.019197154966
2.480125154057196,58.141304044267024
2.480125154057196,58.9310129989523
2.480125154057196,59.3952223123779
2.480125154057196,72.55978638484858
2.480125154057196,59.903470016508905
2.480125154057196,59.07536154288249
2.480125154057196,59.96859954088526
2.480125154057196,60.04244607272312
2.480125154057196,60.012877481991744
2.480125154057196,59.99996651787796
2.480125154057196,60.0369795533703
2.480125154057196,60.011608901210955
2.480125154057196,60.00008956228911
2.480125154057196,59.99603297908788
2.480125154057196,59.99397590360241
2.480125154057196,59.99877938242696
2.480125154057196,60.01120747710456
2.480125154057196,60.00033414896436
2.480125154057196,60.000105671760565
2.480125154057196,59.979288047829776
2.480125154057196,59.995397484742234
2.480125154057196,60.00167216551583
2.480125154057196,60.014122267757834
2.480125154057196,59.981424659728674
2.480125154057196,59.94164365939658
2.480125154057196,60.03883935109497
2.480125154057196,59.9970644808138
2.480125154057196,60.00032721145107
2.480125154057196,60.02245365830718
2.480125154057196,80.28320803947415
2.480125154057196,66.93253040719993
2.480125154057196,57.849559596683115
2.480125154057196,59.07232385332364
2.480125154057196,60.00105995586992
2.480125154057196,60.005172671903125
2.480125154057196,60.00089147104307
2.480125154057196,60.00039190902017
2.480125154057196,60.012094651134944
2.480125154057196,60.00432245757095
2.480125154057196,60.00546461500209
2.480125154057196,58.13414187206449
2.480125154057196,58.83726127955038
2.480125154057196,60.02661101600564
2.480125154057196,60.00018745398004
2.480125154057196,59.993082369402174
2.480125154057196,59.38501613515713
2.480125154057196,81.34910416399214
2.480125154057196,63.64102890469423
2.480125154057196,58.164413292448344
2.480125154057196,59.54577379380919
2.480125154057196,60.065699126555984
2.480125154057196,59.9990745689752
2.480125154057196,60.0213212329183
2.480125154057196,60.00003564485124
2.480125154057196,60.25045907119972
2.480125154057196,59.83970278869909
2.480125154057196,60.08630784471768
2.480125154057196,60.091660487628495
2.480125154057196,58.739368699927326
2.480125154057196,58.94200111264267
2.480125154057196,59.35543328250068
2.480125154057196,102.79550917860037
2.480125154057196,59.7595773496692
2.480125154057196,59.35731106749097
2.480125154057196,59.70897765319907
2.480125154057196,59.9903496645551
2.480125154057196,60.005483027242555
2.480125154057196,59.998117803615244
2.480125154057196,59.96849507250985
2.480125154057196,60.00960512422322
2.480125154057196,60.029141677924
2.480125154057196,60.00033271925819
2.480125154057196,60.03724733394214
2.480125154057196,59.79457727464645
2.480125154057196,59.979548486089
2.480125154057196,55.19496626493737
2.480125154057196,58.660703057273615
2.480125154057196,59.33753381992412
2.480125154057196,59.48648836859254
2.480125154057196,81.09488342679632
2.480125154057196,79.45661888606347
2.480125154057196,58.55021924962652
2.480125154057196,59.674475498053866
2.480125154057196,58.289068005202544
2.480125154057196,59.984683531897275
2.480125154057196,59.99835856633893
2.480125154057196,60.00059923199585
2.480125154057196,60.00726083936377
2.480125154057196,59.99989044787028
2.480125154057196,59.7707939865842
2.480125154057196,57.896394732492716
2.480125154057196,59.33708076587375
2.480125154057196,59.28959652622706
2.480125154057196,59.62271472673038
2.480125154057196,59.32178061224278
2.480125154057196,59.99963736692706
2.480125154057196,59.98842769288012
2.480125154057196,59.99983022767477
2.480125154057196,60.09104284373111
2.480125154057196,59.99988243742731
2.480125154057196,60.07904055658462
2.480125154057196,59.577521494138644
2.480125154057196,60.03148653705255
2.480125154057196,60.04498752929422
2.480125154057196,60.00009939671262
2.480125154057196,59.99989925920928
2.480125154057196,60.00003501545144
2.480125154057196,60.00000815100727
2.480125154057196,59.999987058188495
2.480125154057196,60.000006157728556
2.480125154057196,59.99988929751231
2.480125154057196,59.9919422996475
2.480125154057196,59.987895689030864
2.480125154057196,60.01129948623177
2.480125154057196,60.00063099968829
2.480125154057196,59.99975609939636
2.480125154057196,60.00518728191282
2.480125154057196,60.00019357055607
2.480125154057196,60.087594005321854
2.480125154057196,60.08972770658589
2.480125154057196,60.03902173113021
2.480125154057196,59.97913130338861
2.480125154057196,59.99970191492959
2.480125154057196,59.999114629439966
2.480125154057196,59.9998791192741
2.480125154057196,60.000103070757525
2.480125154057196,60.000050326348024
2.480125154057196,60.00000208463631
2.480125154057196,59.999824786397326
2.480125154057196,60.0000760875729
2.480125154057196,59.999700229396076
2.480125154057196,60.00055152258662
2.480125154057196,60.00115128099246
2.480125154057196,60.0384821695662
2.480125154057196,60.031786491820824
2.480125154057196,60.04664478213934
2.480125154057196,59.993123606335395
2.480125154057196,60.005310169683895
2.480125154057196,59.9988939122188
2.480125154057196,60.00017805060853
2.480125154057196,60.000042357467834
2.480125154057196,59.999819450913016
2.480125154057196,60.01639933572426
2.480125154057196,59.999843043905294
2.480125154057196,59.98061584323737
2.480125154057196,59.99996550083261
2.480125154057196,59.99998041614374
2.480125154057196,59.99632603627114
2.480125154057196,60.000033150254595
2.480125154057196,60.000110080426616
2.480125154057196,60.04352321486281
2.480125154057196,59.98360530408854
2.480125154057196,60.000247460044115
2.480125154057196,60.00031718319193
2.480125154057196,60.01147574606762
2.480125154057196,60.00021606510316
2.480125154057196,59.98571319769094
2.480125154057196,60.026261419589424
2.480125154057196,60.000499896987975
2.480125154057196,60.010189319403054
2.480125154057196,60.033945321017946
2.480125154057196,60.027742568009124
2.480125154057196,63.29546985206451
2.480125154057196,58.83078544602394
2.480125154057196,80.29006000424971
2.480125154057196,58.636300334378156
2.480125154057196,66.90806364633939
2.480125154057196,108.52623994848264
2.480125154057196,79.04264376711876
2.480125154057196,62.99193918273384
2.480125154057196,60.001801989022184
2.480125154057196,59.96912919994806
2.480125154057196,60.00462299661438
2.480125154057196,59.998402813729875
2.480125154057196,59.25058416678751
2.480125154057196,59.26213478135956
2.480125154057196,58.291822143526566
2.480125154057196,57.86763726068508
2.480125154057196,59.687684967398894
2.480125154057196,79.32051862110427
2.480125154057196,60.00057197166448
2.480125154057196,59.99107451357376
2.480125154057196,60.07084804699488
2.480125154057196,59.99869965634524
2.480125154057196,60.00034455143558
2.480125154057196,59.99637909207454
2.480125154057196,60.08544272523256
2.480125154057196,59.99820656504663
2.480125154057196,59.775210585049905
2.480125154057196,59.941543906402224
2.480125154057196,57.9822025509707
2.480125154057196,59.70501050790549
2.480125154057196,59.492629167013035
2.480125154057196,57.60524658328734
2.480125154057196,81.21995252164366
2.480125154057196,59.67396833204982
2.480125154057196,58.547323085680624
2.480125154057196,59.67112712603204
2.480125154057196,58.78580719793124
2.480125154057196,59.99731021249263
2.480125154057196,60.00382586641835
2.480125154057196,60.002824752236236
2.480125154057196,60.056304129545666
2.480125154057196,60.06205500427481
2.480125154057196,60.00099538122922
2.480125154057196,60.082299587297975
2.480125154057196,59.357348687741684
2.480125154057196,58.06178039902917
2.480125154057196,59.55679388720466
2.480125154057196,58.55738090573957
2.480125154057196,59.48509286248319
2.480125154057196,58.67599390892061
2.480125154057196,59.29910804099075
2.480125154057196,59.34335813774531
2.480125154057196,59.62591928565508
2.480125154057196,59.29523557906573
2.480125154057196,59.39034797133535
2.480125154057196,58.964671563321915
2.480125154057196,60.005121691535685
2.480125154057196,60.00029626564383
2.480125154057196,59.98480179341571
2.480125154057196,60.02383477503034
2.480125154057196,59.998920667609454
2.480125154057196,59.769523652344745
2.480125154057196,60.041634700380726
2.480125154057196,60.00098762444685
2.480125154057196,59.20590851734684
2.480125154057196,59.06027807460807
2.480125154057196,59.35841147247425
2.480125154057196,67.28589839004941
2.480125154057196,58.53456870338111
2.480125154057196,59.958880221294784
2.480125154057196,60.01210379539765
2.480125154057196,59.99093938461477
2.480125154057196,59.96765272750604
2.480125154057196,60.116584538748896
2.480125154057196,60.04043310037182
2.480125154057196,60.06094465646591
2.480125154057196,60.04343039258436
2.480125154057196,58.81562874126661
2.480125154057196,58.556092461991824
2.480125154057196,60.05273184859638
2.480125154057196,59.99999717338167
2.480125154057196,59.96955283819354
2.480125154057196,59.98491935895918
2.480125154057196,58.687498272001555
2.480125154057196,58.848262145092136
2.480125154057196,59.945086891627085
2.480125154057196,59.993871340510374
2.480125154057196,60.00301603252454
2.480125154057196,60.05697222529364
2.480125154057196,60.064907832173866
2.480125154057196,60.065126471229746
2.480125154057196,60.10594610384354
2.480125154057196,60.03621142600023
2.480125154057196,59.9816561253763
2.480125154057196,59.99909148228551
2.480125154057196,60.046001052788895
2.480125154057196,60.032511670833124
2.480125154057196,57.7369913644258
2.480125154057196,57.44645797049027
2.480125154057196,60.03986489144434
2.480125154057196,78.30868081871395
2.480125154057196,78.72381076132426
2.480125154057196,59.978822999969765
2.480125154057196,59.99124096443007
2.480125154057196,59.99638349350494
2.480125154057196,59.99856101910038
2.480125154057196,59.98973253157383
2.480125154057196,59.98234949896018
2.480125154057196,60.037219595895
2.480125154057196,59.984354870896055
2.480125154057196,60.01769485452989
2.480125154057196,99.69757196727578
2.480125154057196,55.69522195189565
2.480125154057196,57.43246733527027
2.480125154057196,59.99434229404308
2.480125154057196,59.98100069565056
2.480125154057196,60.10307856604334
2.480125154057196,60.01500936109467
2.480125154057196,59.99244759036593
2.480125154057196,59.99329720041578
2.480125154057196,60.04817956782316
2.480125154057196,67.80201358137298
2.480125154057196,101.28476274356277
2.480125154057196,81.3520757977866
2.480125154057196,55.762445983856125
2.480125154057196,59.266029643480294
2.480125154057196,58.41536812700735
2.480125154057196,59.97195117436619
2.480125154057196,59.970165064172896
2.480125154057196,59.98325423788929
2.480125154057196,59.99407749621179
2.480125154057196,60.079778714178545
2.480125154057196,59.983384677743636
2.480125154057196,60.03286154324194
2.480125154057196,59.98758013963102
2.480125154057196,58.42508772462577
2.480125154057196,58.309824064506394
2.480125154057196,72.32126322167517
2.480125154057196,60.00039407051722
2.480125154057196,59.99986161942476
2.480125154057196,59.9997230795653
2.480125154057196,60.00040830369874
2.480125154057196,60.00602840370235
2.480125154057196,60.02881850830696
2.480125154057196,60.043654799521384
2.480125154057196,60.08563451255561
2.480125154057196,60.050850291656964
2.480125154057196,60.01667112452818
2.480125154057196,59.51536868881026
2.480125154057196,59.018199892442695
2.480125154057196,59.999116367707465
2.480125154057196,60.00024898423358
2.480125154057196,59.238979818642576
2.480125154057196,58.374846221479764
2.480125154057196,59.99982926903674
2.480125154057196,61.04566945205726
2.480125154057196,60.00372720989714
2.480125154057196,59.99190689936032
2.480125154057196,60.08064677389405
2.480125154057196,60.00215809914287
2.480125154057196,60.088422095059215
2.480125154057196,59.98407318581486
2.480125154057196,59.997760887063734
2.480125154057196,60.00402601128601
2.480125154057196,59.75293015171731
2.480125154057196,60.00037789759827
2.480125154057196,59.99737670143422
2.480125154057196,58.88616269920371
2.480125154057196,60.00020225496766
2.480125154057196,59.9998866904773
2.480125154057196,59.17788099336078
2.480125154057196,59.99993518884007
2.480125154057196,58.22984634961814
2.480125154057196,59.97848559653016
2.480125154057196,59.98634030942647
2.480125154057196,60.00268178497304
2.480125154057196,60.02824539884704
2.480125154057196,60.0471807411596
2.480125154057196,59.999250334408714
2.480125154057196,59.98535722772704
2.480125154057196,59.996481844734404
2.480125154057196,59.999737820406246
2.480125154057196,59.99943314110907
2.480125154057196,59.99997247962915
2.480125154057196,60.00004328165797
2.480125154057196,59.99975584076031
2.480125154057196,59.996728600450716
2.480125154057196,60.025824227570254
2.480125154057196,59.98560549101637
2.480125154057196,60.002818969306006
2.480125154057196,60.115993159964475
2.480125154057196,59.99834715110769
2.480125154057196,59.99876493971143
2.480125154057196,59.999038077474104
2.480125154057196,59.99152593035041
2.480125154057196,60.04262610472868
2.480125154057196,60.046494723749504
2.480125154057196,59.99110058145746
2.480125154057196,59.98999824267197
2.480125154057196,60.00242953397809
2.480125154057196,60.10067687879911
2.480125154057196,60.174499883443254
2.480125154057196,60.004073005341844
2.480125154057196,59.99736882658888
2.480125154057196,60.005098450887125
2.480125154057196,59.99047608639567
2.480125154057196,59.996833638192285
2.480125154057196,60.007423922376574
2.480125154057196,59.99514668106704
2.480125154057196,60.00100653023906
2.480125154057196,60.00654625669189
2.480125154057196,59.98859677289863
2.480125154057196,59.998483816443134
2.480125154057196,60.008181847054075
2.480125154057196,60.03487574698038
2.480125154057196,59.99618048294194
2.480125154057196,59.997654731613714
2.480125154057196,63.42217520821931
2.480125154057196,82.31653707051694
2.480125154057196,58.85396373965243
2.480125154057196,60.13349720797159
2.480125154057196,60.00186769494226
2.480125154057196,59.995494239276
2.480125154057196,59.999430968903866
2.480125154057196,60.05611834348611
2.480125154057196,59.99935430374549
2.480125154057196,59.997357743248536
2.480125154057196,59.155147074242535
2.480125154057196,57.64768915825579
2.480125154057196,80.51600028688661
2.480125154057196,60.09061681897121
2.480125154057196,59.997842607188275
2.480125154057196,59.99424738349277
2.480125154057196,60.035518389145196
2.480125154057196,59.50287298118378
2.480125154057196,59.91367822701844
2.480125154057196,58.85965858021379
2.480125154057196,60.05343143471269
2.480125154057196,59.65509543112424
2.480125154057196,59.79096640970188
2.480125154057196,58.93291886344106
2.480125154057196,60.00652118279893
2.480125154057196,60.0005049486604
2.480125154057196,60.00273860635567
2.480125154057196,59.999688067547524
2.480125154057196,60.04888510319028
2.480125154057196,59.34179175675253
2.480125154057196,59.31636407713721
2.480125154057196,60.00455796736308
2.480125154057196,60.03727618357022
2.480125154057196,59.683090441712075
2.480125154057196,59.65007070632054
2.480125154057196,59.46349658887102
2.480125154057196,59.98801008184493
2.480125154057196,60.00092890933339
2.480125154057196,59.99973270443977
2.480125154057196,60.00088479923282
2.480125154057196,60.07395343558121
2.480125154057196,59.99928421077963
2.480125154057196,60.04165963549667
2.480125154057196,60.015177912572995
2.480125154057196,59.98708991076987
2.480125154057196,59.999874827400156
2.480125154057196,60.00442370960063
2.480125154057196,59.994956539466244
2.480125154057196,60.025573275587924
2.480125154057196,60.06563676922396
2.480125154057196,59.99623118972328
2.480125154057196,59.99987349177704
2.480125154057196,60.000565056281694
2.480125154057196,59.99228118381799
2.480125154057196,60.035363868673
2.480125154057196,59.99914971704519
2.480125154057196,60.00018546506877
2.480125154057196,60.00182443037547
2.480125154057196,59.9981845252774
2.480125154057196,60.000723477161465
2.480125154057196,59.99999604917091
2.480125154057196,59.99684421968917
2.480125154057196,59.9975807154706
2.480125154057196,60.00002249566895
2.480125154057196,60.00024357751431
2.480125154057196,60.000070484893136
2.480125154057196,60.0004512288465
2.906334803610136,59.99096777717712
2.906334803610136,59.97929201422766
2.906334803610136,59.99648333471838
2.906334803610136,60.00142803609609
2.906334803610136,60.01422267017011
2.906334803610136,59.97673987646132
2.906334803610136,59.988151933686765
2.906334803610136,60.05612381922135
2.906334803610136,60.01585202219155
2.906334803610136,59.990137945660535
2.906334803610136,60.01674582919751
2.906334803610136,60.00113554680825
2.906334803610136,59.97747980963108
2.906334803610136,60.08368985129919
2.906334803610136,59.82736065848616
2.906334803610136,59.98123719880462
2.906334803610136,60.1908276118989
2.906334803610136,59.9782577047135
2.906334803610136,59.98943021079934
2.906334803610136,59.95443106484729
2.906334803610136,60.02265684698763
2.906334803610136,59.812266247280526
2.906334803610136,60.0204930048018
2.906334803610136,59.29844063310896
2.906334803610136,60.01329091975666
2.906334803610136,60.03285522982676
2.906334803610136,60.08522030002282
2.906334803610136,59.938694707823586
2.906334803610136,58.79106059988792
2.906334803610136,59.997662632378706
2.906334803610136,57.61187366546113
2.906334803610136,59.93104005961899
2.906334803610136,65.28940191580732
2.906334803610136,60.09665804199692
2.906334803610136,60.00362991153311
2.906334803610136,60.48758158331608
2.906334803610136,60.02405973015982
2.906334803610136,60.024362315760975
2.906334803610136,58.75452887560581
2.906334803610136,58.08832359862452
2.906334803610136,65.79225190841993
2.906334803610136,59.47810543735279
2.906334803610136,59.99532951497974
2.906334803610136,59.96317176767941
2.906334803610136,72.04959360864935
2.906334803610136,59.937439543136435
2.906334803610136,59.77748124082386
2.906334803610136,59.98434470689426
2.906334803610136,60.07810051854976
2.906334803610136,59.932342245116025
2.906334803610136,68.88408744485756
2.906334803610136,59.521454812130976
2.906334803610136,58.99617668098543
2.906334803610136,59.99006841697665
2.906334803610136,59.5274691551325
2.906334803610136,59.9515698691683
2.906334803610136,59.70765551538129
2.906334803610136,57.455560093440035
2.906334803610136,59.99858590113651
2.906334803610136,59.98105861017146
2.906334803610136,60.19477442511902
2.906334803610136,57.52704146556444
2.906334803610136,59.99680428180921
2.906334803610136,60.0162275357683
2.906334803610136,59.55058217200666
2.906334803610136,68.63063965184183
2.906334803610136,64.44088860707032
2.906334803610136,65.53332448239836
2.906334803610136,80.96513300804733
2.906334803610136,58.018397766366355
2.906334803610136,58.65702954860331
2.906334803610136,60.09301148370465
2.906334803610136,60.09069346348347
2.906334803610136,60.00429412085563
2.906334803610136,60.0220406957169
2.906334803610136,59.49076930664013
2.906334803610136,57.79719515826655
2.906334803610136,60.01053043051051
2.906334803610136,60.0627619677827
2.906334803610136,60.01258480964224
2.906334803610136,60.08535811721033
2.906334803610136,58.20176681413215
2.906334803610136,60.00153922333412
2.906334803610136,65.93076792391226
2.906334803610136,59.965183071044855
2.906334803610136,59.82217384268437
2.906334803610136,57.98974230595695
2.906334803610136,66.76059512167762
2.906334803610136,60.00323398319692
2.906334803610136,59.98382608846716
2.906334803610136,59.37818084244746
2.906334803610136,64.07884499325084
2.906334803610136,60.02700613833656
2.906334803610136,59.61895557011867
2.906334803610136,60.05310379664416
2.906334803610136,58.76153436996098
2.906334803610136,68.87635645337926
2.906334803610136,58.22249134066936
2.906334803610136,56.65380001616635
2.906334803610136,69.94550581666101
2.906334803610136,57.7540486150635
2.906334803610136,60.113067938674675
2.906334803610136,60.01676438033981
2.906334803610136,59.72602495116576
2.906334803610136,59.88965268359653
2.906334803610136,58.149528896001854
2.906334803610136,60.00096669782927
2.906334803610136,59.74254441129277
2.906334803610136,69.78430950716972
2.906334803610136,59.82995004311148
2.906334803610136,59.981140298327475
2.906334803610136,56.31809061704989
2.906334803610136,59.967555299145104
2.906334803610136,59.65062423523603
2.906334803610136,59.91741009182735
2.906334803610136,60.02437555689369
2.906334803610136,66.03075093391395
2.906334803610136,58.533546291405656
2.906334803610136,59.98776577154084
2.906334803610136,59.98995880873148
2.906334803610136,59.99088365783198
2.906334803610136,60.133736991622726
2.906334803610136,59.41346037927457
2.906334803610136,63.547434308553726
2.906334803610136,58.696290068549935
2.906334803610136,65.71246598909775
2.906334803610136,59.903740069062344
2.906334803610136,60.069200267343454
2.906334803610136,59.929732010340636
2.906334803610136,58.78012589212946
2.906334803610136,64.8836587848198
2.906334803610136,70.41003583230037
2.906334803610136,60.10394094703287
2.906334803610136,60.392740838535865
2.906334803610136,64.10267399878886
2.906334803610136,73.76181236297882
2.906334803610136,57.92298914318222
2.906334803610136,59.97880398837012
2.906334803610136,58.85181464928047
2.906334803610136,58.11419595970467
2.906334803610136,59.993117519421254
2.906334803610136,60.113122341194355
2.906334803610136,64.4800375598728
2.906334803610136,60.003844478364215
2.906334803610136,71.89925815524857
2.906334803610136,60.058223980887085
2.906334803610136,59.81705323293365
2.906334803610136,75.03923089760002
2.906334803610136,60.029738648751554
2.906334803610136,59.93834733773409
2.906334803610136,59.402090050485015
2.906334803610136,57.67196369754183
2.906334803610136,58.770495484598676
2.906334803610136,57.74247020063723
2.906334803610136,67.23379698407057
2.906334803610136,59.8972985667283
2.906334803610136,59.08327658237753
2.906334803610136,60.101751865723216
2.906334803610136,60.048478229547094
2.906334803610136,60.00912623265652
2.906334803610136,59.42062937324111
2.906334803610136,59.49661298453323
2.906334803610136,60.49386045899289
2.906334803610136,65.26444093916089
2.906334803610136,60.02274137653765
2.906334803610136,59.48563155335474
2.906334803610136,60.06039277876483
2.906334803610136,65.15484757218445
2.906334803610136,57.53488565674224
2.906334803610136,59.58090952566558
2.906334803610136,59.69710566727524
2.906334803610136,57.84245221584861
2.906334803610136,59.233524153310874
2.906334803610136,58.67369236053609
2.906334803610136,71.91810004518338
2.906334803610136,59.646131125379625
2.906334803610136,65.64252406855135
2.906334803610136,60.045449396359395
2.906334803610136,60.05764649762983
2.906334803610136,65.79274443480087
2.906334803610136,59.40380415649809
2.906334803610136,58.91246337162898
2.906334803610136,59.95168414735361
2.906334803610136,67.98507112506364
2.906334803610136,67.21283423240946
2.906334803610136,59.39777620272358
2.906334803610136,60.20885983840334
2.906334803610136,60.0007406249142
2.906334803610136,64.44240423515829
2.906334803610136,60.015949816160756
2.906334803610136,60.05845747210724
2.906334803610136,68.34994724184442
2.906334803610136,59.2529832063568
2.906334803610136,60.50706636559678
2.906334803610136,60.09269855986683
2.906334803610136,58.36238228098581
2.906334803610136,60.38116099210211
2.906334803610136,60.03056070327471
2.906334803610136,59.67037595579634
2.906334803610136,60.56852764396552
2.906334803610136,58.83918548314712
2.906334803610136,63.56544044247224
2.906334803610136,59.95512346090368
2.906334803610136,61.299570146248556
2.906334803610136,58.70895033566405
2.906334803610136,60.17730926720901
2.906334803610136,64.33988942695674
2.906334803610136,59.65169774459678
2.906334803610136,59.97733927188143
2.906334803610136,60.00061251542708
2.906334803610136,59.98511348676209
2.906334803610136,59.17967659499667
2.906334803610136,57.69260292062449
2.906334803610136,65.8008494739552
2.906334803610136,57.580091237220486
2.906334803610136,60.689178253586626
2.906334803610136,60.29335624960143
2.906334803610136,60.37994686517125
2.906334803610136,58.82413863577068
2.906334803610136,59.89168723436822
2.906334803610136,59.99319019498267
2.906334803610136,59.96873707208162
2.906334803610136,66.14971950418933
2.906334803610136,60.37654549760575
2.906334803610136,60.00946406149368
2.906334803610136,60.17032011692488
2.906334803610136,59.56173149650689
2.906334803610136,59.77537299642781
2.906334803610136,59.866196946930174
2.906334803610136,60.122076442458244
2.906334803610136,60.26725977708891
2.906334803610136,60.0702397882831
2.906334803610136,60.45906388212408
2.906334803610136,60.04845520914859
2.906334803610136,60.03078981753863
2.906334803610136,60.32216151890636
2.906334803610136,60.00522679884466
2.906334803610136,59.89473043748825
2.906334803610136,59.21189221996033
2.906334803610136,60.20626804813888
2.906334803610136,60.010699784842934
2.906334803610136,60.15847139932978
2.906334803610136,67.68337894334981
2.906334803610136,59.98097733879721
2.906334803610136,60.38536990548995
2.906334803610136,60.05069652598668
2.906334803610136,58.166194850818265
2.906334803610136,60.09904831892849
2.906334803610136,68.88129830813233
2.906334803610136,60.11803370582195
2.906334803610136,59.9929861927431
2.906334803610136,64.37107576537791
2.906334803610136,60.07258302132402
2.906334803610136,59.824510041111765
2.906334803610136,58.939824405378275
2.906334803610136,59.90427432675714
2.906334803610136,60.08463982504861
2.906334803610136,58.388699881153094
2.906334803610136,68.39188020290003
2.906334803610136,59.97884119828761
2.906334803610136,60.14973943823071
2.906334803610136,59.98629285812048
2.906334803610136,60.19450881877413
2.906334803610136,58.537040831987156
2.906334803610136,59.404404257370345
2.906334803610136,60.227205769690514
2.906334803610136,59.04229817738302
2.906334803610136,59.77052430520693
2.906334803610136,60.02114980209168
2.906334803610136,59.20066210253861
2.906334803610136,60.7377299631399
2.906334803610136,59.985710573009676
2.906334803610136,70.11576025495059
2.906334803610136,59.63049888379345
2.906334803610136,58.837302385840985
2.906334803610136,70.35521556441579
2.906334803610136,60.01419099695365
2.906334803610136,59.97412719882573
2.906334803610136,58.34193891055282
2.906334803610136,60.09355669502065
2.906334803610136,59.74697350702273
2.906334803610136,60.02020238137996
2.906334803610136,59.51020428487641
2.906334803610136,59.46071017504279
2.906334803610136,60.00317432603924
2.906334803610136,59.17104936662579
2.906334803610136,59.65294859884108
2.906334803610136,59.976707084809675
2.906334803610136,59.13015239400818
2.906334803610136,59.98207979415533
2.906334803610136,59.304928389083244
2.906334803610136,59.5652041373999
2.906334803610136,58.99173146493488
2.906334803610136,61.61533987098235
2.906334803610136,59.72317106695435
2.906334803610136,59.95984275723644
2.906334803610136,60.10394215837617
2.906334803610136,59.28014814554653
2.906334803610136,60.92087747852011
2.906334803610136,64.79372430554294
2.906334803610136,59.7705645360756
2.906334803610136,61.082021549038735
2.906334803610136,65.20602916818079
2.906334803610136,58.729397445280696
2.906334803610136,59.95828935718389
2.906334803610136,59.94590152587778
2.906334803610136,60.126247775484416
2.906334803610136,59.90229158683406
2.906334803610136,60.02816050447719
2.906334803610136,67.08930169264865
2.906334803610136,59.246735940908415
2.906334803610136,59.39415157699223
2.906334803610136,66.13707930153276
2.906334803610136,60.1150593914007
2.906334803610136,60.09278034037632
2.906334803610136,59.98968025909302
2.906334803610136,58.88846493100954
2.906334803610136,68.35245403474342
2.906334803610136,66.59617950527893
2.906334803610136,59.74185409006822
2.906334803610136,66.40142222951596
2.906334803610136,59.707145168861324
2.906334803610136,60.01676359836009
2.906334803610136,60.01165578635269
2.906334803610136,58.92919809551716
2.906334803610136,60.14232924557085
2.906334803610136,65.61843915848435
2.906334803610136,58.41662400993047
2.906334803610136,60.38484829674384
2.906334803610136,58.93754751044954
2.906334803610136,58.41674573049376
2.906334803610136,60.03411381776631
2.906334803610136,60.06901446301649
2.906334803610136,59.83444342059382
2.906334803610136,59.69119353602938
2.906334803610136,59.95170636939836
2.906334803610136,59.52751747673677
2.906334803610136,59.189898158454
2.906334803610136,60.148544309232626
2.906334803610136,60.07009807875116
2.906334803610136,58.20757323789178
2.906334803610136,60.38375882316513
2.906334803610136,59.49359802729329
2.906334803610136,59.720895458187904
2.906334803610136,59.21373141974278
2.906334803610136,59.24834590391061
2.906334803610136,65.84717765354002
2.906334803610136,58.032701987206764
2.906334803610136,60.599492579509835
2.906334803610136,58.72465483305512
2.906334803610136,60.557881092421056
2.906334803610136,59.80600802777164
2.906334803610136,59.68227765636482
2.906334803610136,59.28417577720558
2.906334803610136,59.05880985459327
2.906334803610136,60.13371348457275
2.906334803610136,60.87549072085518
2.906334803610136,65.33379807264556
2.906334803610136,59.96471893970624
2.906334803610136,69.63675775577686
2.906334803610136,64.76521873999287
2.906334803610136,59.78060033356722
2.906334803610136,59.899698635150436
2.906334803610136,60.794664181369875
2.906334803610136,58.88781944929165
2.906334803610136,59.51160327537688
2.906334803610136,60.603586267091465
2.906334803610136,70.25729832361093
2.906334803610136,59.78646376473331
2.906334803610136,72.38493143594279
2.906334803610136,59.323060573559204
2.906334803610136,60.18536626591521
2.906334803610136,58.069018978856846
2.906334803610136,59.43033262519973
2.906334803610136,59.99200854351487
2.906334803610136,59.92081191420276
2.906334803610136,59.70480651784703
2.906334803610136,60.18019191284269
2.906334803610136,59.917857199904866
2.906334803610136,60.285913750226186
2.906334803610136,59.657225644462045
2.906334803610136,59.612858864053656
2.906334803610136,58.06302531921846
2.906334803610136,58.58562825372877
2.906334803610136,59.93955754934074
2.906334803610136,60.08894541072758
2.906334803610136,59.481833649428395
2.906334803610136,59.440681170997784
2.906334803610136,64.72950730873839
2.906334803610136,70.17000974039995
2.906334803610136,59.05824151819024
2.906334803610136,64.79788467725552
2.906334803610136,59.52185679472733
2.906334803610136,59.067925117402226
2.906334803610136,63.28552627089064
2.906334803610136,59.27547880617854
2.906334803610136,65.88894521301599
2.906334803610136,60.277849822483475
2.906334803610136,58.763272889530505
2.906334803610136,59.28790536275636
2.906334803610136,59.84077271286319
2.906334803610136,59.393882542547246
2.906334803610136,60.057916739601374
2.906334803610136,59.43006701934311
2.906334803610136,60.51934488199029
2.906334803610136,68.34429041121805
2.906334803610136,65.9723060489758
2.906334803610136,60.69266465776222
2.906334803610136,60.27658180737522
2.906334803610136,57.21301755593294
2.906334803610136,59.1371680998555
2.906334803610136,59.916283638969944
2.906334803610136,65.11288510478369
2.906334803610136,60.02516479551584
2.906334803610136,58.549537712927986
2.906334803610136,60.77380421424443
2.906334803610136,59.96961126050008
2.906334803610136,59.85759043259914
2.906334803610136,57.886577278395926
2.906334803610136,60.43554889140569
2.906334803610136,68.80808383438416
2.906334803610136,67.09505946914568
2.906334803610136,59.74755491510529
2.906334803610136,59.85963753990782
2.906334803610136,59.53453882743277
2.906334803610136,60.354986256534055
2.906334803610136,60.092103347498444
2.906334803610136,62.87145071955267
2.906334803610136,65.03667944477849
2.906334803610136,59.211781415083315
2.906334803610136,64.47287460071684
2.906334803610136,63.024747697766166
2.906334803610136,60.69534390394371
2.906334803610136,65.24143681525875
2.906334803610136,59.445200263848086
2.906334803610136,59.38322906975664
2.906334803610136,66.33975720572418
2.906334803610136,59.70197674612259
2.906334803610136,59.832593635993696
2.906334803610136,58.831066445435575
2.906334803610136,59.862902662676106
2.906334803610136,59.35202037396537
2.906334803610136,58.83701379908702
2.906334803610136,60.05237457866548
2.906334803610136,59.39056761791901
2.906334803610136,72.51844499202673
2.906334803610136,59.53517403474613
2.906334803610136,60.398812514157015
2.906334803610136,72.5797950241378
2.906334803610136,60.69670920457522
2.906334803610136,59.30087738833157
2.906334803610136,60.34950808431255
2.906334803610136,72.06236521197357
2.906334803610136,59.36342162167723
2.906334803610136,58.48747251069434
2.906334803610136,59.736501222032935
2.906334803610136,59.147568918884765
2.906334803610136,60.05294947629083
2.906334803610136,59.91078937593295
2.906334803610136,59.51247464876095
2.906334803610136,58.25549655055165
2.906334803610136,59.23697164856116
2.906334803610136,59.53134802206766
2.906334803610136,69.7176851186716
2.906334803610136,59.11352965112269
2.906334803610136,59.82535258343791
2.906334803610136,67.5503313541218
2.906334803610136,58.56682512040395
2.906334803610136,59.60044383613183
2.906334803610136,60.07183345657437
2.906334803610136,59.93496544548132
2.906334803610136,60.480295957646746
2.906334803610136,60.07084266337002
2.906334803610136,59.01333162229198
2.906334803610136,59.50329011276699
2.906334803610136,58.390198904288866
2.906334803610136,60.46121578048187
2.906334803610136,60.45799768855651
2.906334803610136,58.545482408996925
2.906334803610136,59.09282778031834
2.906334803610136,59.41222754402942
2.906334803610136,60.74452343026183
2.906334803610136,59.96056511745463
2.906334803610136,57.05047742772436
2.906334803610136,75.5630466460022
2.906334803610136,58.13252967470563
2.906334803610136,59.87084105100916
2.906334803610136,61.52318353671399
2.906334803610136,66.35178570577254
2.906334803610136,60.12820730373376
2.906334803610136,60.02248386141095
2.906334803610136,56.81390345095271
2.906334803610136,59.852867632058334
2.906334803610136,60.6082376282961
2.906334803610136,68.45598900887737
2.906334803610136,57.670651391410665
2.906334803610136,59.030613520310226
2.906334803610136,60.610694999397
2.906334803610136,59.98140617431401
2.906334803610136,60.05656605084046
2.906334803610136,59.521171323757656
2.906334803610136,64.83235675846217
2.906334803610136,64.11122335959224
2.906334803610136,59.971126601227674
2.906334803610136,59.77997579217658
2.906334803610136,70.16465607721102
2.906334803610136,60.62815947278544
2.906334803610136,60.33029107418204
2.906334803610136,59.3900593117851
2.906334803610136,59.98494331907368
2.906334803610136,60.00589053129521
2.906334803610136,59.53769620553737
2.906334803610136,59.69414425477091
2.906334803610136,59.82993290217287
2.906334803610136,58.41836376157638
2.906334803610136,67.4143678041157
2.906334803610136,58.81770452150978
2.906334803610136,59.54555902981836
2.906334803610136,64.08048203219131
2.906334803610136,59.95408920945898
2.906334803610136,60.17048877095259
2.906334803610136,60.758568299101995
2.906334803610136,59.75279403865399
2.906334803610136,57.3609031908646
2.906334803610136,60.79189629565131
2.906334803610136,59.90077501046307
2.906334803610136,59.207846644737124
2.906334803610136,57.33134338915574
2.906334803610136,60.14204198102254
2.906334803610136,60.26525873993135
2.906334803610136,59.93057045887683
2.906334803610136,60.00106369116989
2.906334803610136,59.82589208901179
2.906334803610136,59.539385297367055
2.906334803610136,59.07711481827335
2.906334803610136,68.11727372476898
2.906334803610136,66.86738415371333
2.906334803610136,58.93749479923052
2.906334803610136,67.29474186081157
2.906334803610136,60.45891882470373
2.906334803610136,60.144287619014264
2.906334803610136,59.92264120599237
2.906334803610136,60.8911712884609
2.906334803610136,58.969580885013265
2.906334803610136,68.22823367885171
2.906334803610136,59.9017588042699
2.906334803610136,60.383843881460606
2.906334803610136,59.45161092072048
2.906334803610136,67.39755925827785
2.906334803610136,60.29681069120225
2.906334803610136,58.34704909165871
2.906334803610136,60.04238587044495
2.906334803610136,63.177409142956634
2.906334803610136,60.04225788575249
2.906334803610136,64.78069377289225
2.906334803610136,58.2352144037224
2.906334803610136,59.846088434235504
2.906334803610136,60.012424003724355
2.906334803610136,59.238067914290255
2.906334803610136,60.14229169029666
2.906334803610136,59.86775565799899
2.906334803610136,59.990417841058886
2.906334803610136,60.58489983966561
2.906334803610136,56.33523650131839
2.906334803610136,67.37034669657574
2.906334803610136,60.275486046939
2.906334803610136,59.81015044502606
2.906334803610136,59.57888759508172
2.906334803610136,60.41472110436289
2.906334803610136,58.97722673863824
2.906334803610136,59.41612963957779
2.906334803610136,60.270572377456276
2.906334803610136,60.00534078139638
2.906334803610136,60.1978382434778
2.906334803610136,59.99031126468347
2.906334803610136,57.15028635138275
2.906334803610136,58.96081349736101
2.906334803610136,60.19299778814203
2.906334803610136,59.983377293713936
2.906334803610136,59.89458008040609
2.906334803610136,59.78319929818193
2.906334803610136,59.83299344790081
2.906334803610136,59.04061599745521
2.906334803610136,60.1694986829232
2.906334803610136,67.48589926792623
2.906334803610136,59.74759215141107
2.906334803610136,60.00438302780532
2.906334803610136,60.050615135742476
2.906334803610136,69.95733384846831
2.906334803610136,68.77674086820473
2.906334803610136,61.091383567551226
2.906334803610136,61.09910615579439
2.906334803610136,58.822481947967574
2.906334803610136,60.222539039037166
2.906334803610136,59.903227044491466
2.906334803610136,59.9732978838442
2.906334803610136,60.06548038240508
2.906334803610136,65.09558706871886
2.906334803610136,63.87114607130066
2.906334803610136,60.58343034047669
2.906334803610136,57.58425720853212
2.906334803610136,59.96701466278144
2.906334803610136,66.15170266081579
2.906334803610136,59.10585166038751
2.906334803610136,59.980526283020495
2.906334803610136,60.01349581066311
2.906334803610136,60.012874770317104
2.906334803610136,59.89784084518332
2.906334803610136,60.013615036199425
2.906334803610136,59.71392594057937
2.906334803610136,59.84259880885115
2.906334803610136,60.068398628501356
2.906334803610136,60.44141187187723
2.906334803610136,60.07536332586702
2.906334803610136,60.01410885977
2.906334803610136,60.0733450731893
2.906334803610136,60.72334001512988
2.906334803610136,60.00169341761427
2.906334803610136,60.128554130602815
2.906334803610136,59.9931120941316
2.906334803610136,60.141832773024994
2.906334803610136,71.42266972352657
2.906334803610136,62.39599198984453
2.906334803610136,58.684659831349784
2.906334803610136,60.122870619203006
2.906334803610136,59.57195220141752
2.906334803610136,60.563854065215914
2.906334803610136,59.949571550604574
2.906334803610136,59.8416358711617
2.906334803610136,60.04265862168602
2.906334803610136,66.4930230024174
2.906334803610136,59.833618356058885
2.906334803610136,58.99913743702071
2.906334803610136,59.99360227313366
2.906334803610136,59.63559008264717
2.906334803610136,85.98871715044427
2.906334803610136,60.38001566780617
2.906334803610136,60.22078062287626
2.906334803610136,60.172142590535515
2.906334803610136,60.37202142354055
2.906334803610136,60.124618019862666
2.906334803610136,60.06273396059396
2.906334803610136,58.952911126963095
2.906334803610136,58.35262105369232
2.906334803610136,60.038336012349355
2.906334803610136,60.49073623781286
2.906334803610136,58.89719159832346
2.906334803610136,60.03151442040507
2.906334803610136,60.112110237351395
2.906334803610136,64.85772748583
2.906334803610136,60.0194229398633
2.906334803610136,59.97823174180419
2.906334803610136,60.05629795093529
2.906334803610136,58.37248265261131
2.906334803610136,57.41888342639286
2.906334803610136,57.642996115606266
2.906334803610136,59.807493202483656
2.906334803610136,60.32381634092273
2.906334803610136,60.04652273052762
2.906334803610136,59.91683985241708
2.906334803610136,60.37659220994352
2.906334803610136,60.24230596299179
2.906334803610136,59.983339293625775
2.906334803610136,60.811062485551815
2.906334803610136,59.83318952875535
2.906334803610136,59.972868866956325
2.906334803610136,59.91885289669697
2.906334803610136,57.28058081243749
2.906334803610136,66.74536616617803
2.906334803610136,67.58609959682514
2.906334803610136,58.61997354344538
2.906334803610136,60.309200693420195
2.906334803610136,60.62000418085765
2.906334803610136,59.618525027679745
2.906334803610136,59.93669435996154
2.906334803610136,60.01389057779992
2.906334803610136,57.79886824577727
2.906334803610136,60.258614882769486
2.906334803610136,60.05995770315129
2.906334803610136,59.565207664142356
2.906334803610136,58.4230792703919
2.906334803610136,59.1273753962653
2.906334803610136,59.994664087440285
2.906334803610136,53.77003039008379
2.906334803610136,82.62257631135091
2.906334803610136,60.0583894001981
2.906334803610136,58.972750441688895
2.906334803610136,69.6283593654602
2.906334803610136,60.30873116072891
2.906334803610136,59.40569974479273
2.906334803610136,60.01080694707479
2.906334803610136,59.62357294385571
2.906334803610136,64.8024106318878
2.906334803610136,59.88784592757405
2.906334803610136,59.66937081733872
2.906334803610136,59.21678691334162
2.906334803610136,65.4143718976162
2.906334803610136,59.97211262419462
2.906334803610136,60.03795021131622
2.906334803610136,60.02172210861039
2.906334803610136,59.38173474291117
2.906334803610136,69.9681631170699
2.906334803610136,58.21720186922543
2.906334803610136,58.12322545670525
2.906334803610136,59.913260639410865
2.906334803610136,66.10609433971203
2.906334803610136,60.07642206143049
2.906334803610136,59.98455860215486
2.906334803610136,65.20199961518433
2.906334803610136,69.43900003549707
2.906334803610136,66.59741022754235
2.906334803610136,60.01622926424905
2.906334803610136,56.875025847433356
2.906334803610136,57.134312777068374
2.906334803610136,56.34491214474002
2.906334803610136,58.0835264494379
2.906334803610136,59.92700402173776
2.906334803610136,59.927087246325414
2.906334803610136,60.00734896017133
2.906334803610136,60.61395783070723
2.906334803610136,60.49554659534214
2.906334803610136,59.39437024852957
2.906334803610136,63.83420055896788
2.906334803610136,59.99652684960987
2.906334803610136,60.304466006687655
2.906334803610136,58.4616392033901
2.906334803610136,71.12594420523534
2.906334803610136,59.232263914564335
2.906334803610136,58.127162629147826
2.906334803610136,58.56670334113444
2.906334803610136,71.37368828998461
2.906334803610136,56.88425304441216
2.906334803610136,60.24100142555653
2.906334803610136,60.100165376051535
2.906334803610136,59.974939804563085
2.906334803610136,68.37588468876814
2.906334803610136,64.22898082858507
2.906334803610136,59.51282734368431
2.906334803610136,60.40427717782284
2.906334803610136,66.19180433609526
2.906334803610136,58.87212045857852
2.906334803610136,60.36928567561221
2.906334803610136,60.01770286647766
2.906334803610136,60.021387684318995
2.906334803610136,60.00447432083241
2.906334803610136,71.95619023816631
2.906334803610136,58.89480370726813
2.906334803610136,74.85984652645881
2.906334803610136,56.881914732464054
2.906334803610136,59.99806862086153
2.906334803610136,59.90926219675144
2.906334803610136,60.15984388638515
2.906334803610136,59.699215038001164
2.906334803610136,60.21371573268091
2.906334803610136,60.3503340056409
2.906334803610136,59.569005497985984
2.906334803610136,60.85913566633904
2.906334803610136,59.999338635017374
2.906334803610136,59.159746616137234
2.906334803610136,57.78709281450501
2.906334803610136,59.01713650395776
2.906334803610136,56.240135652489215
2.906334803610136,59.95783257372262
2.906334803610136,59.902661344807065
2.906334803610136,59.50899831041028
2.906334803610136,60.4209044528638
2.906334803610136,59.033488144296626
2.906334803610136,63.62701559170738
2.906334803610136,60.38644761590104
2.906334803610136,58.834459062628795
2.906334803610136,64.03914074574546
2.906334803610136,59.742493179035485
2.906334803610136,59.96871949960282
2.906334803610136,60.09703048843753
2.906334803610136,59.83648563937613
2.906334803610136,59.993371623581375
2.906334803610136,53.48755677271078
2.906334803610136,60.77207809015132
2.906334803610136,56.39733093300725
2.906334803610136,57.57536126025255
2.906334803610136,89.76465909413119
2.906334803610136,73.53518354725765
2.906334803610136,59.79219138096764
2.906334803610136,59.97085519766349
2.906334803610136,59.99478441445302
2.906334803610136,58.481879712225464
2.906334803610136,59.95974909148773
2.906334803610136,60.55677439793038
2.906334803610136,64.4500538672487
2.906334803610136,60.22071939219647
2.906334803610136,59.931490177504365
2.906334803610136,59.986963954819416
2.906334803610136,60.185636932629784
2.906334803610136,83.72541236112939
2.906334803610136,61.31320349779424
2.906334803610136,53.91646935550124
2.906334803610136,57.89317269489858
2.906334803610136,57.293741975982584
2.906334803610136,60.073640681974986
2.906334803610136,59.887967500220846
2.906334803610136,59.59002567152597
2.906334803610136,59.90387440104812
2.906334803610136,59.005033635439915
2.906334803610136,63.22340786478863
2.906334803610136,60.021974429070774
2.906334803610136,61.07376560604954
2.906334803610136,54.71638443193258
2.906334803610136,60.132081677878354
2.906334803610136,73.2514802217136
2.906334803610136,60.84518463341899
2.906334803610136,59.062963818973586
2.906334803610136,58.889670944297514
2.906334803610136,60.01016452111555
2.906334803610136,60.01841851917065
2.906334803610136,59.741597247945634
2.906334803610136,60.020881804412475
2.906334803610136,60.43521369835008
2.906334803610136,60.61174655477424
2.906334803610136,62.76174336442644
2.906334803610136,60.59786591173535
2.906334803610136,59.44510115442698
2.906334803610136,59.48247460221208
2.906334803610136,60.13740168005814
2.906334803610136,59.14546425200112
2.906334803610136,59.972330200514605
2.906334803610136,60.27077014592366
2.906334803610136,60.0152390132585
2.906334803610136,61.001725168684125
2.906334803610136,76.16641169377273
2.906334803610136,58.8101060963626
2.906334803610136,59.900288643399676
2.906334803610136,59.78248336700537
2.906334803610136,68.55172792187646
2.906334803610136,60.16837509935662
2.906334803610136,59.977812313686165
2.906334803610136,59.98461485644442
2.906334803610136,59.491651876427234
2.906334803610136,59.65282734782497
2.906334803610136,62.59631582714537
2.906334803610136,59.30585811699308
2.906334803610136,64.4766993378776
2.906334803610136,60.219998681190795
2.906334803610136,59.97907097116918
2.906334803610136,60.03260675435419
2.906334803610136,68.60247297344598
2.906334803610136,60.57066749288527
2.906334803610136,60.46073469723344
2.906334803610136,70.66495691365205
2.906334803610136,56.671862190478016
2.906334803610136,58.15364211179791
2.906334803610136,59.985605657090574
2.906334803610136,60.056373608902824
2.906334803610136,64.27968660917836
2.906334803610136,60.196093149412924
2.906334803610136,60.76763451407341
2.906334803610136,59.902710352821366
2.906334803610136,59.985712791508305
2.906334803610136,60.549266120941475
2.906334803610136,56.612767217522055
2.906334803610136,59.95939739822952
2.906334803610136,59.749553213632495
2.906334803610136,57.06320674320662
2.906334803610136,59.753668717009155
2.906334803610136,67.5603673924919
2.906334803610136,60.013284894857556
2.906334803610136,60.11472135776832
2.906334803610136,59.07396097937478
2.906334803610136,60.06153963359962
2.906334803610136,60.0276039767737
2.906334803610136,58.94619981952475
2.906334803610136,59.48442265802508
2.906334803610136,60.10296628944418
2.906334803610136,60.297250139138754
2.906334803610136,59.91130826761606
2.906334803610136,57.50062504409707
2.906334803610136,56.25494335168425
2.906334803610136,71.54264135399812
2.906334803610136,50.30273608052036
2.906334803610136,71.73378908360317
2.906334803610136,59.36193175949505
2.906334803610136,59.97971916054245
2.906334803610136,60.075013252041956
2.906334803610136,59.73585211157396
2.906334803610136,60.177431494825406
2.906334803610136,60.112689485210794
2.906334803610136,63.143390468409045
2.906334803610136,60.31321846807444
2.906334803610136,62.809374141955715
2.906334803610136,59.42606712468107
2.906334803610136,59.97126521853107
2.906334803610136,59.769089090595116
2.906334803610136,59.991474389804075
2.906334803610136,59.15584627641584
2.906334803610136,75.74298226417996
2.906334803610136,60.78787899221922
2.906334803610136,58.21485867841779
2.906334803610136,54.2544569516088
2.906334803610136,57.545996357432514
2.906334803610136,66.68773543075035
2.906334803610136,73.2250390655525
2.906334803610136,56.97737819106654
2.906334803610136,60.00539306893744
2.906334803610136,58.83390702994567
2.906334803610136,60.43693090262918
2.906334803610136,59.823741334283554
2.906334803610136,59.99052279647439
2.906334803610136,60.824182060752435
2.906334803610136,58.69121572325992
2.906334803610136,57.93392366797469
2.906334803610136,59.029886648131594
2.906334803610136,58.73794089813358
2.906334803610136,60.032020442824624
2.906334803610136,59.98152665401322
2.906334803610136,62.44988306785623
2.906334803610136,62.2149457657683
2.906334803610136,60.47838827090803
2.906334803610136,60.24228209308946
2.906334803610136,60.060682604419846
2.906334803610136,60.07098608045633
2.906334803610136,59.467998864686585
2.906334803610136,59.981389744664554
2.906334803610136,59.988456486957865
2.906334803610136,59.895510995440205
2.906334803610136,60.10704551656313
2.906334803610136,59.945458876351324
2.906334803610136,58.30883829876619
2.906334803610136,60.80056890816009
2.906334803610136,69.95027183508756
2.906334803610136,80.91106730473889
2.906334803610136,59.992284742230474
2.906334803610136,79.33985559918024
2.906334803610136,57.80622971771193
2.906334803610136,59.71672413090796
2.906334803610136,59.81393637291664
2.906334803610136,60.163314646790695
2.906334803610136,60.21042269904769
2.906334803610136,63.00981915381176
2.906334803610136,59.927264319021354
2.906334803610136,59.849719670433934
2.906334803610136,64.71549067300674
2.906334803610136,59.981389544771574
2.906334803610136,59.97056441218106
2.906334803610136,60.38519010205914
2.906334803610136,54.03331813947633
2.906334803610136,58.88277152316216
2.906334803610136,56.969766554215674
2.906334803610136,59.93024826957329
2.906334803610136,57.73440750091858
2.906334803610136,67.61042940777442
2.906334803610136,58.15510090412328
2.906334803610136,56.71199167279239
2.906334803610136,59.4280188460184
2.906334803610136,59.92734673411345
2.906334803610136,60.58852491084656
2.906334803610136,59.35881776310803
2.906334803610136,60.34509041368668
2.906334803610136,59.99495252186179
2.906334803610136,60.16847804060957
2.906334803610136,60.32638922559969
2.906334803610136,58.9831472971625
2.906334803610136,56.364245330340964
2.906334803610136,58.49198945860496
2.906334803610136,58.99127632129141
2.906334803610136,71.83329465615535
2.906334803610136,57.954439980504105
2.906334803610136,59.815430047119385
2.906334803610136,62.093917549792685
2.906334803610136,59.07823921259287
2.906334803610136,60.03593658578352
2.906334803610136,59.97515858254783
2.906334803610136,60.01955244057059
2.906334803610136,59.89318861475091
2.906334803610136,60.00031258572019
2.906334803610136,59.98698214642943
2.906334803610136,59.990625065981774
2.906334803610136,69.07054583465774
2.906334803610136,59.680226109132114
2.906334803610136,59.16953575481737
2.906334803610136,113.65047387718971
2.906334803610136,61.149974481406986
2.906334803610136,58.31474852366685
2.906334803610136,71.59694463133397
2.906334803610136,58.45471414338402
2.906334803610136,56.97150650027766
2.906334803610136,69.63824383614126
2.906334803610136,60.667840160386746
2.906334803610136,59.88800941678962
2.906334803610136,60.09375563686664
2.906334803610136,60.23549726791848
2.906334803610136,59.9912394645101
2.906334803610136,59.945691773786876
2.906334803610136,67.37722854738618
2.906334803610136,59.26224296627794
2.906334803610136,62.87550660935698
2.906334803610136,60.0154850277597
2.906334803610136,60.53000405073345
2.906334803610136,60.60571329369355
2.906334803610136,72.17290464730733
2.906334803610136,59.43449576722599
2.906334803610136,55.92139741563055
2.906334803610136,57.89665978895863
2.906334803610136,59.240211389079434
2.906334803610136,62.602025888599485
2.906334803610136,60.39319080057226
2.906334803610136,63.20265383369042
2.906334803610136,59.24088784271892
2.906334803610136,60.00705537329409
2.906334803610136,59.970045703211134
2.906334803610136,58.43301117808001
2.906334803610136,58.93034814576257
2.906334803610136,60.577616886121355
2.906334803610136,60.61541942760699
2.906334803610136,59.004668177619706
2.906334803610136,61.27506556393803
2.906334803610136,60.125010499847875
2.906334803610136,73.5025896575711
2.906334803610136,58.90511912720457
2.906334803610136,58.74994319436715
2.906334803610136,67.28351621125485
2.906334803610136,60.21739547593751
2.906334803610136,60.02995729965164
2.906334803610136,59.26399050112123
2.906334803610136,59.85919593373951
2.906334803610136,60.613083604082455
2.906334803610136,60.07039994951612
2.906334803610136,59.95779827091074
2.906334803610136,59.98866438111775
2.906334803610136,63.3127478367215
2.906334803610136,59.5443510826749
2.906334803610136,59.98721225375626
2.906334803610136,59.844616601145866
2.906334803610136,58.36196732750521
2.906334803610136,58.87261174205785
2.906334803610136,60.02602112548856
2.906334803610136,87.9877956576581
2.906334803610136,71.01383821270342
2.906334803610136,57.21077601615919
2.906334803610136,60.57373494677478
2.906334803610136,60.51452285335012
2.906334803610136,62.706352660185246
2.906334803610136,59.70478373242619
2.906334803610136,60.34226033213948
2.906334803610136,60.053519481085395
2.906334803610136,59.99616757971075
2.906334803610136,59.64805885915801
2.906334803610136,59.040423313512015
2.906334803610136,60.254077083522745
2.906334803610136,59.30266797025156
2.906334803610136,60.76099545536329
2.906334803610136,59.45976381761086
2.906334803610136,56.24308961016978
2.906334803610136,56.41393916558865
2.906334803610136,57.82610977588315
2.906334803610136,60.56756421654507
2.906334803610136,61.65588216641505
2.906334803610136,59.54195291945323
2.906334803610136,60.24175706227924
2.906334803610136,60.206379304489154
2.906334803610136,63.341220052012936
2.906334803610136,60.0174047714442
2.906334803610136,60.47152250265081
2.906334803610136,59.89605840285319
2.906334803610136,60.21609055385735
2.906334803610136,60.90832760886541
2.906334803610136,59.49216207893671
2.906334803610136,70.10355015811854
2.906334803610136,59.569552955896526
2.906334803610136,58.71941136874051
2.906334803610136,58.09492291374643
2.906334803610136,60.80372945510558
2.906334803610136,83.71080535573611
2.906334803610136,60.03048983729774
2.906334803610136,58.839048619671395
2.906334803610136,59.31411579381288
2.906334803610136,62.68964592095872
2.906334803610136,59.78065842585366
2.906334803610136,62.93362383482869
2.906334803610136,60.45594757561629
2.906334803610136,58.98471438794376
2.906334803610136,62.575653374744384
2.906334803610136,60.266091947091155
2.906334803610136,59.98862559531808
2.906334803610136,60.01469245056385
2.906334803610136,59.98809166360232
2.906334803610136,62.48140184614335
2.906334803610136,60.02549904397428
2.906334803610136,59.936508538235024
2.906334803610136,59.80002486573953
2.906334803610136,55.91147892760142
2.906334803610136,68.41804732840262
2.906334803610136,56.62485284843746
2.906334803610136,59.00424765490848
2.906334803610136,59.71027193412663
2.906334803610136,59.98639503016356
2.906334803610136,60.63799072756837
2.906334803610136,60.11248251321865
2.906334803610136,58.85925099657194
2.906334803610136,60.02290102293714
2.906334803610136,60.01544190408075
2.906334803610136,59.86103391996445
2.906334803610136,59.967810776280906
2.906334803610136,60.15845617701221
2.906334803610136,59.510586797783446
2.906334803610136,67.80010623679016
2.906334803610136,57.82070121455265
2.906334803610136,56.63037165841881
2.906334803610136,60.65196847083686
2.906334803610136,60.09756732092936
2.906334803610136,59.33090336088851
2.906334803610136,60.351789777079176
2.906334803610136,58.534953104316806
2.906334803610136,60.76218240220575
2.906334803610136,59.854459982768844
2.906334803610136,59.34270859381499
2.906334803610136,60.24346796394985
2.906334803610136,60.00440155741678
2.906334803610136,60.042182700659176
2.906334803610136,59.664862801249
2.906334803610136,60.54760553185671
2.906334803610136,57.799903283870755
2.906334803610136,60.262061197313024
2.906334803610136,67.95277484190862
2.906334803610136,71.67988943177318
2.906334803610136,60.28161261490502
2.906334803610136,54.089856721539775
2.906334803610136,60.57384981751126
2.906334803610136,60.52037188682463
2.906334803610136,60.22735711562668
2.906334803610136,60.486455324921764
2.906334803610136,59.49812650677135
2.906334803610136,63.59819315457002
2.906334803610136,62.74698409016048
2.906334803610136,60.09443470568367
2.906334803610136,60.00519580419859
2.906334803610136,59.784343938102715
2.906334803610136,59.19506135206975
2.906334803610136,60.40527046907021
2.906334803610136,77.61090926891886
2.906334803610136,56.653133102515454
2.906334803610136,85.3973040608819
2.906334803610136,60.48641598283645
2.906334803610136,60.00393626434427
2.906334803610136,59.46367217634071
2.906334803610136,63.287879730472255
2.906334803610136,59.78863619662495
2.906334803610136,59.69458470643998
2.906334803610136,60.171525941230136
2.906334803610136,61.98776113686709
2.906334803610136,60.032927268299886
2.906334803610136,60.016664467589806
2.906334803610136,60.0000795215795
2.906334803610136,55.405187479552716
2.906334803610136,59.03929926713893
2.906334803610136,57.11939496215877
2.906334803610136,55.02333673257691
2.906334803610136,70.18882374530978
2.906334803610136,56.984757105668756
2.906334803610136,56.740105758549795
2.906334803610136,60.820057573100264
2.906334803610136,59.973948128148756
2.906334803610136,59.56473062348105
2.906334803610136,60.82350377399587
2.906334803610136,66.38186884620626
2.906334803610136,59.366194572053686
2.906334803610136,60.01685285019666
2.906334803610136,63.04788102001253
2.906334803610136,59.8988954418477
2.906334803610136,59.992437177729244
2.906334803610136,60.018954238682475
2.906334803610136,59.994849515129495
2.906334803610136,60.046232631253375
2.906334803610136,60.00264471971629
2.906334803610136,57.94705913384627
2.906334803610136,59.40405375470402
2.906334803610136,60.13935213208414
2.906334803610136,52.65577976545953
2.906334803610136,74.02656854550614
2.906334803610136,57.32847953440449
2.906334803610136,57.50264179022802
2.906334803610136,69.7276908392603
2.906334803610136,60.08586083158387
2.906334803610136,60.06635076055178
2.906334803610136,59.29855988245592
2.906334803610136,60.12207349050435
2.906334803610136,59.8557496378512
2.906334803610136,60.20084574459146
2.906334803610136,59.62804095952825
2.906334803610136,60.09628450434561
2.906334803610136,59.61275733943468
2.906334803610136,59.99281733851144
2.906334803610136,59.964186220652884
2.906334803610136,61.293156657844726
2.906334803610136,61.13812779973844
2.906334803610136,60.14859814003498
2.906334803610136,67.75260212872969
2.906334803610136,95.1756217438403
2.906334803610136,59.95274003968343
2.906334803610136,59.541149135683625
2.906334803610136,60.14816974007416
2.906334803610136,59.56791111699147
2.906334803610136,58.69498032240377
2.906334803610136,59.58494805801016
2.906334803610136,63.540262690553796
2.906334803610136,59.666286162800056
2.906334803610136,60.03092495157821
2.906334803610136,60.07082192272351
2.906334803610136,60.861185284032864
2.906334803610136,59.938680238728985
2.906334803610136,60.49684986635368
2.906334803610136,58.29277137141733
2.906334803610136,71.21488125231899
2.906334803610136,77.47249744188714
2.906334803610136,67.11855360878688
2.906334803610136,61.30387957186876
2.906334803610136,56.02864347090525
2.906334803610136,59.62935027520839
2.906334803610136,59.95170606681362
2.906334803610136,66.78867292889029
2.906334803610136,63.44080570630139
2.906334803610136,66.70291937792317
2.906334803610136,64.19929595011416
2.906334803610136,59.31264920701705
2.906334803610136,60.4809274380412
2.906334803610136,62.864725459079104
2.906334803610136,60.0340421018376
2.906334803610136,59.75949825711711
2.906334803610136,60.04014154760295
2.906334803610136,59.00371467263555
2.906334803610136,58.712861826084826
2.906334803610136,58.68404789016426
2.906334803610136,53.129088246853925
2.906334803610136,57.93870099349613
2.906334803610136,53.15322225926892
2.906334803610136,57.76934088428326
2.906334803610136,55.988178947358094
2.906334803610136,58.46187160696746
2.906334803610136,58.602054945431036
2.906334803610136,59.29632011428667
2.906334803610136,59.25170531388221
2.906334803610136,60.171640520478505
2.906334803610136,60.28848417514636
2.906334803610136,60.438123508627164
2.906334803610136,60.12189450409033
2.906334803610136,60.088242460110536
2.906334803610136,77.73510094265127
2.906334803610136,70.5343113585892
2.906334803610136,60.46590070323972
2.906334803610136,60.616019581187764
2.906334803610136,59.479555320135404
2.906334803610136,59.84822205584676
2.906334803610136,60.00905636078811
2.906334803610136,59.96088486624971
2.906334803610136,60.215069607863335
2.906334803610136,59.89198532212558
2.906334803610136,60.37332885425918
2.906334803610136,58.976290737565215
2.906334803610136,59.245658090485726
2.906334803610136,61.05746820600369
2.906334803610136,87.55879482490053
2.906334803610136,80.52221423974244
2.906334803610136,67.9565691698338
2.906334803610136,53.96333578403416
2.906334803610136,82.41447969638313
2.906334803610136,60.422759483741636
2.906334803610136,58.601030157303576
2.906334803610136,59.96559564011913
2.906334803610136,60.23239940502481
2.906334803610136,59.62096184819692
2.906334803610136,62.67363607148515
2.906334803610136,65.98139398772692
2.906334803610136,60.9413419328513
2.906334803610136,59.72435346234034
2.906334803610136,58.40872754203124
2.906334803610136,59.83840585564543
2.906334803610136,59.80811943503395
2.906334803610136,59.88460524623296
2.906334803610136,59.938718055350996
2.906334803610136,59.956318191996004
2.906334803610136,56.09070599976998
2.906334803610136,60.95745154760724
2.906334803610136,59.187750040555635
2.906334803610136,57.05138174665754
2.906334803610136,60.30930516274584
2.906334803610136,59.3925643458554
2.906334803610136,59.67003071828155
2.906334803610136,60.1267661742157
2.906334803610136,60.783128680080765
2.906334803610136,59.94611427627761
2.906334803610136,60.09380951735376
2.906334803610136,59.08511483996497
2.906334803610136,59.72266540825549
2.906334803610136,59.97823157753193
2.906334803610136,60.00288374680338
2.906334803610136,60.010796230903374
2.906334803610136,59.97778482124471
2.906334803610136,59.75083310992915
2.906334803610136,60.33988573756105
2.906334803610136,57.37595982453995
2.906334803610136,60.22631524517415
2.906334803610136,59.92734751132512
2.906334803610136,60.05534791547952
2.906334803610136,59.76993906658315
2.906334803610136,65.20362096661353
2.906334803610136,60.12519104605467
2.906334803610136,65.10920776588914
2.906334803610136,59.94012447874941
2.906334803610136,60.00653974689573
2.906334803610136,60.009482992225905
2.906334803610136,59.9782357192986
2.906334803610136,59.83095677314794
2.906334803610136,59.79100895053076
2.906334803610136,67.81384879861179
2.906334803610136,60.52284708064278
2.906334803610136,66.78030786593479
2.906334803610136,58.89716113383227
2.906334803610136,61.941423605799734
2.906334803610136,59.79949252334699
2.906334803610136,60.49033543991514
2.906334803610136,60.29832092378217
2.906334803610136,56.735010750783324
2.906334803610136,59.959641196621284
2.906334803610136,60.09427570213217
2.906334803610136,59.537214304481694
2.906334803610136,59.951637421441006
2.906334803610136,60.345824036081346
2.906334803610136,63.23396491866106
2.906334803610136,59.610487641608835
2.906334803610136,63.03045031313429
2.906334803610136,59.96996258805422
2.906334803610136,59.84084661975723
2.906334803610136,60.07068740196532
2.906334803610136,62.26038046997584
2.906334803610136,59.99548439515885
2.906334803610136,59.971147867913075
2.906334803610136,60.14228183803891
2.906334803610136,59.845900404252355
2.906334803610136,60.282877893949944
2.906334803610136,59.88397935524063
2.906334803610136,60.244233120048385
2.906334803610136,61.6862443916447
2.906334803610136,78.98774362612723
2.906334803610136,57.944487053196845
2.906334803610136,59.96999264078177
2.906334803610136,59.87243257731634
2.906334803610136,60.01081415277359
2.906334803610136,59.99959331350866
2.906334803610136,60.69652419549549
2.906334803610136,59.928422217377545
2.906334803610136,61.52401244012936
2.906334803610136,60.34839035065327
2.906334803610136,62.06876698586105
2.906334803610136,59.98085347208718
2.906334803610136,64.32211484608519
2.906334803610136,59.378327690742765
2.906334803610136,60.28336583573094
2.906334803610136,59.67368607355272
2.906334803610136,63.11182575277443
2.906334803610136,60.2870474508073
2.906334803610136,59.99685360951191
2.906334803610136,59.99491379668999
2.906334803610136,60.1396323387301
2.906334803610136,59.8290244647745
2.906334803610136,59.47816527863781
2.906334803610136,59.88256350537308
2.906334803610136,58.61092651933305
2.906334803610136,60.102609476597756
2.906334803610136,60.06662594559446
2.906334803610136,60.00146037182816
2.906334803610136,61.63872187250021
2.906334803610136,59.09133424664419
2.906334803610136,73.88162510623829
2.906334803610136,58.21501442369632
2.906334803610136,59.91351525389511
2.906334803610136,59.98756817614021
2.906334803610136,60.11199741026974
2.906334803610136,59.43502137071091
2.906334803610136,59.99515606606322
2.906334803610136,60.69749567120091
2.906334803610136,59.94793301331993
2.906334803610136,58.70394373022752
2.906334803610136,67.68325180470244
2.906334803610136,59.860340170643745
2.906334803610136,60.003522116140665
2.906334803610136,59.996402834292624
2.906334803610136,59.81137178548828
2.906334803610136,61.7671198360863
2.906334803610136,60.50268024533624
2.906334803610136,60.19892955486198
2.906334803610136,59.85887546507382
2.906334803610136,59.62502822216885
2.906334803610136,60.39531253548935
2.906334803610136,60.278951241810994
2.906334803610136,61.74260422955556
2.906334803610136,59.996108985684245
2.906334803610136,60.69963692257325
2.906334803610136,59.469041445264025
2.906334803610136,59.95425001298096
2.906334803610136,61.22947491711123
2.906334803610136,59.88175074863068
2.906334803610136,59.71246901988143
2.906334803610136,60.505370979980285
2.906334803610136,60.31664502778211
2.906334803610136,61.52680878633884
2.906334803610136,61.0175213243302
2.906334803610136,59.50129028897147
2.906334803610136,59.97992829994383
2.906334803610136,59.99609641586374
2.906334803610136,59.06502371381727
2.906334803610136,64.71559485638183
2.906334803610136,60.839082117729916
2.906334803610136,60.212721160978845
2.906334803610136,60.05711970754671
2.906334803610136,60.79818324469532
2.906334803610136,64.38470826471024
2.906334803610136,60.001763807712265
2.906334803610136,60.001141855818084
2.906334803610136,59.95930359795633
2.906334803610136,60.188754484472206
2.906334803610136,60.54379945175893
2.906334803610136,59.656084019889725
2.906334803610136,60.20257300351048
2.906334803610136,60.194237877181656
2.906334803610136,59.75294363871461
2.906334803610136,59.662655836617475
2.906334803610136,59.811926843989156
2.906334803610136,60.089845250050814
2.906334803610136,59.54438041713002
2.906334803610136,60.00165581519949
2.906334803610136,60.08422934624647
2.906334803610136,63.14021302140669
2.906334803610136,58.569731299190245
2.906334803610136,59.94279053938717
2.906334803610136,59.4585992903679
2.906334803610136,63.352713424851935
2.906334803610136,60.03412096980575
2.906334803610136,59.920949970511245
2.906334803610136,59.9134904190253
2.906334803610136,59.896349366455894
2.906334803610136,59.8255855756388
2.906334803610136,59.96873531204246
2.906334803610136,59.89509652041985
2.906334803610136,61.54633165780107
2.906334803610136,60.10695992201327
2.906334803610136,59.989091597218994
2.906334803610136,60.32522140312807
2.906334803610136,60.013425645134596
2.906334803610136,61.94834233621681
2.906334803610136,60.00664748518292
2.906334803610136,60.01269581690702
2.906334803610136,59.77298011400635
2.906334803610136,60.022089510530954
2.906334803610136,60.00474801531627
2.906334803610136,59.99714206692408
2.906334803610136,63.347279210826024
2.906334803610136,59.736717404451646
2.906334803610136,59.939204685269644
2.906334803610136,59.493687537149235
2.906334803610136,59.985297771426175
2.906334803610136,60.10027992794927
2.906334803610136,60.389620271215406
2.906334803610136,59.47965102187494
2.906334803610136,62.03470184263418
2.906334803610136,59.98733628813162
2.906334803610136,60.90429897857199
2.906334803610136,62.21193931138697
2.906334803610136,60.360215243797484
2.906334803610136,62.62761875385685
2.906334803610136,60.5907202501713
2.906334803610136,59.5075917414372
2.906334803610136,60.01416826412806
2.906334803610136,59.95747815967222
2.906334803610136,59.92247749952576
2.906334803610136,59.98842367472015
2.906334803610136,59.983445977785394
2.906334803610136,60.285041211254715
2.906334803610136,60.05135651695554
2.906334803610136,60.00883976693518
2.906334803610136,60.224418711406855
2.906334803610136,60.773654644941
2.906334803610136,60.01032185484669
2.906334803610136,59.95953468626069
2.906334803610136,65.74385077577425
2.906334803610136,59.27092490501724
2.906334803610136,59.94415323737375
2.906334803610136,60.08830984079828
2.906334803610136,63.03665461584631
2.906334803610136,60.06217985354236
2.906334803610136,60.07412277478964
2.906334803610136,59.61632631920189
2.906334803610136,59.21175884626707
2.906334803610136,67.884490068982
2.906334803610136,59.96649981485414
2.906334803610136,60.022813464082354
2.906334803610136,59.84624272129913
2.906334803610136,61.412239754374404
2.906334803610136,61.22453289252917
2.906334803610136,60.00658142928729
2.906334803610136,59.91924101816245
2.906334803610136,61.461342407129194
2.906334803610136,60.32001688312293
2.906334803610136,59.712222652976514
2.906334803610136,60.01738310969005
2.906334803610136,59.45001779175621
2.906334803610136,60.00829636021836
2.906334803610136,60.032890678811086
2.906334803610136,59.65860087158628
2.906334803610136,64.1437915859977
2.906334803610136,60.02069843915257
2.906334803610136,59.912394886289874
2.906334803610136,60.00386318119708
2.906334803610136,60.05002629279402
2.906334803610136,60.013983369344054
2.906334803610136,60.18037406307213
2.906334803610136,60.18403959244075
2.906334803610136,59.5442605526638
2.906334803610136,60.370774353753504
2.906334803610136,60.21255156619106
2.906334803610136,60.194143383003414
2.906334803610136,60.080279810949634
2.906334803610136,60.35361029277966
2.906334803610136,59.491731760080825
2.906334803610136,59.26377403173513
2.906334803610136,59.11355128213102
2.906334803610136,64.95436651616937
2.906334803610136,60.18490179736914
2.906334803610136,61.48942095526496
2.906334803610136,63.42093401014893
2.906334803610136,59.995435767436035
2.906334803610136,60.02321529408183
2.906334803610136,60.017024922639166
2.906334803610136,59.84181035775221
2.906334803610136,59.78359499809171
2.906334803610136,59.58280774236851
2.906334803610136,59.98193771111894
2.906334803610136,59.98351148491412
2.906334803610136,60.201631928328055
2.906334803610136,59.64688784519865
2.906334803610136,60.23964559183353
2.906334803610136,59.99597162814301
2.906334803610136,63.06834340289832
2.906334803610136,60.05443931578986
2.906334803610136,60.53170816328865
2.906334803610136,59.27639424262576
2.906334803610136,59.9598625543879
2.906334803610136,60.15491777748236
2.906334803610136,59.99818894284486
2.906334803610136,60.01419355716502
2.906334803610136,59.84337622546617
2.906334803610136,60.28550400347004
2.906334803610136,59.53351006819124
2.906334803610136,59.806969870751416
2.906334803610136,60.09263489408973
2.906334803610136,60.05716278647976
2.906334803610136,60.50455224594457
2.906334803610136,62.50594078356186
2.906334803610136,59.91107348650577
2.906334803610136,59.68760975572989
2.906334803610136,61.53362033860711
2.906334803610136,60.23911088479143
2.906334803610136,59.479266155986515
2.906334803610136,60.00196310234711
2.906334803610136,59.93354980768069
2.906334803610136,59.957501867259445
2.906334803610136,59.997794822214864
2.906334803610136,60.0533232685382
2.906334803610136,60.03308485460358
2.906334803610136,59.895144167797504
2.906334803610136,60.28437501625851
2.906334803610136,59.39594219580695
2.906334803610136,59.870213286666946
2.906334803610136,60.20994282851143
2.906334803610136,60.03173628787387
2.906334803610136,60.07763106653853
2.906334803610136,59.96093577530548
2.906334803610136,60.02465594214781
2.906334803610136,59.864426585735316
2.906334803610136,60.353295233694524
2.906334803610136,60.10259584524307
2.906334803610136,61.63388270995276
2.906334803610136,58.681819260185435
2.906334803610136,59.99741619942144
2.906334803610136,61.629000599899165
2.906334803610136,60.329098612036574
2.906334803610136,59.770589652229965
2.906334803610136,60.2647848132948
2.906334803610136,60.15464088521825
2.906334803610136,59.99773055976837
2.906334803610136,60.09502162054795
2.906334803610136,59.848822893984675
2.906334803610136,60.06920925862408
2.906334803610136,59.86308594917936
2.906334803610136,66.23228270881157
2.906334803610136,61.467859793093616
2.906334803610136,60.282439610459804
2.906334803610136,59.996042296181265
2.906334803610136,59.97812501851748
2.906334803610136,60.04953671841928
2.906334803610136,60.18366328401196
2.906334803610136,59.99531741184237
2.906334803610136,61.51569653633899
2.906334803610136,59.53077600649406
2.906334803610136,61.791654285560824
2.906334803610136,60.01016414349402
2.906334803610136,60.00548205197721
2.906334803610136,60.11258402111795
2.906334803610136,59.71884574187942
2.906334803610136,59.96321189160651
2.906334803610136,62.32679567825159
2.906334803610136,59.97337192214002
2.906334803610136,59.99458321597772
2.906334803610136,59.99769341414514
2.906334803610136,59.98919706533997
2.906334803610136,61.94335829352404
2.906334803610136,60.227492811183566
2.906334803610136,60.089046321515056
2.906334803610136,60.04656927448896
2.906334803610136,60.00408475667419
2.906334803610136,60.01462617843276
2.906334803610136,60.505453515693986
2.906334803610136,60.40652812919826
2.906334803610136,60.25930519450053
2.906334803610136,60.06109383681876
2.906334803610136,60.554489869904785
2.906334803610136,59.9451433827463
2.906334803610136,60.517014051791634
2.906334803610136,59.989077302342196
2.906334803610136,59.95320393095285
2.906334803610136,59.96960708088699
2.906334803610136,60.01766724712048
2.906334803610136,59.985361816062046
2.906334803610136,60.011249298751174
2.906334803610136,60.011706873060795
2.906334803610136,59.64206073841293
2.906334803610136,59.45975300184054
2.906334803610136,61.668979855089916
2.906334803610136,59.66565768086367
2.906334803610136,59.959480330877916
2.906334803610136,61.65588304176778
2.906334803610136,60.06075502179229
2.906334803610136,60.14540385801237
2.906334803610136,59.97630856641414
2.906334803610136,59.99819590847524
2.906334803610136,60.01830826113729
2.906334803610136,59.92294341607374
2.906334803610136,61.62298464394715
2.906334803610136,60.14390948136585
2.906334803610136,59.80279623533279
2.906334803610136,60.40737902973414
2.906334803610136,59.85569087650024
2.906334803610136,59.78713908945962
2.906334803610136,59.98919623476742
2.906334803610136,60.031508918175426
2.906334803610136,59.82424315147617
2.906334803610136,59.646076215010034
2.906334803610136,60.03402885748756
2.906334803610136,59.89384009850012
2.906334803610136,60.27391423025139
2.906334803610136,59.850454442798004
2.906334803610136,59.99217162334109
2.906334803610136,59.98114888519029
2.906334803610136,60.10530006975194
2.906334803610136,60.15141763434954
2.906334803610136,59.69073326448735
2.906334803610136,60.037956698551575
2.906334803610136,59.999810557842395
2.906334803610136,59.99665471539193
2.906334803610136,60.00704160878911
2.906334803610136,59.98373722304297
2.906334803610136,59.863400641922965
2.906334803610136,59.93660144611506
2.906334803610136,60.10759407813017
2.906334803610136,59.961650808703034
2.906334803610136,60.00116238798246
2.906334803610136,59.992438604292325
2.906334803610136,60.010576462719584
2.906334803610136,59.924243601528545
2.906334803610136,59.95342282799909
2.906334803610136,60.034108872220294
2.906334803610136,60.00287823099158
2.906334803610136,60.0184877750645
2.906334803610136,60.01705925583235
2.906334803610136,60.03398401221182
2.906334803610136,60.00685655226568
2.906334803610136,60.00715546921107
2.906334803610136,60.013207316862406
2.906334803610136,60.006891325727985
2.906334803610136,60.02118544140734
2.906334803610136,60.015696424852855
2.906334803610136,60.016878246343055
2.906334803610136,60.017361011821144
2.906334803610136,60.01167698371998
2.906334803610136,60.014206079559564
2.906334803610136,60.00143291873701
2.906334803610136,60.00043124906661
2.906334803610136,59.999802870468194
2.906334803610136,59.99846987666187
2.906334803610136,60.00033779458469
2.906334803610136,59.998059852256226
2.906334803610136,60.00036925773851
2.906334803610136,60.00056733651335
2.906334803610136,60.00005562371441
2.906334803610136,64.76623730564796
2.906334803610136,60.15347185224522
2.906334803610136,59.630977403066765
2.906334803610136,60.04579993907215
2.906334803610136,60.01635411850216
2.906334803610136,59.99386996087806
2.906334803610136,60.000125488180814
2.906334803610136,60.00292466055272
2.906334803610136,60.00338455130648
2.906334803610136,59.22903349622287
2.906334803610136,59.139438951835906
2.906334803610136,59.99261104682213
2.906334803610136,60.656035178585654
2.906334803610136,60.051006573844916
2.906334803610136,60.04111830531286
2.906334803610136,59.998787409487505
2.906334803610136,59.44148464612921
2.906334803610136,59.456780204828796
2.906334803610136,59.43441104502979
2.906334803610136,60.01683712902214
2.906334803610136,61.020598559150535
2.906334803610136,59.785498681988564
2.906334803610136,70.43632097407782
2.906334803610136,60.000115094135985
2.906334803610136,59.998586885467866
2.906334803610136,59.99459217652548
2.906334803610136,60.0222516739169
2.906334803610136,60.044490387573084
2.906334803610136,59.07259893039633
2.906334803610136,60.055109290933174
2.906334803610136,60.03349377762093
2.906334803610136,59.71178911100515
2.906334803610136,69.82059983728121
2.906334803610136,79.00531624427397
2.906334803610136,60.87954341015606
2.906334803610136,60.001991059540224
2.906334803610136,60.04658757920166
2.906334803610136,59.98373297919693
2.906334803610136,60.00009123949584
2.906334803610136,59.991899581472865
2.906334803610136,59.98670969358361
2.906334803610136,60.00465149358998
2.906334803610136,59.99833775110514
2.906334803610136,59.98396678204832
2.906334803610136,59.943024680437155
2.906334803610136,59.998351148483636
2.906334803610136,60.02837965107362
2.906334803610136,59.997304051330225
2.906334803610136,59.952779628771985
2.906334803610136,59.842816000224204
2.906334803610136,60.00508061538353
2.906334803610136,59.99428031679737
2.906334803610136,60.00745233176571
2.906334803610136,60.0022564883171
2.906334803610136,60.87946068324587
2.906334803610136,59.407477367034446
2.906334803610136,60.15220826675298
2.906334803610136,64.76413495815305
2.906334803610136,60.03686239293632
2.906334803610136,59.99286765876381
2.906334803610136,60.02816661416338
2.906334803610136,60.0114684071278
2.906334803610136,59.22950170538659
2.906334803610136,59.23109566507719
2.906334803610136,60.023085633875255
2.906334803610136,70.08863911415699
2.906334803610136,60.340881988419724
2.906334803610136,59.709336691861616
2.906334803610136,63.36458622981756
2.906334803610136,60.179294524813706
2.906334803610136,60.0055781208326
2.906334803610136,60.03966415666653
2.906334803610136,60.04506515656894
2.906334803610136,60.001173516974184
2.906334803610136,59.98880004485918
2.906334803610136,60.00766411614818
2.906334803610136,59.99593743960501
2.906334803610136,59.666721929023595
2.906334803610136,59.45820196050567
2.906334803610136,60.541219581957236
2.906334803610136,59.27197956303863
2.906334803610136,59.2434522091061
2.906334803610136,60.07321361674712
2.906334803610136,59.671961562531344
2.906334803610136,60.04575311629588
2.906334803610136,79.0082134832078
2.906334803610136,60.67867294173466
2.906334803610136,60.00621489424342
2.906334803610136,59.882617644610654
2.906334803610136,60.028435396819525
2.906334803610136,60.03321660442015
2.906334803610136,60.04233224664695
2.906334803610136,60.017095067968505
2.906334803610136,60.00111966441175
2.906334803610136,59.97943020984504
2.906334803610136,60.00000031074629
2.906334803610136,60.03258599310553
2.906334803610136,59.95824953856953
2.906334803610136,59.193792737543674
2.906334803610136,59.048475313071876
2.906334803610136,60.16608041076349
2.906334803610136,60.518342948960054
2.906334803610136,59.989694680224844
2.906334803610136,60.01574363938888
2.906334803610136,59.99303051122183
2.906334803610136,59.82405434488189
2.906334803610136,60.172206331424945
2.906334803610136,59.700903657660724
2.906334803610136,60.62251574870728
2.906334803610136,70.4841561408969
2.906334803610136,66.54253189187034
2.906334803610136,60.030910195952316
2.906334803610136,59.617404480114914
2.906334803610136,59.997878167986876
2.906334803610136,59.97962608770772
2.906334803610136,60.022408298076535
2.906334803610136,60.019229627743634
2.906334803610136,59.89844769348253
2.906334803610136,59.98753441438384
2.906334803610136,59.41096966793029
2.906334803610136,60.03089222773662
2.906334803610136,59.69725367074488
2.906334803610136,60.77741396547899
2.906334803610136,61.32640352112046
2.906334803610136,66.42017717907748
2.906334803610136,60.29946374896679
2.906334803610136,59.98562437890176
2.906334803610136,60.01046340679064
2.906334803610136,60.00040200994999
2.906334803610136,59.99484083867996
2.906334803610136,59.9989212661272
2.906334803610136,60.004383096878904
2.906334803610136,60.04767666168132
2.906334803610136,60.02962819346623
2.906334803610136,59.99927938576559
2.906334803610136,59.94930404125004
2.906334803610136,69.75584228959171
2.906334803610136,60.581419846309295
2.906334803610136,62.44786302223894
2.906334803610136,61.326682838718185
2.906334803610136,60.00019628807788
2.906334803610136,60.00907162597736
2.906334803610136,59.97600831556342
2.906334803610136,60.00289595276276
2.906334803610136,60.023672457659366
2.906334803610136,59.941887247988035
2.906334803610136,59.99212315588604
2.906334803610136,60.03211145048639
2.906334803610136,60.01866681656749
2.906334803610136,60.01349583428554
2.906334803610136,60.02762210982095
2.906334803610136,59.49418022605332
2.906334803610136,60.35858769702162
2.906334803610136,60.00848187197957
2.906334803610136,69.74388765130777
2.906334803610136,59.99576121091836
2.906334803610136,59.964382179060486
2.906334803610136,60.004528516267115
2.906334803610136,60.013400069227174
2.906334803610136,59.90341777627532
2.906334803610136,59.99685573341091
2.906334803610136,60.008318879020905
2.906334803610136,59.78316114307509
2.906334803610136,59.9999697509109
2.906334803610136,60.046229267193276
2.906334803610136,59.98902580240335
2.906334803610136,59.97620468233045
2.906334803610136,59.81696274552328
2.906334803610136,61.030105610072454
2.906334803610136,59.24821305031043
2.906334803610136,60.16322071319627
2.906334803610136,61.434705897867104
2.906334803610136,59.89424004697113
2.906334803610136,60.1008346618024
2.906334803610136,65.67173251996857
2.906334803610136,60.021303238151845
2.906334803610136,59.99956851409534
2.906334803610136,59.99747173607691
2.906334803610136,60.010663762189864
2.906334803610136,60.017364891677985
2.906334803610136,60.00210932529286
2.906334803610136,59.99066125994191
2.906334803610136,59.71188337441751
2.906334803610136,60.014605446175
2.906334803610136,59.596776214663656
2.906334803610136,59.28577874455679
2.906334803610136,60.02846245527204
2.906334803610136,59.88011086981521
2.906334803610136,60.14745889199651
2.906334803610136,59.18103145708557
2.906334803610136,70.48103900557767
2.906334803610136,59.738290472727094
2.906334803610136,60.37989807916165
2.906334803610136,60.74897690579017
2.906334803610136,59.479704995855904
2.906334803610136,59.91050409124509
2.906334803610136,59.995297686148774
2.906334803610136,60.00631812151
2.906334803610136,60.04285729736268
2.906334803610136,59.739533608307745
2.906334803610136,60.00990247824507
2.906334803610136,60.04409654087574
2.906334803610136,61.56073959748191
2.906334803610136,58.54191658313753
2.906334803610136,59.97859880510223
2.906334803610136,60.003637430095836
2.906334803610136,60.01773848672938
2.906334803610136,78.97125728203116
2.906334803610136,62.41583637577792
2.906334803610136,59.98649169700682
2.906334803610136,67.57231568346211
2.906334803610136,60.519538959296625
2.906334803610136,59.32549702768884
2.906334803610136,59.99908133148387
2.906334803610136,60.02174469410014
2.906334803610136,59.98549887276701
2.906334803610136,60.02079490414482
2.906334803610136,60.01596518820213
2.906334803610136,60.014800172412734
2.906334803610136,60.02455965641778
2.906334803610136,59.996543871062364
2.906334803610136,60.016298999073165
2.906334803610136,60.01396106729373
2.906334803610136,59.999619016465516
2.906334803610136,59.999474977216
2.906334803610136,60.00020883875813
2.906334803610136,59.999448320648355
2.906334803610136,59.99983570353017
2.906334803610136,60.000450482096504
2.906334803610136,60.00012665455224
2.906334803610136,60.0001968158647
2.906334803610136,59.99936376099469
2.906334803610136,60.00168336455182
2.906334803610136,60.00160671889717
2.906334803610136,59.931957171276046
2.906334803610136,60.00219822225527
2.906334803610136,60.02066177178058
2.906334803610136,60.04544868918829
2.906334803610136,59.99957339072501
2.906334803610136,59.99549775998129
2.906334803610136,60.00243140399431
2.906334803610136,59.999124663981526
2.906334803610136,60.02356821580823
2.906334803610136,60.00123097844907
2.906334803610136,60.00010805588519
2.906334803610136,60.0004494266737
2.906334803610136,60.000379282796125
2.906334803610136,60.003815658523145
2.906334803610136,59.991434054767474
2.906334803610136,59.9897225010782
2.906334803610136,59.849806572151714
2.906334803610136,59.99984966181416
2.906334803610136,59.87961137702058
2.906334803610136,59.9997909854922
2.906334803610136,60.023567997292275
2.906334803610136,60.002484274494456
2.906334803610136,59.99923396687707
2.906334803610136,60.002302433240416
2.906334803610136,60.00030263830006
2.906334803610136,60.0006182392684
2.906334803610136,60.00055079696439
2.906334803610136,59.998937845595314
2.906334803610136,59.99472439255768
2.906334803610136,59.9960185461892
2.906334803610136,60.000895220270785
2.906334803610136,60.000741934598324
2.906334803610136,59.9873985923993
2.906334803610136,60.000792398907805
2.906334803610136,60.00035041754097
2.906334803610136,60.008905964381306
2.906334803610136,60.00644420117956
2.906334803610136,60.001209620988924
2.906334803610136,60.008586911342654
2.906334803610136,60.00064080154338
2.906334803610136,59.99741394678498
2.906334803610136,60.002638166976325
2.906334803610136,60.0025702513187
2.906334803610136,59.99996424466314
2.906334803610136,60.00010495467748
2.906334803610136,60.000015220102576
2.906334803610136,60.00005479854336
2.906334803610136,60.02634307411792
2.906334803610136,59.98689781327558
2.906334803610136,60.00311166483369
2.906334803610136,59.99195998920875
2.906334803610136,60.00983835173019
2.906334803610136,59.99986791318505
2.906334803610136,60.00413703361554
2.906334803610136,60.019869331233394
2.906334803610136,60.00358242959978
2.906334803610136,59.99995729585581
2.906334803610136,59.999748752569445
2.906334803610136,60.00001463562579
2.906334803610136,60.00030798986843
2.906334803610136,60.00029195213843
2.906334803610136,60.018824848462785
2.906334803610136,59.99659571442517
2.906334803610136,59.999901719328
2.906334803610136,60.01052447582845
2.906334803610136,60.00208173021095
2.906334803610136,60.00003102283316
2.906334803610136,59.99961001179797
2.906334803610136,60.000001879721246
2.906334803610136,60.01983865300959
2.906334803610136,60.00003517917782
2.906334803610136,59.99996866951439
2.906334803610136,59.99983226712021
2.906334803610136,68.45680652305909
2.906334803610136,62.394857847600186
2.906334803610136,60.48252937526102
2.906334803610136,61.22398434460353
2.906334803610136,59.98748148943228
2.906334803610136,59.99982391855526
2.906334803610136,59.999825321380584
2.906334803610136,60.036193870719636
2.906334803610136,60.01541311683692
2.906334803610136,59.999963774859715
2.906334803610136,60.00005853798707
2.906334803610136,59.693238058846674
2.906334803610136,63.46790285128634
2.906334803610136,59.999962943088065
2.906334803610136,60.000079033303734
2.906334803610136,59.99996567900709
2.906334803610136,59.99000866796359
2.906334803610136,60.061397151112736
2.906334803610136,59.999719565196585
2.906334803610136,59.99720214179179
2.906334803610136,59.99988383294768
2.906334803610136,59.992682778726106
2.906334803610136,59.99982171815289
2.906334803610136,59.987051381769696
2.906334803610136,59.99535005729416
2.906334803610136,60.000044000842806
2.906334803610136,59.99304710477138
2.906334803610136,59.99685363014847
2.906334803610136,59.98358168207637
2.906334803610136,60.013137386954696
2.906334803610136,59.59244114448086
2.906334803610136,69.53336194615777
2.906334803610136,59.644133075165456
2.906334803610136,59.943670719228166
2.906334803610136,60.14589165857808
2.906334803610136,65.14138673652715
2.906334803610136,60.13192789862181
2.906334803610136,70.08767281041841
2.906334803610136,60.63416939358778
2.906334803610136,60.03639609214286
2.906334803610136,59.99996886950447
2.906334803610136,60.01894412953608
2.906334803610136,59.999529776795434
2.906334803610136,60.00833055384839
2.906334803610136,60.0230505266653
2.906334803610136,60.40988611823107
2.906334803610136,60.00014537135932
2.906334803610136,59.681849645238785
2.906334803610136,60.00234274380209
2.906334803610136,59.24620650501474
2.906334803610136,60.68554774982206
2.906334803610136,60.19805595153516
2.906334803610136,60.02451449807232
2.906334803610136,60.17083139543435
2.906334803610136,59.409362319730526
2.906334803610136,59.989304087836466
2.906334803610136,60.000212431003916
2.906334803610136,60.02329340889541
2.906334803610136,60.02022739943318
2.906334803610136,60.000653226208215
2.906334803610136,60.000108384283905
2.906334803610136,60.003845169223936
2.906334803610136,60.00144742143242
2.906334803610136,63.6330942468573
2.906334803610136,59.68027677274701
2.906334803610136,59.20283763307312
2.906334803610136,78.62792138890508
2.906334803610136,59.67452043910093
2.906334803610136,60.230258688936914
2.906334803610136,59.999421960751384
2.906334803610136,59.999564081571314
2.906334803610136,59.99931979664423
2.906334803610136,59.99508251365253
2.906334803610136,60.00002296111389
2.906334803610136,60.002538947133736
2.906334803610136,60.045422978969555
2.906334803610136,60.01606395737308
2.906334803610136,59.989780272823666
2.906334803610136,59.50831468500583
2.906334803610136,58.97053585086752
2.906334803610136,59.57294244573267
2.906334803610136,70.7516942863713
2.906334803610136,60.65991487881719
2.906334803610136,59.49664128867519
2.906334803610136,59.927456745872774
2.906334803610136,60.028826264582804
2.906334803610136,59.987534338455944
2.906334803610136,60.00014861847989
2.906334803610136,60.01660242270392
2.906334803610136,60.014669317664236
2.906334803610136,59.999957975562424
2.906334803610136,60.00060829180177
2.906334803610136,59.9965214561553
2.906334803610136,59.998851603277544
2.906334803610136,60.02302628842182
2.906334803610136,59.99996156286386
2.906334803610136,60.000038978423305
2.906334803610136,59.988566769829546
2.906334803610136,59.99765170210615
2.906334803610136,59.99871792602865
2.906334803610136,60.0071458648413
2.906334803610136,59.9795140923299
2.906334803610136,59.894628013320656
2.906334803610136,60.005175316692004
2.906334803610136,59.99527526031733
2.906334803610136,60.00035791411313
2.906334803610136,60.019071609794345
2.906334803610136,76.29936854136591
2.906334803610136,66.85442639005862
2.906334803610136,59.161967829707606
2.906334803610136,60.125460804037
2.906334803610136,60.00196976997527
2.906334803610136,59.99792251048443
2.906334803610136,60.00744536047723
2.906334803610136,60.00044276431861
2.906334803610136,60.02330751529009
2.906334803610136,60.01106950022873
2.906334803610136,60.016753951280016
2.906334803610136,59.156756080910675
2.906334803610136,58.913569041230424
2.906334803610136,60.041868607677216
2.906334803610136,59.99987586938846
2.906334803610136,60.00673995836969
2.906334803610136,59.785668139478126
2.906334803610136,76.1644537756313
2.906334803610136,63.55867574142465
2.906334803610136,59.3668832195808
2.906334803610136,60.55148187678108
2.906334803610136,60.079434667818624
2.906334803610136,59.998360475263006
2.906334803610136,60.03672590260247
2.906334803610136,60.00005851908057
2.906334803610136,63.05629684434998
2.906334803610136,59.48487633653727
2.906334803610136,60.07418792349728
2.906334803610136,60.074222835251035
2.906334803610136,58.89529979638014
2.906334803610136,59.96736844129266
2.906334803610136,59.33019838154744
2.906334803610136,91.95527425228624
2.906334803610136,59.60845250576772
2.906334803610136,59.80777710504378
2.906334803610136,59.870002802728145
2.906334803610136,59.983764748005996
2.906334803610136,60.00263347175011
2.906334803610136,59.998741183038824
2.906334803610136,59.976523972138594
2.906334803610136,60.00748221220032
2.906334803610136,60.038579046757526
2.906334803610136,60.000141891027695
2.906334803610136,60.04081233932344
2.906334803610136,61.85248611644291
2.906334803610136,59.82613044913632
2.906334803610136,57.665473928035055
2.906334803610136,58.637557440262874
2.906334803610136,59.41643864410806
2.906334803610136,59.25728164741127
2.906334803610136,75.59400452415433
2.906334803610136,76.68636235802647
2.906334803610136,59.87661752557138
2.906334803610136,59.96759890680349
2.906334803610136,58.82321040226095
2.906334803610136,59.986580375616896
2.906334803610136,59.99686367422923
2.906334803610136,60.00047302904074
2.906334803610136,60.05273847374305
2.906334803610136,59.99992054635069
2.906334803610136,59.68509233827236
2.906334803610136,58.70182045707708
2.906334803610136,59.412904337977174
2.906334803610136,60.72009483061435
2.906334803610136,59.82524419561752
2.906334803610136,59.20900349625334
2.906334803610136,59.991904675400924
2.906334803610136,59.98831142530994
2.906334803610136,60.00008627882686
2.906334803610136,60.079106805359864
2.906334803610136,60.000150668838444
2.906334803610136,59.9965506031523
2.906334803610136,59.484098066181325
2.906334803610136,60.006694634533744
2.906334803610136,60.05175968882774
2.906334803610136,59.99992609711165
2.906334803610136,60.00001817316705
2.906334803610136,59.99991306024087
2.906334803610136,59.99996544269512
2.906334803610136,59.999922044753575
2.906334803610136,59.99993451946279
2.906334803610136,59.99995454652872
2.906334803610136,59.98525223773183
2.906334803610136,59.99260589360294
2.906334803610136,60.006383777387185
2.906334803610136,60.000443980362334
2.906334803610136,59.99989677503651
2.906334803610136,60.008039803669746
2.906334803610136,60.0213451576991
2.906334803610136,59.87701180357075
2.906334803610136,60.07347106468534
2.906334803610136,60.032552522129706
2.906334803610136,59.97671423568952
2.906334803610136,60.0002499278787
2.906334803610136,59.99959120680666
2.906334803610136,59.999853344202066
2.906334803610136,59.99981816068481
2.906334803610136,59.99989351951601
2.906334803610136,59.99987075724289
2.906334803610136,59.99994586706642
2.906334803610136,59.99991702915845
2.906334803610136,59.9856004417444
2.906334803610136,59.999730543759135
2.906334803610136,60.00576183663977
2.906334803610136,59.98910230014593
2.906334803610136,60.00420158191481
2.906334803610136,60.046533065086834
2.906334803610136,59.99949376875248
2.906334803610136,60.020658162936705
2.906334803610136,59.99957473429374
2.906334803610136,59.99996900568183
2.906334803610136,59.999942949177964
2.906334803610136,60.00001462444349
2.906334803610136,60.041284838481545
2.906334803610136,59.99955037438778
2.906334803610136,59.98496379220545
2.906334803610136,59.99990864679185
2.906334803610136,60.00002539662259
2.906334803610136,60.02740605152233
2.906334803610136,59.99993997940804
2.906334803610136,60.000059773428326
2.906334803610136,60.03284550927846
2.906334803610136,59.985538188271335
2.906334803610136,59.99634896856843
2.906334803610136,60.00045727402769
2.906334803610136,60.00597390365878
2.906334803610136,60.00091277993516
2.906334803610136,59.98271786198631
2.906334803610136,60.03383049922653
2.906334803610136,60.000421346264616
2.906334803610136,60.03231858329564
2.906334803610136,60.028237993536536
2.906334803610136,60.032934011822036
2.906334803610136,63.27111463684489
2.906334803610136,59.9336699568496
2.906334803610136,75.63493359824325
2.906334803610136,59.48812925884403
2.906334803610136,66.8002517250739
2.906334803610136,94.19931730320413
2.906334803610136,75.04371152321417
2.906334803610136,65.7961277171987
2.906334803610136,60.01799960836178
2.906334803610136,59.98165242165491
2.906334803610136,60.00583179359114
2.906334803610136,59.999015734917
2.906334803610136,60.107291379240195
2.906334803610136,59.173475979345085
2.906334803610136,59.4460724912551
2.906334803610136,60.49605541533013
2.906334803610136,59.832647874414725
2.906334803610136,76.11606930040872
2.906334803610136,59.99976154708545
2.906334803610136,59.99005011598299
2.906334803610136,59.998617753396005
2.906334803610136,59.99999767847824
2.906334803610136,59.99939292549942
2.906334803610136,60.01916679593495
2.906334803610136,59.89747372094163
2.906334803610136,59.994526311759174
2.906334803610136,61.509897200727146
2.906334803610136,59.79608776456718
2.906334803610136,58.98182495213161
2.906334803610136,59.34014975795507
2.906334803610136,59.59635336328745
2.906334803610136,58.16884945221334
2.906334803610136,75.60842967714775
2.906334803610136,59.701653894187416
2.906334803610136,59.881899746157075
2.906334803610136,59.91422198134137
2.906334803610136,60.22393367183157
2.906334803610136,59.99762878796537
2.906334803610136,59.99506757706869
2.906334803610136,60.02846930232536
2.906334803610136,60.02272619417871
2.906334803610136,60.06148136477219
2.906334803610136,59.99953481014664
2.906334803610136,60.05345948989359
2.906334803610136,59.52953756631926
2.906334803610136,58.80559874752679
2.906334803610136,59.65123448030945
2.906334803610136,58.519979522287
2.906334803610136,59.58106764228125
2.906334803610136,58.6139852867668
2.906334803610136,60.730359090553335
2.906334803610136,59.78070098515679
2.906334803610136,59.767469995393604
2.906334803610136,59.754136158825574
2.906334803610136,59.28482473096155
2.906334803610136,59.16971204045288
2.906334803610136,60.00877466466567
2.906334803610136,60.01532805060836
2.906334803610136,60.00299827442494
2.906334803610136,60.05617530063984
2.906334803610136,60.00922300516347
2.906334803610136,59.539502702816556
2.906334803610136,60.042957149868705
2.906334803610136,60.0134129284137
2.906334803610136,59.634405053938934
2.906334803610136,59.436546517039865
2.906334803610136,59.80806448240464
2.906334803610136,67.18628008328994
2.906334803610136,58.595854027237266
2.906334803610136,59.96332902087082
2.906334803610136,60.012059437814884
2.906334803610136,60.00309906221252
2.906334803610136,59.969989981579396
2.906334803610136,60.085706853282346
2.906334803610136,60.059842724014686
2.906334803610136,59.959695700307215
2.906334803610136,60.043279308410916
2.906334803610136,58.82704420591201
2.906334803610136,58.76769434765329
2.906334803610136,59.76722086859597
2.906334803610136,59.98478894546544
2.906334803610136,59.98389436039798
2.906334803610136,59.974876788809254
2.906334803610136,60.184157483464915
2.906334803610136,60.462540798258686
2.906334803610136,59.811799486507724
2.906334803610136,59.977189191460894
2.906334803610136,60.030200206442125
2.906334803610136,60.025370829152344
2.906334803610136,60.07334406888758
2.906334803610136,60.06242220038567
2.906334803610136,60.09210116060878
2.906334803610136,60.03189432925606
2.906334803610136,59.97487510999577
2.906334803610136,60.01562130313736
2.906334803610136,60.04060140858658
2.906334803610136,60.05447084292902
2.906334803610136,58.24244216712708
2.906334803610136,58.03985301666205
2.906334803610136,59.78854565996811
2.906334803610136,75.61226349704673
2.906334803610136,75.40766823061307
2.906334803610136,59.97211602718264
2.906334803610136,60.01922722894479
2.906334803610136,60.01720060016364
2.906334803610136,59.98313188726987
2.906334803610136,59.98298332395284
2.906334803610136,59.98098176367841
2.906334803610136,60.037396189567794
2.906334803610136,59.983121845016825
2.906334803610136,60.03730361538571
2.906334803610136,90.99632387648784
2.906334803610136,58.042725270674765
2.906334803610136,59.7902208719992
2.906334803610136,59.9831596571685
2.906334803610136,59.97782594032309
2.906334803610136,60.06108561687359
2.906334803610136,60.06552295133577
2.906334803610136,60.00452459188509
2.906334803610136,60.031252572611926
2.906334803610136,59.87807275561201
2.906334803610136,67.52863637295906
2.906334803610136,91.94150511595755
2.906334803610136,77.30831509368535
2.906334803610136,58.37445607927385
2.906334803610136,60.356730433903074
2.906334803610136,59.911471389915306
2.906334803610136,59.98603003614262
2.906334803610136,59.975105564647805
2.906334803610136,59.979939242656066
2.906334803610136,59.9725937064983
2.906334803610136,60.0651112367254
2.906334803610136,59.975564820580914
2.906334803610136,60.0344691624342
2.906334803610136,59.99802159513346
2.906334803610136,60.74390878705035
2.906334803610136,58.32762376303001
2.906334803610136,70.61593925224523
2.906334803610136,60.000334068125944
2.906334803610136,60.00018125197104
2.906334803610136,59.99977986354988
2.906334803610136,60.00001707303863
2.906334803610136,60.01291170960613
2.906334803610136,59.92542227457778
2.906334803610136,59.83164787233046
2.906334803610136,59.99243767116797
2.906334803610136,59.93125337255259
2.906334803610136,59.858663360330205
2.906334803610136,59.40604894891871
2.906334803610136,59.332660967556244
2.906334803610136,60.000031807346666
2.906334803610136,59.999343935072886
2.906334803610136,59.729267212333205
2.906334803610136,58.772476711934466
2.906334803610136,60.000080153544765
2.906334803610136,62.32935839857407
2.906334803610136,60.03236676666382
2.906334803610136,60.00633434940861
2.906334803610136,60.07161476500423
2.906334803610136,60.01005900657037
2.906334803610136,60.08858903199305
2.906334803610136,60.0255367793615
2.906334803610136,60.003550172916
2.906334803610136,59.9995008220481
2.906334803610136,59.36800320798967
2.906334803610136,59.9999744364157
2.906334803610136,59.997618616457316
2.906334803610136,59.02015332140278
2.906334803610136,60.000110568521144
2.906334803610136,60.000084899631716
2.906334803610136,59.854692865570456
2.906334803610136,60.00001091750312
2.906334803610136,58.12694817659648
2.906334803610136,59.97474543909606
2.906334803610136,59.98843054494523
2.906334803610136,60.02771935159558
2.906334803610136,60.05335062966594
2.906334803610136,60.069236098661676
2.906334803610136,59.997744036673126
2.906334803610136,59.754449597158185
2.906334803610136,59.99894215604797
2.906334803610136,59.99945343942895
2.906334803610136,59.99926201264177
2.906334803610136,60.00012568754703
2.906334803610136,60.00015453856566
2.906334803610136,59.99927896711245
2.906334803610136,59.98787530238482
2.906334803610136,60.016659743453246
2.906334803610136,59.97728872125885
2.906334803610136,59.99448365387213
2.906334803610136,60.06004723879821
2.906334803610136,59.99570707826574
2.906334803610136,60.00187548519684
2.906334803610136,60.01539310936071
2.906334803610136,59.992996251239695
2.906334803610136,60.02741731329346
2.906334803610136,60.029719344261146
2.906334803610136,59.9817611938116
2.906334803610136,59.994000278154765
2.906334803610136,59.99981982297872
2.906334803610136,60.09709564481849
2.906334803610136,60.10382692565731
2.906334803610136,60.00630877330034
2.906334803610136,60.01441528612066
2.906334803610136,60.00143912270799
2.906334803610136,59.999916764961064
2.906334803610136,59.98804646669326
2.906334803610136,60.00984451357434
2.906334803610136,60.00737246887042
2.906334803610136,60.002177023755785
2.906334803610136,60.01146292900097
2.906334803610136,60.00414752780373
2.906334803610136,59.996750044834165
2.906334803610136,60.00348622272207
2.906334803610136,60.0444672553787
2.906334803610136,59.99322110918275
2.906334803610136,59.99414894340444
2.906334803610136,63.386681282906395
2.906334803610136,76.75358197534224
2.906334803610136,60.00363236045118
2.906334803610136,61.10028988376569
2.906334803610136,59.998259945887995
2.906334803610136,60.001209366579914
2.906334803610136,59.992169974493386
2.906334803610136,59.96077702901938
2.906334803610136,59.997389714253025
2.906334803610136,59.99294757977409
2.906334803610136,59.22059090004318
2.906334803610136,59.3629313639241
2.906334803610136,76.12448741436401
2.906334803610136,60.0595904868579
2.906334803610136,59.997324863255
2.906334803610136,59.994151799746795
2.906334803610136,60.0387503951898
2.906334803610136,59.55247787423499
2.906334803610136,59.747087884399576
2.906334803610136,59.51981437166736
2.906334803610136,59.91250487346236
2.906334803610136,59.81477579579319
2.906334803610136,59.686950753123355
2.906334803610136,60.13771721242302
2.906334803610136,60.02867894456172
2.906334803610136,60.00114821910443
2.906334803610136,60.00989599754995
2.906334803610136,59.997811824890185
2.906334803610136,60.050217277587905
2.906334803610136,59.3957215434947
2.906334803610136,59.21699037161306
2.906334803610136,60.00402957771339
2.906334803610136,59.94261797682197
2.906334803610136,59.945965297556796
2.906334803610136,59.816905086967616
2.906334803610136,59.55862206689981
2.906334803610136,59.98567472523895
2.906334803610136,60.00130632418984
2.906334803610136,60.0004533492667
2.906334803610136,60.00102145539075
2.906334803610136,60.041244929417026
2.906334803610136,59.995218535208856
2.906334803610136,60.043769888342716
2.906334803610136,60.02032358022588
2.906334803610136,59.991788243140206
2.906334803610136,59.999960612849186
2.906334803610136,60.00149963713234
2.906334803610136,59.991322661928926
2.906334803610136,60.020330317558674
2.906334803610136,60.063205768456044
2.906334803610136,59.99646880171825
2.906334803610136,59.999651824226476
2.906334803610136,59.999841004977114
2.906334803610136,59.99230509857787
2.906334803610136,60.04650824082035
2.906334803610136,60.00066431971962
2.906334803610136,59.99987924497494
2.906334803610136,60.000931063189284
2.906334803610136,59.99915148154283
2.906334803610136,60.00012606912508
2.906334803610136,59.99993555333231
2.906334803610136,59.99741951151271
2.906334803610136,60.00028898874558
2.906334803610136,60.00123784330406
2.906334803610136,59.9999682376494
2.906334803610136,59.999261036608196
2.906334803610136,59.99994668680171
3.3364854429845203,60.02001158702587
3.3364854429845203,59.98039836177994
3.3364854429845203,59.99234204676954
3.3364854429845203,60.013915822355756
3.3364854429845203,60.054362758818904
3.3364854429845203,59.96337262758095
3.3364854429845203,60.002162092706534
3.3364854429845203,59.959944280140775
3.3364854429845203,60.03494146243946
3.3364854429845203,59.991473721421016
3.3364854429845203,59.86083620147373
3.3364854429845203,60.03846005090965
3.3364854429845203,59.9738829080968
3.3364854429845203,59.98738629464252
3.3364854429845203,60.026891828359666
3.3364854429845203,59.97364000359875
3.3364854429845203,60.36340439818713
3.3364854429845203,59.82543939966962
3.3364854429845203,60.02319188283624
3.3364854429845203,60.094670522961316
3.3364854429845203,60.039265883961434
3.3364854429845203,60.195099769417425
3.3364854429845203,60.050677208648274
3.3364854429845203,59.350852299306204
3.3364854429845203,59.97216030488186
3.3364854429845203,60.057310731220205
3.3364854429845203,60.29901627569147
3.3364854429845203,59.77310701275367
3.3364854429845203,58.8977258578727
3.3364854429845203,59.996759827249484
3.3364854429845203,58.11285215209527
3.3364854429845203,59.90075515557899
3.3364854429845203,64.78885239058998
3.3364854429845203,59.83498275712663
3.3364854429845203,60.027052863386345
3.3364854429845203,60.75856490406645
3.3364854429845203,60.028621421194195
3.3364854429845203,60.357586588914074
3.3364854429845203,59.51298692269802
3.3364854429845203,58.30857848243932
3.3364854429845203,64.7757664570563
3.3364854429845203,60.06988603312122
3.3364854429845203,59.999098909261846
3.3364854429845203,59.97109928053569
3.3364854429845203,70.07614002041808
3.3364854429845203,59.68161702714133
3.3364854429845203,59.940782012824585
3.3364854429845203,59.967813405057846
3.3364854429845203,60.09174412943879
3.3364854429845203,59.804085523410045
3.3364854429845203,66.60838694151677
3.3364854429845203,60.31945886673577
3.3364854429845203,58.79112501110592
3.3364854429845203,59.99034134382001
3.3364854429845203,60.44707539459958
3.3364854429845203,59.89594732103273
3.3364854429845203,60.384772918536534
3.3364854429845203,59.09446628881681
3.3364854429845203,59.99583868419307
3.3364854429845203,59.97717903863522
3.3364854429845203,60.08061645740547
3.3364854429845203,57.970018177952504
3.3364854429845203,60.12604522356398
3.3364854429845203,59.84102019104985
3.3364854429845203,60.1300310696721
3.3364854429845203,66.52647183447544
3.3364854429845203,63.902376555225594
3.3364854429845203,64.78622920624926
3.3364854429845203,75.47038608520994
3.3364854429845203,57.78936718783439
3.3364854429845203,59.38291318040496
3.3364854429845203,60.09526282597547
3.3364854429845203,60.07691156218199
3.3364854429845203,60.0146446227076
3.3364854429845203,59.888288425312346
3.3364854429845203,60.02606455860662
3.3364854429845203,58.544880177456015
3.3364854429845203,60.02247313676108
3.3364854429845203,60.07780097745769
3.3364854429845203,60.92449607993915
3.3364854429845203,60.33948450603783
3.3364854429845203,58.88479427946705
3.3364854429845203,60.01537653329522
3.3364854429845203,65.45188936741661
3.3364854429845203,59.943697105290056
3.3364854429845203,60.594367947292284
3.3364854429845203,57.884934953374334
3.3364854429845203,65.75326040477474
3.3364854429845203,60.018794346308034
3.3364854429845203,59.993478030864516
3.3364854429845203,59.42109337643482
3.3364854429845203,63.61192883679455
3.3364854429845203,60.01927296114742
3.3364854429845203,60.10622585819299
3.3364854429845203,60.10143583678834
3.3364854429845203,58.779189823914756
3.3364854429845203,67.36802141848243
3.3364854429845203,58.32828264833262
3.3364854429845203,57.90611043933828
3.3364854429845203,68.53822629285493
3.3364854429845203,57.564709405785436
3.3364854429845203,60.082837409496236
3.3364854429845203,59.9911067056271
3.3364854429845203,59.87293724736377
3.3364854429845203,60.078196877871264
3.3364854429845203,58.25830811165859
3.3364854429845203,60.18594166476383
3.3364854429845203,60.427551095770205
3.3364854429845203,67.70472488948121
3.3364854429845203,60.71047730335182
3.3364854429845203,61.072474845039295
3.3364854429845203,57.580380757239595
3.3364854429845203,59.97664416707219
3.3364854429845203,60.11702996000635
3.3364854429845203,59.87869208876365
3.3364854429845203,59.77253586287129
3.3364854429845203,64.95519111250407
3.3364854429845203,58.61234604601481
3.3364854429845203,59.98524517721029
3.3364854429845203,59.93800512996573
3.3364854429845203,59.99866708234896
3.3364854429845203,60.25885112366228
3.3364854429845203,59.46836093440426
3.3364854429845203,63.14253785469461
3.3364854429845203,59.313916910732715
3.3364854429845203,64.78229995556958
3.3364854429845203,60.201420872794344
3.3364854429845203,60.105023891723924
3.3364854429845203,59.766895380034974
3.3364854429845203,59.78074867357302
3.3364854429845203,64.25113522290975
3.3364854429845203,68.4413361637275
3.3364854429845203,60.64621724381002
3.3364854429845203,60.488968739574375
3.3364854429845203,64.0376586426854
3.3364854429845203,71.24594660625955
3.3364854429845203,59.26825180514965
3.3364854429845203,60.25308041118332
3.3364854429845203,59.43745631543705
3.3364854429845203,59.35072817190148
3.3364854429845203,60.01451187915005
3.3364854429845203,60.24127867252281
3.3364854429845203,63.987948651104844
3.3364854429845203,59.97209054565387
3.3364854429845203,68.45338448759703
3.3364854429845203,60.086019341733525
3.3364854429845203,59.54177671661079
3.3364854429845203,71.63064471380434
3.3364854429845203,60.035029051660025
3.3364854429845203,59.905935589619645
3.3364854429845203,60.552087577041235
3.3364854429845203,57.7726906819479
3.3364854429845203,58.70114464720601
3.3364854429845203,58.007799924538894
3.3364854429845203,66.27433989161311
3.3364854429845203,60.12850353833656
3.3364854429845203,59.09557447462414
3.3364854429845203,60.07971320025483
3.3364854429845203,60.201613828472794
3.3364854429845203,60.03124921125071
3.3364854429845203,59.38312496711219
3.3364854429845203,59.943454796128606
3.3364854429845203,60.78367320328519
3.3364854429845203,64.31211554279567
3.3364854429845203,60.00468758232099
3.3364854429845203,59.780566066552716
3.3364854429845203,60.07076514976282
3.3364854429845203,64.53279969108986
3.3364854429845203,58.65572226973808
3.3364854429845203,60.280343926053845
3.3364854429845203,60.194304694214594
3.3364854429845203,58.134001880382215
3.3364854429845203,60.3720028316004
3.3364854429845203,58.8366067557462
3.3364854429845203,69.63021097268178
3.3364854429845203,59.89947735456683
3.3364854429845203,64.9511908877584
3.3364854429845203,60.031205340860296
3.3364854429845203,60.00289445840978
3.3364854429845203,64.67537377170878
3.3364854429845203,59.251647358483176
3.3364854429845203,59.298982477221294
3.3364854429845203,60.06176513104945
3.3364854429845203,66.52354910440123
3.3364854429845203,65.75253127076954
3.3364854429845203,60.03972475813146
3.3364854429845203,60.25451316026362
3.3364854429845203,60.00862971778832
3.3364854429845203,63.91061179115216
3.3364854429845203,59.998725647305754
3.3364854429845203,59.96503135445581
3.3364854429845203,66.68713232280193
3.3364854429845203,59.836961320837126
3.3364854429845203,61.0184280487264
3.3364854429845203,59.93829674479403
3.3364854429845203,58.888954940631734
3.3364854429845203,60.40650080564203
3.3364854429845203,60.13269658492558
3.3364854429845203,59.692714117721756
3.3364854429845203,60.89329112554759
3.3364854429845203,59.01533884220704
3.3364854429845203,63.20770950234178
3.3364854429845203,59.95129997362361
3.3364854429845203,61.33467071608244
3.3364854429845203,58.771352333403584
3.3364854429845203,60.55571234609595
3.3364854429845203,64.06203064790228
3.3364854429845203,59.87345135619973
3.3364854429845203,59.98035276335435
3.3364854429845203,60.020853126484475
3.3364854429845203,59.972019456699556
3.3364854429845203,59.21974437604982
3.3364854429845203,58.138714920848585
3.3364854429845203,64.86122276487345
3.3364854429845203,58.62391012609934
3.3364854429845203,61.1923258693518
3.3364854429845203,59.935986929086624
3.3364854429845203,60.20000255151786
3.3364854429845203,59.00982945863436
3.3364854429845203,59.84069656262287
3.3364854429845203,59.96208699690817
3.3364854429845203,60.1757531558853
3.3364854429845203,64.09470353884585
3.3364854429845203,60.5073006994938
3.3364854429845203,60.00602303425016
3.3364854429845203,60.25813867507281
3.3364854429845203,59.99811895365168
3.3364854429845203,60.10317856837325
3.3364854429845203,59.39237184255773
3.3364854429845203,59.91089992410047
3.3364854429845203,59.91331450081411
3.3364854429845203,59.93668346322947
3.3364854429845203,60.40233109235963
3.3364854429845203,59.927391521727905
3.3364854429845203,60.13462084265338
3.3364854429845203,60.71379301010286
3.3364854429845203,60.067762651264815
3.3364854429845203,59.87911197024871
3.3364854429845203,59.628131956496816
3.3364854429845203,60.590600437753025
3.3364854429845203,60.00776079793175
3.3364854429845203,60.42147735798485
3.3364854429845203,66.3560002703616
3.3364854429845203,59.5082722588099
3.3364854429845203,60.399230012950056
3.3364854429845203,60.133419549154524
3.3364854429845203,58.46964479471901
3.3364854429845203,59.947143537716784
3.3364854429845203,67.1662549717638
3.3364854429845203,59.597628073731954
3.3364854429845203,59.96038909219919
3.3364854429845203,63.88978309062616
3.3364854429845203,60.01483379856021
3.3364854429845203,60.432291052875854
3.3364854429845203,58.95646279347718
3.3364854429845203,60.45683935992932
3.3364854429845203,60.7089650201726
3.3364854429845203,58.54431871696809
3.3364854429845203,67.1892127491463
3.3364854429845203,59.991889978988084
3.3364854429845203,60.1228817315642
3.3364854429845203,59.989677128700244
3.3364854429845203,59.8897834917485
3.3364854429845203,58.70312251531055
3.3364854429845203,59.842065890250915
3.3364854429845203,60.062932854650285
3.3364854429845203,59.08636667739796
3.3364854429845203,59.6166215869563
3.3364854429845203,59.888638393831584
3.3364854429845203,59.8154233288382
3.3364854429845203,60.95210614021052
3.3364854429845203,60.21935204946575
3.3364854429845203,68.22021512336075
3.3364854429845203,60.328539658211234
3.3364854429845203,59.786254028415776
3.3364854429845203,68.33814249586557
3.3364854429845203,60.01026186577771
3.3364854429845203,59.986707473702516
3.3364854429845203,58.62491228436059
3.3364854429845203,60.44222533350237
3.3364854429845203,60.30366544821083
3.3364854429845203,59.89847552267959
3.3364854429845203,59.40809036561134
3.3364854429845203,59.15227916677426
3.3364854429845203,60.039769803336675
3.3364854429845203,59.24216323581163
3.3364854429845203,59.75604811211805
3.3364854429845203,60.23374800732502
3.3364854429845203,58.95748432795603
3.3364854429845203,59.981295848254064
3.3364854429845203,59.82193791854127
3.3364854429845203,60.16039745868059
3.3364854429845203,58.84508279947537
3.3364854429845203,62.05165401654157
3.3364854429845203,59.52398705186552
3.3364854429845203,59.858302562512385
3.3364854429845203,59.960332568162876
3.3364854429845203,60.085104798514585
3.3364854429845203,61.27109155980945
3.3364854429845203,64.03265917298191
3.3364854429845203,59.76983666203871
3.3364854429845203,61.4395528532852
3.3364854429845203,64.65334938463508
3.3364854429845203,59.298825339062105
3.3364854429845203,60.11125014604151
3.3364854429845203,59.83274803057717
3.3364854429845203,60.326079828811395
3.3364854429845203,59.70984356114223
3.3364854429845203,60.038064059440515
3.3364854429845203,65.9221149625963
3.3364854429845203,59.22696612915682
3.3364854429845203,59.69833676146682
3.3364854429845203,65.05761646527473
3.3364854429845203,59.78662809727691
3.3364854429845203,60.25335484096099
3.3364854429845203,60.15904523374658
3.3364854429845203,59.02342928203031
3.3364854429845203,66.92556097336761
3.3364854429845203,64.69354164364879
3.3364854429845203,60.026601545978856
3.3364854429845203,64.63363862221944
3.3364854429845203,59.990044055943265
3.3364854429845203,60.13139257452505
3.3364854429845203,60.23637472975621
3.3364854429845203,59.44948902026731
3.3364854429845203,60.087637429648645
3.3364854429845203,64.8333995320431
3.3364854429845203,59.21971170006372
3.3364854429845203,60.92457259872703
3.3364854429845203,59.311912399117894
3.3364854429845203,59.27707948462844
3.3364854429845203,59.88186370041184
3.3364854429845203,60.028837946068165
3.3364854429845203,59.695620982467666
3.3364854429845203,59.52480567687191
3.3364854429845203,59.96096173912751
3.3364854429845203,59.929716975184114
3.3364854429845203,59.71282282627846
3.3364854429845203,60.00711407324366
3.3364854429845203,59.9648193223662
3.3364854429845203,58.417359601434015
3.3364854429845203,60.687186128713606
3.3364854429845203,59.170092980981636
3.3364854429845203,60.37265544500688
3.3364854429845203,59.1248237159675
3.3364854429845203,59.68001687913796
3.3364854429845203,65.0610145649571
3.3364854429845203,58.600568628780884
3.3364854429845203,60.97746235492321
3.3364854429845203,58.70485417346869
3.3364854429845203,60.81123967662204
3.3364854429845203,59.759923964670435
3.3364854429845203,60.146759176920106
3.3364854429845203,59.18007549392444
3.3364854429845203,59.71089353678999
3.3364854429845203,60.16514661408895
3.3364854429845203,61.7542307680744
3.3364854429845203,64.76115223272693
3.3364854429845203,59.75736371095786
3.3364854429845203,67.24114263603364
3.3364854429845203,64.03398831143387
3.3364854429845203,59.89531249744696
3.3364854429845203,60.11613862041024
3.3364854429845203,61.10036121890341
3.3364854429845203,58.987918982951825
3.3364854429845203,59.63731660855609
3.3364854429845203,60.32701361315751
3.3364854429845203,67.85449980553636
3.3364854429845203,59.95850108312435
3.3364854429845203,68.09583289432247
3.3364854429845203,59.5374289355766
3.3364854429845203,60.07244232934923
3.3364854429845203,58.09457966065877
3.3364854429845203,60.267950048219475
3.3364854429845203,59.84179795669575
3.3364854429845203,59.87185029575639
3.3364854429845203,59.63245154382247
3.3364854429845203,60.28439670351503
3.3364854429845203,60.04227128985142
3.3364854429845203,60.1202808762916
3.3364854429845203,59.903025856293226
3.3364854429845203,60.10298290735779
3.3364854429845203,58.2627173563344
3.3364854429845203,58.69245010997822
3.3364854429845203,59.81761460433284
3.3364854429845203,59.900662445068704
3.3364854429845203,60.08407338508304
3.3364854429845203,59.49427300784776
3.3364854429845203,64.28781334977243
3.3364854429845203,68.57180630306718
3.3364854429845203,59.633296548230085
3.3364854429845203,64.49706918628611
3.3364854429845203,59.64434900741894
3.3364854429845203,59.517544710271125
3.3364854429845203,62.857194507089886
3.3364854429845203,59.84426687888876
3.3364854429845203,65.09433912123306
3.3364854429845203,60.07488452319197
3.3364854429845203,59.12971774578994
3.3364854429845203,59.03670746792678
3.3364854429845203,60.48963294520228
3.3364854429845203,59.291349646379324
3.3364854429845203,60.36846852342558
3.3364854429845203,59.51510569148946
3.3364854429845203,60.859996544847526
3.3364854429845203,66.88490475512098
3.3364854429845203,64.62194485093319
3.3364854429845203,60.766559181822664
3.3364854429845203,59.75167726222411
3.3364854429845203,57.77456581121377
3.3364854429845203,59.73472284122644
3.3364854429845203,60.31763108300901
3.3364854429845203,64.54774677451452
3.3364854429845203,59.990871283152075
3.3364854429845203,58.952407522489395
3.3364854429845203,61.40158979499348
3.3364854429845203,60.1629040166621
3.3364854429845203,59.8401513003141
3.3364854429845203,58.42222816095675
3.3364854429845203,60.73253745791106
3.3364854429845203,67.18591527505461
3.3364854429845203,65.97196553859148
3.3364854429845203,60.18378608902111
3.3364854429845203,59.56668276150497
3.3364854429845203,59.61838004052762
3.3364854429845203,60.43787508595468
3.3364854429845203,59.93725061752541
3.3364854429845203,63.25177358188611
3.3364854429845203,64.42888659487538
3.3364854429845203,59.40915675257887
3.3364854429845203,64.1763624167847
3.3364854429845203,63.26245860218455
3.3364854429845203,61.07491166540411
3.3364854429845203,64.10866941642684
3.3364854429845203,59.429806303473185
3.3364854429845203,59.776769365391246
3.3364854429845203,65.80356762575838
3.3364854429845203,59.23340982694384
3.3364854429845203,59.83464997769049
3.3364854429845203,59.393742694885006
3.3364854429845203,60.24488348388312
3.3364854429845203,59.883710531103766
3.3364854429845203,59.12025664904602
3.3364854429845203,60.03085936184568
3.3364854429845203,59.408374947535115
3.3364854429845203,68.45221185359713
3.3364854429845203,59.85153461896076
3.3364854429845203,60.99186551520333
3.3364854429845203,68.39272124342652
3.3364854429845203,61.166144855100505
3.3364854429845203,59.22987789291917
3.3364854429845203,60.57062361757576
3.3364854429845203,69.99399291324107
3.3364854429845203,58.89790667291628
3.3364854429845203,59.236170032593236
3.3364854429845203,59.914184775222665
3.3364854429845203,59.46845787420736
3.3364854429845203,60.09341878493373
3.3364854429845203,60.17718115085444
3.3364854429845203,59.354232463255855
3.3364854429845203,58.9623161907724
3.3364854429845203,59.981648130793914
3.3364854429845203,60.59425357963537
3.3364854429845203,67.45817060231299
3.3364854429845203,58.83965066938999
3.3364854429845203,60.464628612665216
3.3364854429845203,66.32748898432398
3.3364854429845203,59.30481388047535
3.3364854429845203,59.76898763063434
3.3364854429845203,60.04333892418778
3.3364854429845203,59.920552661148605
3.3364854429845203,60.72260195727515
3.3364854429845203,60.275748556788926
3.3364854429845203,58.90622555317595
3.3364854429845203,59.44958355809244
3.3364854429845203,58.489229734738444
3.3364854429845203,60.858813249640335
3.3364854429845203,60.78301254761598
3.3364854429845203,58.65211588544037
3.3364854429845203,58.92900678464561
3.3364854429845203,59.80540970278469
3.3364854429845203,61.20034394239598
3.3364854429845203,59.77632464867013
3.3364854429845203,58.83040311160934
3.3364854429845203,72.87515469032195
3.3364854429845203,58.22334225146262
3.3364854429845203,59.54542760810384
3.3364854429845203,61.799387647525585
3.3364854429845203,64.9394439540253
3.3364854429845203,60.131344025842466
3.3364854429845203,59.76058823034293
3.3364854429845203,58.2871421866069
3.3364854429845203,60.55684287516053
3.3364854429845203,60.88906461712446
3.3364854429845203,67.01619944376355
3.3364854429845203,58.15150725457575
3.3364854429845203,59.100719771740444
3.3364854429845203,60.98037776196898
3.3364854429845203,59.98582779258769
3.3364854429845203,60.00169705468261
3.3364854429845203,59.87629807554734
3.3364854429845203,64.16592476461037
3.3364854429845203,63.51184129088578
3.3364854429845203,59.98686953525577
3.3364854429845203,59.54348998520029
3.3364854429845203,68.36747456408555
3.3364854429845203,60.99270998856926
3.3364854429845203,59.973558741342664
3.3364854429845203,60.037380640129435
3.3364854429845203,60.080659809928385
3.3364854429845203,59.9841075045269
3.3364854429845203,59.56177122619703
3.3364854429845203,59.61678885333343
3.3364854429845203,60.099680420158506
3.3364854429845203,58.71808422386195
3.3364854429845203,66.36790219776667
3.3364854429845203,59.40079066289797
3.3364854429845203,59.521428798617606
3.3364854429845203,63.56465001914088
3.3364854429845203,59.9933834310163
3.3364854429845203,60.175813508742124
3.3364854429845203,60.90046830421956
3.3364854429845203,59.446806270730576
3.3364854429845203,58.02948455595777
3.3364854429845203,61.507668860558844
3.3364854429845203,59.9753759626766
3.3364854429845203,59.036998552779266
3.3364854429845203,58.32303242625659
3.3364854429845203,59.801884496874024
3.3364854429845203,60.05731867697931
3.3364854429845203,60.071974983854545
3.3364854429845203,59.96663948725424
3.3364854429845203,59.914631036339344
3.3364854429845203,60.2568401223567
3.3364854429845203,59.05242022774522
3.3364854429845203,66.54097397107378
3.3364854429845203,66.14745228813914
3.3364854429845203,59.592239783164196
3.3364854429845203,66.13871773662619
3.3364854429845203,60.16090899022145
3.3364854429845203,60.321081329040695
3.3364854429845203,59.916656635887605
3.3364854429845203,61.27530384897387
3.3364854429845203,59.09141666118412
3.3364854429845203,67.04572699818885
3.3364854429845203,59.91054409007728
3.3364854429845203,60.56533408909781
3.3364854429845203,59.83619627650108
3.3364854429845203,66.29653247222667
3.3364854429845203,60.49124605498908
3.3364854429845203,58.65395495053594
3.3364854429845203,60.01481849275588
3.3364854429845203,62.745378664269715
3.3364854429845203,60.000825945924134
3.3364854429845203,64.1857754139512
3.3364854429845203,58.91992669775132
3.3364854429845203,59.79429843465452
3.3364854429845203,60.1623074346101
3.3364854429845203,59.06135224020598
3.3364854429845203,60.13943637585902
3.3364854429845203,59.838585548287355
3.3364854429845203,60.02338882005075
3.3364854429845203,60.73445550563585
3.3364854429845203,57.673800824339196
3.3364854429845203,66.1785407534703
3.3364854429845203,60.27260115107592
3.3364854429845203,59.93741764818695
3.3364854429845203,59.626017468063246
3.3364854429845203,60.52433252442291
3.3364854429845203,59.46202175916592
3.3364854429845203,59.99954732427868
3.3364854429845203,60.36635363850088
3.3364854429845203,60.00766547470417
3.3364854429845203,60.23237935890366
3.3364854429845203,59.56233781198733
3.3364854429845203,57.926857612170664
3.3364854429845203,59.652276414501735
3.3364854429845203,60.23447677912567
3.3364854429845203,59.90759138223635
3.3364854429845203,59.939413906447996
3.3364854429845203,59.7514952957676
3.3364854429845203,59.78812772167906
3.3364854429845203,59.587196365665264
3.3364854429845203,60.12213352646079
3.3364854429845203,66.45480179337045
3.3364854429845203,60.30038141601118
3.3364854429845203,59.99857294511688
3.3364854429845203,60.01207379184735
3.3364854429845203,67.97532384313418
3.3364854429845203,68.06978518624972
3.3364854429845203,61.650564214355235
3.3364854429845203,61.20625377051448
3.3364854429845203,59.268914690482426
3.3364854429845203,60.18557559279201
3.3364854429845203,59.95892054043184
3.3364854429845203,59.980204612557465
3.3364854429845203,60.03589958147685
3.3364854429845203,64.0237457498541
3.3364854429845203,63.376890041962085
3.3364854429845203,61.00682175240096
3.3364854429845203,58.022594878344314
3.3364854429845203,59.93908685118221
3.3364854429845203,64.75930724350188
3.3364854429845203,59.20514941158242
3.3364854429845203,59.98606737409667
3.3364854429845203,59.996062082981155
3.3364854429845203,60.013136468235906
3.3364854429845203,60.244988935418576
3.3364854429845203,59.54431547120864
3.3364854429845203,59.43595815918116
3.3364854429845203,59.91850163373826
3.3364854429845203,60.03220932603458
3.3364854429845203,60.52939298179362
3.3364854429845203,60.35082967389275
3.3364854429845203,59.95983997560799
3.3364854429845203,60.0562923265848
3.3364854429845203,60.93882616023636
3.3364854429845203,60.015615526815736
3.3364854429845203,60.043340036598956
3.3364854429845203,59.991742984315515
3.3364854429845203,59.7390147748583
3.3364854429845203,69.8929141021317
3.3364854429845203,63.77890471759479
3.3364854429845203,59.246993105220824
3.3364854429845203,60.22292561968043
3.3364854429845203,60.156865186579104
3.3364854429845203,59.96138715556653
3.3364854429845203,59.95092480269818
3.3364854429845203,59.80758199959799
3.3364854429845203,60.02383245581526
3.3364854429845203,65.59161706106619
3.3364854429845203,59.66359353789975
3.3364854429845203,59.525922854415036
3.3364854429845203,60.0000380280224
3.3364854429845203,60.18029920821613
3.3364854429845203,76.27816888164685
3.3364854429845203,60.73189812710058
3.3364854429845203,59.44319536297518
3.3364854429845203,60.189992241169165
3.3364854429845203,60.39322920055799
3.3364854429845203,60.160663386846736
3.3364854429845203,60.057832350918275
3.3364854429845203,59.17049728246775
3.3364854429845203,58.5253928028449
3.3364854429845203,60.05142543895095
3.3364854429845203,60.897990499552044
3.3364854429845203,58.95351911187973
3.3364854429845203,60.228576564159106
3.3364854429845203,60.23079854424741
3.3364854429845203,64.08953337062889
3.3364854429845203,60.05398163723001
3.3364854429845203,60.01641465116172
3.3364854429845203,59.89472410283139
3.3364854429845203,58.50113207474707
3.3364854429845203,59.169760359771026
3.3364854429845203,57.48447554835792
3.3364854429845203,61.072630694687525
3.3364854429845203,60.26815130693956
3.3364854429845203,59.98896687895593
3.3364854429845203,59.84713179450079
3.3364854429845203,60.59287795708482
3.3364854429845203,60.65013233738635
3.3364854429845203,59.988610933510444
3.3364854429845203,61.17811181174396
3.3364854429845203,59.7512267200755
3.3364854429845203,59.946232659374296
3.3364854429845203,60.3359201406991
3.3364854429845203,58.075534397516556
3.3364854429845203,65.92287910879469
3.3364854429845203,67.00884794222023
3.3364854429845203,58.966323955308056
3.3364854429845203,60.28233936798305
3.3364854429845203,59.980738091690945
3.3364854429845203,60.03303403666727
3.3364854429845203,59.97192212451673
3.3364854429845203,60.02443491352534
3.3364854429845203,58.099491691062696
3.3364854429845203,60.70382928132437
3.3364854429845203,60.119260286428904
3.3364854429845203,59.79722878014371
3.3364854429845203,59.02308156802127
3.3364854429845203,59.408251693313446
3.3364854429845203,60.00303663193665
3.3364854429845203,56.45524230446157
3.3364854429845203,75.61133833177504
3.3364854429845203,59.652174704264965
3.3364854429845203,60.096995703261406
3.3364854429845203,68.42661495073969
3.3364854429845203,60.486220023359586
3.3364854429845203,59.49883177795811
3.3364854429845203,59.95477846382815
3.3364854429845203,60.031713187818326
3.3364854429845203,64.09850448443665
3.3364854429845203,59.82289676768952
3.3364854429845203,60.35449501886917
3.3364854429845203,59.73656436542317
3.3364854429845203,64.66338383179455
3.3364854429845203,59.955643794914714
3.3364854429845203,59.93426099193758
3.3364854429845203,60.05483829006309
3.3364854429845203,59.22603075244479
3.3364854429845203,68.84565373943971
3.3364854429845203,58.515113680249385
3.3364854429845203,58.1967522282093
3.3364854429845203,59.87465048597027
3.3364854429845203,64.61469662834483
3.3364854429845203,60.033312405255934
3.3364854429845203,59.980085338857926
3.3364854429845203,64.37515590444781
3.3364854429845203,67.67764148260983
3.3364854429845203,65.20273575785727
3.3364854429845203,60.03198971029064
3.3364854429845203,57.449334372894704
3.3364854429845203,58.2523833275546
3.3364854429845203,56.209229831515515
3.3364854429845203,58.513308854792776
3.3364854429845203,59.91524995428585
3.3364854429845203,59.85396671027441
3.3364854429845203,60.038986092520005
3.3364854429845203,60.91792749643277
3.3364854429845203,60.98613986526928
3.3364854429845203,59.794499597457396
3.3364854429845203,63.27349591011485
3.3364854429845203,59.98227898230948
3.3364854429845203,60.3720279171315
3.3364854429845203,59.72601573723543
3.3364854429845203,69.8810924496133
3.3364854429845203,59.403500174783964
3.3364854429845203,59.266964746621966
3.3364854429845203,60.147464572739544
3.3364854429845203,69.6372957649672
3.3364854429845203,56.630459171293765
3.3364854429845203,60.31373623356339
3.3364854429845203,60.039333127579496
3.3364854429845203,59.9327833199749
3.3364854429845203,67.1906405599904
3.3364854429845203,63.77950262613321
3.3364854429845203,59.35694738784582
3.3364854429845203,60.584315741049046
3.3364854429845203,65.12491830594949
3.3364854429845203,58.86299594165441
3.3364854429845203,60.478212498284115
3.3364854429845203,60.0180449357964
3.3364854429845203,60.030115247228956
3.3364854429845203,60.108954055557966
3.3364854429845203,69.10544032533703
3.3364854429845203,60.5635442681887
3.3364854429845203,72.80001336761225
3.3364854429845203,59.19670912914502
3.3364854429845203,59.996856819567135
3.3364854429845203,59.88263428167745
3.3364854429845203,60.14853910745016
3.3364854429845203,60.27861328111146
3.3364854429845203,60.34753804487628
3.3364854429845203,60.64714917291054
3.3364854429845203,59.60833862292321
3.3364854429845203,60.410485332437055
3.3364854429845203,59.99925528712987
3.3364854429845203,59.29170655579284
3.3364854429845203,57.26036464516338
3.3364854429845203,59.99913859358936
3.3364854429845203,58.35829655927943
3.3364854429845203,59.98468385676574
3.3364854429845203,59.877320161269196
3.3364854429845203,59.6482664626895
3.3364854429845203,60.517945475884744
3.3364854429845203,59.147676657836044
3.3364854429845203,63.15014353347731
3.3364854429845203,60.566734822919955
3.3364854429845203,58.937910836301874
3.3364854429845203,63.58936522353616
3.3364854429845203,59.99340270680218
3.3364854429845203,59.95552642971373
3.3364854429845203,59.98878235738766
3.3364854429845203,60.19315009352224
3.3364854429845203,60.87172922297069
3.3364854429845203,55.98593811083033
3.3364854429845203,59.57294984516414
3.3364854429845203,56.84044038803766
3.3364854429845203,57.9395929707334
3.3364854429845203,82.63247909079838
3.3364854429845203,70.74177162116894
3.3364854429845203,60.75457186910592
3.3364854429845203,59.98070863681675
3.3364854429845203,59.993710674620424
3.3364854429845203,58.72629438041495
3.3364854429845203,60.16025206424058
3.3364854429845203,60.60012925849059
3.3364854429845203,63.86044270473202
3.3364854429845203,60.35347421758871
3.3364854429845203,59.94574643297617
3.3364854429845203,59.97920517576993
3.3364854429845203,60.163728388001026
3.3364854429845203,78.51179608574567
3.3364854429845203,60.21403056401308
3.3364854429845203,56.27906229633053
3.3364854429845203,59.1036796067835
3.3364854429845203,57.10801600952074
3.3364854429845203,60.0764659534196
3.3364854429845203,59.866349955969355
3.3364854429845203,59.93789844278075
3.3364854429845203,59.85584596428521
3.3364854429845203,59.10632155484927
3.3364854429845203,62.77167525978729
3.3364854429845203,60.008775409284
3.3364854429845203,60.667631792512026
3.3364854429845203,57.419006900880966
3.3364854429845203,60.14701351470163
3.3364854429845203,70.88747768860122
3.3364854429845203,59.858378401214146
3.3364854429845203,60.70535518671396
3.3364854429845203,58.280346669679815
3.3364854429845203,60.01449401703099
3.3364854429845203,59.98084755637298
3.3364854429845203,59.68876100244267
3.3364854429845203,60.02638462963653
3.3364854429845203,60.44008262220776
3.3364854429845203,60.84705045616011
3.3364854429845203,62.420020425705665
3.3364854429845203,60.7860004711197
3.3364854429845203,59.90694781939451
3.3364854429845203,59.804300218903265
3.3364854429845203,60.26367171588571
3.3364854429845203,59.30871373444025
3.3364854429845203,60.00259436388167
3.3364854429845203,60.25912933643917
3.3364854429845203,60.425981024127616
3.3364854429845203,59.89930747317813
3.3364854429845203,73.95642284731784
3.3364854429845203,57.96489406502524
3.3364854429845203,61.216681010150616
3.3364854429845203,59.985382625739845
3.3364854429845203,67.76999773580505
3.3364854429845203,60.112068615485775
3.3364854429845203,59.98343662766489
3.3364854429845203,59.940728193940245
3.3364854429845203,59.54162807250433
3.3364854429845203,60.055910044745616
3.3364854429845203,62.24844325235104
3.3364854429845203,59.353908826706885
3.3364854429845203,63.66991980787036
3.3364854429845203,60.11579450779865
3.3364854429845203,59.98470638749532
3.3364854429845203,60.01072089704081
3.3364854429845203,68.21215140997215
3.3364854429845203,59.928297371233384
3.3364854429845203,61.01706422284309
3.3364854429845203,68.09637260230026
3.3364854429845203,57.62530497073059
3.3364854429845203,59.023521886666906
3.3364854429845203,60.029479189192344
3.3364854429845203,60.04483065514532
3.3364854429845203,63.64938421965278
3.3364854429845203,60.438532586166986
3.3364854429845203,60.896158964133676
3.3364854429845203,60.04758563483762
3.3364854429845203,59.97973069916111
3.3364854429845203,60.39874022802167
3.3364854429845203,57.079942027040794
3.3364854429845203,59.94467469467237
3.3364854429845203,60.39527218139677
3.3364854429845203,58.102602531429
3.3364854429845203,58.93078281802494
3.3364854429845203,66.77360670055833
3.3364854429845203,60.04338275737832
3.3364854429845203,60.12481114616635
3.3364854429845203,59.29697806174977
3.3364854429845203,60.0037091195062
3.3364854429845203,60.18316726429831
3.3364854429845203,59.11811224396139
3.3364854429845203,59.57687917928815
3.3364854429845203,60.055127850545475
3.3364854429845203,60.41990029388432
3.3364854429845203,59.9209349446755
3.3364854429845203,57.851703953915795
3.3364854429845203,57.44770122979741
3.3364854429845203,69.67362940261336
3.3364854429845203,53.18404550899517
3.3364854429845203,69.84243057935367
3.3364854429845203,60.12313144953183
3.3364854429845203,60.000890385319686
3.3364854429845203,60.03768691235463
3.3364854429845203,59.75018749157262
3.3364854429845203,60.21755190026808
3.3364854429845203,60.28790100047885
3.3364854429845203,62.521228317466885
3.3364854429845203,60.47638200921381
3.3364854429845203,62.5247929813183
3.3364854429845203,59.430815438856385
3.3364854429845203,59.947856913244735
3.3364854429845203,59.90314664125936
3.3364854429845203,59.94916837483995
3.3364854429845203,60.10494175398282
3.3364854429845203,73.33007383907182
3.3364854429845203,59.989882541038
3.3364854429845203,58.77904871867964
3.3364854429845203,55.76016941968397
3.3364854429845203,57.77659661926945
3.3364854429845203,66.46629535711932
3.3364854429845203,71.1113509123256
3.3364854429845203,57.77938238984677
3.3364854429845203,60.03722578339721
3.3364854429845203,58.97887993500006
3.3364854429845203,60.57531832446772
3.3364854429845203,60.03671132822273
3.3364854429845203,60.02313118521313
3.3364854429845203,60.47005712277211
3.3364854429845203,59.956262196722214
3.3364854429845203,59.15365327020083
3.3364854429845203,60.58676626943174
3.3364854429845203,57.523653323234655
3.3364854429845203,60.055295989553706
3.3364854429845203,59.927683562310364
3.3364854429845203,62.04468138240518
3.3364854429845203,61.903508402972754
3.3364854429845203,60.65205939656729
3.3364854429845203,60.24026974514126
3.3364854429845203,60.03589455891595
3.3364854429845203,60.055625606824805
3.3364854429845203,59.76013249645564
3.3364854429845203,59.96782510556786
3.3364854429845203,60.00363612920425
3.3364854429845203,60.08847221768643
3.3364854429845203,59.99425348319832
3.3364854429845203,59.969864447760784
3.3364854429845203,58.4473123990421
3.3364854429845203,60.01228466712272
3.3364854429845203,69.11265237362615
3.3364854429845203,77.44941699388494
3.3364854429845203,60.08537748606988
3.3364854429845203,75.8842251597127
3.3364854429845203,59.599486816312464
3.3364854429845203,59.66166864599071
3.3364854429845203,59.838672457084904
3.3364854429845203,60.25918991525037
3.3364854429845203,60.32266601634773
3.3364854429845203,62.673486481275
3.3364854429845203,59.90516098018734
3.3364854429845203,59.78921469710197
3.3364854429845203,64.14782326078128
3.3364854429845203,59.999832625683055
3.3364854429845203,59.98015365975509
3.3364854429845203,60.30713174900907
3.3364854429845203,56.861485204487394
3.3364854429845203,59.78118610173823
3.3364854429845203,57.9736616090654
3.3364854429845203,60.17015541235003
3.3364854429845203,58.631616178034946
3.3364854429845203,66.68139151396767
3.3364854429845203,59.01127184295765
3.3364854429845203,56.77578692872668
3.3364854429845203,59.517078616011275
3.3364854429845203,60.05800936153773
3.3364854429845203,60.71670183386613
3.3364854429845203,59.4868892705098
3.3364854429845203,60.65426410138091
3.3364854429845203,59.99848267635427
3.3364854429845203,60.04104871961603
3.3364854429845203,59.8706715922971
3.3364854429845203,63.421328276170215
3.3364854429845203,58.560249647043165
3.3364854429845203,57.78207052727657
3.3364854429845203,59.550343949646894
3.3364854429845203,69.93492555114656
3.3364854429845203,58.39113169939446
3.3364854429845203,59.88038658587964
3.3364854429845203,61.93376200086432
3.3364854429845203,59.151011349548476
3.3364854429845203,60.01000413855259
3.3364854429845203,59.981165985275524
3.3364854429845203,60.02610646716533
3.3364854429845203,60.389047955935595
3.3364854429845203,59.99462157288767
3.3364854429845203,59.98880370696386
3.3364854429845203,60.003844010123515
3.3364854429845203,67.7520000073817
3.3364854429845203,59.78335045454401
3.3364854429845203,59.54880726922109
3.3364854429845203,91.30942063009937
3.3364854429845203,60.29286784965363
3.3364854429845203,59.36078927418085
3.3364854429845203,68.99068767685586
3.3364854429845203,59.79375877135916
3.3364854429845203,57.185166952328665
3.3364854429845203,67.9515063304833
3.3364854429845203,60.70333916190549
3.3364854429845203,60.059367752263014
3.3364854429845203,60.21466983414479
3.3364854429845203,60.35557473474954
3.3364854429845203,59.99193606498236
3.3364854429845203,59.888455113902644
3.3364854429845203,65.83722636996474
3.3364854429845203,59.39549247914281
3.3364854429845203,62.667983677562
3.3364854429845203,60.01474426050722
3.3364854429845203,60.01596969761737
3.3364854429845203,60.07348319273814
3.3364854429845203,70.39023748367424
3.3364854429845203,59.10944721065051
3.3364854429845203,57.56060519536939
3.3364854429845203,58.43528088292103
3.3364854429845203,59.42833152582688
3.3364854429845203,62.1357350615871
3.3364854429845203,60.517270625773165
3.3364854429845203,62.74649938154531
3.3364854429845203,59.24900017339084
3.3364854429845203,60.015536692310135
3.3364854429845203,60.133850245056436
3.3364854429845203,58.80196596876077
3.3364854429845203,58.9886229036559
3.3364854429845203,60.05747623713
3.3364854429845203,59.991791988425014
3.3364854429845203,60.34194289915791
3.3364854429845203,59.93331578073915
3.3364854429845203,62.05635929264119
3.3364854429845203,70.72318662748557
3.3364854429845203,60.220302622220544
3.3364854429845203,59.51459845298221
3.3364854429845203,66.19232956757013
3.3364854429845203,60.28258114365124
3.3364854429845203,60.154053500527894
3.3364854429845203,59.39343900945562
3.3364854429845203,60.10324432032435
3.3364854429845203,60.787156246514776
3.3364854429845203,60.04544896876476
3.3364854429845203,59.939838660389405
3.3364854429845203,59.98729631771843
3.3364854429845203,62.902429852773395
3.3364854429845203,59.81479715680951
3.3364854429845203,59.98704488448736
3.3364854429845203,60.22049792872331
3.3364854429845203,58.932374214105664
3.3364854429845203,58.58838128419418
3.3364854429845203,61.459276086738626
3.3364854429845203,76.42807152737946
3.3364854429845203,69.72869421754432
3.3364854429845203,57.29278734892298
3.3364854429845203,60.53033009231741
3.3364854429845203,60.681017837337926
3.3364854429845203,62.3670877077352
3.3364854429845203,59.95343335288201
3.3364854429845203,60.396700373282236
3.3364854429845203,60.034014234156764
3.3364854429845203,60.00301231004279
3.3364854429845203,59.6739697919142
3.3364854429845203,59.2557568980133
3.3364854429845203,59.982507350830915
3.3364854429845203,60.11727842672297
3.3364854429845203,60.398376055048075
3.3364854429845203,60.063981600134454
3.3364854429845203,56.752475903213124
3.3364854429845203,57.06604282179616
3.3364854429845203,58.31086000665406
3.3364854429845203,60.13212225984548
3.3364854429845203,61.66405773469513
3.3364854429845203,59.585883153540166
3.3364854429845203,60.40414677861094
3.3364854429845203,60.26160352226202
3.3364854429845203,62.77120366985677
3.3364854429845203,60.01911560421808
3.3364854429845203,60.35761279839149
3.3364854429845203,60.02598453390963
3.3364854429845203,59.86066772608167
3.3364854429845203,59.91999446610453
3.3364854429845203,59.4706987591735
3.3364854429845203,68.80516234361723
3.3364854429845203,60.827439651824236
3.3364854429845203,59.17585305047518
3.3364854429845203,59.902227318609064
3.3364854429845203,61.46864322978518
3.3364854429845203,78.48806785175918
3.3364854429845203,59.67365427571065
3.3364854429845203,59.42970853689686
3.3364854429845203,59.391837359030724
3.3364854429845203,62.218378641208055
3.3364854429845203,59.90482248144939
3.3364854429845203,62.70379961162462
3.3364854429845203,60.509979478631905
3.3364854429845203,59.11797936034582
3.3364854429845203,62.26980611058506
3.3364854429845203,60.391113271770294
3.3364854429845203,59.9606284357226
3.3364854429845203,60.0259031719046
3.3364854429845203,59.98816349364912
3.3364854429845203,62.160004401531964
3.3364854429845203,60.07869393676408
3.3364854429845203,60.23245949297124
3.3364854429845203,59.776247633201315
3.3364854429845203,56.45060180587453
3.3364854429845203,68.0951147043948
3.3364854429845203,59.07166344331984
3.3364854429845203,59.12025842891558
3.3364854429845203,60.01577366329952
3.3364854429845203,60.09108511995234
3.3364854429845203,60.77133275732256
3.3364854429845203,60.27756420423456
3.3364854429845203,59.0463289169317
3.3364854429845203,60.02448120086943
3.3364854429845203,60.02530430858204
3.3364854429845203,59.82361011798272
3.3364854429845203,59.96466090221713
3.3364854429845203,60.09487250576605
3.3364854429845203,59.7426745204706
3.3364854429845203,67.89949327241052
3.3364854429845203,58.29216540358427
3.3364854429845203,57.08443107124909
3.3364854429845203,60.19955205961672
3.3364854429845203,60.02094651814314
3.3364854429845203,59.37242671653909
3.3364854429845203,60.01738153195545
3.3364854429845203,57.70813792373843
3.3364854429845203,60.739113630740846
3.3364854429845203,60.031447005635094
3.3364854429845203,59.470875764060104
3.3364854429845203,60.40396838914332
3.3364854429845203,60.013419645651965
3.3364854429845203,60.04908151287855
3.3364854429845203,59.70770339890896
3.3364854429845203,60.19734001799679
3.3364854429845203,58.10726976448921
3.3364854429845203,60.151690327961184
3.3364854429845203,67.42385546020779
3.3364854429845203,69.6485810243107
3.3364854429845203,61.17142971017247
3.3364854429845203,56.886208172285286
3.3364854429845203,59.900108587384786
3.3364854429845203,61.419237284877894
3.3364854429845203,60.13839766315019
3.3364854429845203,60.53386974951799
3.3364854429845203,59.423460125072275
3.3364854429845203,62.87427578792529
3.3364854429845203,62.462449670493946
3.3364854429845203,60.14068175146078
3.3364854429845203,60.01858865688258
3.3364854429845203,59.81834814421094
3.3364854429845203,58.79108518316035
3.3364854429845203,60.07309652348343
3.3364854429845203,74.80439051035086
3.3364854429845203,57.390132395537535
3.3364854429845203,79.68670869539922
3.3364854429845203,60.30934751204082
3.3364854429845203,60.02374774629593
3.3364854429845203,59.59866194265613
3.3364854429845203,63.4792711103042
3.3364854429845203,59.78941070327037
3.3364854429845203,59.92655689072878
3.3364854429845203,60.283706867705106
3.3364854429845203,61.77735013642247
3.3364854429845203,60.02903267031688
3.3364854429845203,60.01500086804002
3.3364854429845203,59.9926491086516
3.3364854429845203,56.177949948694256
3.3364854429845203,59.752792068443775
3.3364854429845203,58.88270205731417
3.3364854429845203,56.34821112869308
3.3364854429845203,68.96815873752787
3.3364854429845203,56.49243198238269
3.3364854429845203,56.83984139205128
3.3364854429845203,61.65592335387211
3.3364854429845203,60.00061444352523
3.3364854429845203,59.899419497427
3.3364854429845203,59.984789022936226
3.3364854429845203,76.92376061001156
3.3364854429845203,59.897492381797925
3.3364854429845203,60.82679096721748
3.3364854429845203,62.64844280932326
3.3364854429845203,60.06209181633681
3.3364854429845203,59.99012018821873
3.3364854429845203,60.06706403591462
3.3364854429845203,59.97197315138469
3.3364854429845203,60.019659379002
3.3364854429845203,59.71343824141557
3.3364854429845203,59.55247971317643
3.3364854429845203,59.13706009483442
3.3364854429845203,60.17247781782716
3.3364854429845203,55.93949233043438
3.3364854429845203,71.22816666405339
3.3364854429845203,58.451473057350086
3.3364854429845203,60.10533297155153
3.3364854429845203,68.5169532703241
3.3364854429845203,61.74888631620323
3.3364854429845203,60.14471013017215
3.3364854429845203,59.409982927887214
3.3364854429845203,57.19097125700783
3.3364854429845203,60.87776503310043
3.3364854429845203,60.471004854065484
3.3364854429845203,59.980464624307956
3.3364854429845203,60.106836019860054
3.3364854429845203,59.63529460901529
3.3364854429845203,59.99237922804098
3.3364854429845203,59.93667448755259
3.3364854429845203,60.80721773314286
3.3364854429845203,60.587950450954494
3.3364854429845203,60.01610289362129
3.3364854429845203,66.64950127088524
3.3364854429845203,85.75057912291047
3.3364854429845203,60.21747218282305
3.3364854429845203,58.108504450559536
3.3364854429845203,60.18298592418694
3.3364854429845203,55.830436936331765
3.3364854429845203,59.28678065157947
3.3364854429845203,59.76426476201634
3.3364854429845203,62.907023411360285
3.3364854429845203,59.77967684865425
3.3364854429845203,59.98450454059229
3.3364854429845203,60.037809702943306
3.3364854429845203,60.40130275959188
3.3364854429845203,60.091719004467784
3.3364854429845203,60.06852880147012
3.3364854429845203,60.45053468401689
3.3364854429845203,69.76473737513247
3.3364854429845203,74.30418112048376
3.3364854429845203,66.68112905087445
3.3364854429845203,61.5718951272442
3.3364854429845203,56.23316561733076
3.3364854429845203,59.67058153024369
3.3364854429845203,59.519400296720725
3.3364854429845203,64.83629602746683
3.3364854429845203,73.91990861384113
3.3364854429845203,62.14976441714019
3.3364854429845203,76.09904316277157
3.3364854429845203,59.76121706891525
3.3364854429845203,60.722869368854624
3.3364854429845203,62.36519505011574
3.3364854429845203,60.02328841631168
3.3364854429845203,60.00407713240563
3.3364854429845203,59.95163420730241
3.3364854429845203,59.65695036299477
3.3364854429845203,58.778066777394386
3.3364854429845203,59.979452348161225
3.3364854429845203,55.18077592854145
3.3364854429845203,56.76160032823199
3.3364854429845203,56.67432675117103
3.3364854429845203,58.14784369811377
3.3364854429845203,58.18139233804629
3.3364854429845203,59.464055439922284
3.3364854429845203,60.60718040178247
3.3364854429845203,54.597929985744905
3.3364854429845203,59.43971645712366
3.3364854429845203,60.235410367709264
3.3364854429845203,60.38053150888482
3.3364854429845203,60.480619945726644
3.3364854429845203,60.19534109941247
3.3364854429845203,59.88940912052266
3.3364854429845203,72.87826519945284
3.3364854429845203,68.70471169415586
3.3364854429845203,78.86921028854357
3.3364854429845203,67.2916923712662
3.3364854429845203,58.4390884880084
3.3364854429845203,59.8222285354073
3.3364854429845203,60.00944864316369
3.3364854429845203,59.93703946964597
3.3364854429845203,60.2467263537321
3.3364854429845203,59.76696752368559
3.3364854429845203,60.43569990103944
3.3364854429845203,59.137240476462274
3.3364854429845203,59.89672884868136
3.3364854429845203,59.94946319875653
3.3364854429845203,81.19866821220371
3.3364854429845203,77.07328553195276
3.3364854429845203,67.43296740656606
3.3364854429845203,56.78159161155915
3.3364854429845203,77.32301335922578
3.3364854429845203,60.30731845080755
3.3364854429845203,58.75910516892983
3.3364854429845203,61.44559774185677
3.3364854429845203,60.3752410393978
3.3364854429845203,59.56685375031378
3.3364854429845203,62.80950670492217
3.3364854429845203,63.90054461858578
3.3364854429845203,59.32934170225372
3.3364854429845203,60.43138611017201
3.3364854429845203,49.60906756454673
3.3364854429845203,58.93054530064354
3.3364854429845203,59.829160380014265
3.3364854429845203,59.86887647076445
3.3364854429845203,59.9505555704182
3.3364854429845203,59.82246852864686
3.3364854429845203,58.024714022421136
3.3364854429845203,60.59700166981295
3.3364854429845203,60.749179401188336
3.3364854429845203,59.42412773577644
3.3364854429845203,61.07563836047942
3.3364854429845203,59.02316890401103
3.3364854429845203,60.04773180284262
3.3364854429845203,60.267706897346045
3.3364854429845203,59.18067547097124
3.3364854429845203,59.96932480909972
3.3364854429845203,59.42764284284339
3.3364854429845203,58.19351971865654
3.3364854429845203,59.58299436984122
3.3364854429845203,59.948642449414486
3.3364854429845203,60.00844994509128
3.3364854429845203,59.96539050426852
3.3364854429845203,59.97168039590063
3.3364854429845203,59.616090146924016
3.3364854429845203,59.8503706905805
3.3364854429845203,57.813966216072835
3.3364854429845203,60.16217481922417
3.3364854429845203,59.972090540069736
3.3364854429845203,60.1034653401339
3.3364854429845203,60.13074133072541
3.3364854429845203,114.20963708987702
3.3364854429845203,52.599279969942955
3.3364854429845203,62.2135964719976
3.3364854429845203,58.16129656314672
3.3364854429845203,60.0130433142939
3.3364854429845203,60.0045445362513
3.3364854429845203,59.96195113548285
3.3364854429845203,59.97734200269375
3.3364854429845203,59.96174209711253
3.3364854429845203,67.1433415344042
3.3364854429845203,61.39803314175991
3.3364854429845203,66.33112116088158
3.3364854429845203,58.61857058331766
3.3364854429845203,62.21647567623363
3.3364854429845203,59.649273932758625
3.3364854429845203,60.13109369497505
3.3364854429845203,59.81068174171028
3.3364854429845203,58.47744094468398
3.3364854429845203,57.09909537563011
3.3364854429845203,60.13042161536577
3.3364854429845203,59.90088641941642
3.3364854429845203,59.94196769416782
3.3364854429845203,59.28973342961598
3.3364854429845203,75.59887429072668
3.3364854429845203,58.701899267916325
3.3364854429845203,79.33010947981657
3.3364854429845203,58.62613083403099
3.3364854429845203,58.388135581034796
3.3364854429845203,57.945376690485205
3.3364854429845203,60.016399071370465
3.3364854429845203,60.01303715529038
3.3364854429845203,59.97180621406556
3.3364854429845203,60.47199581666247
3.3364854429845203,59.97519812205453
3.3364854429845203,59.82487941986805
3.3364854429845203,59.86162142834993
3.3364854429845203,60.2598505033556
3.3364854429845203,60.2831358186149
3.3364854429845203,73.92884687347454
3.3364854429845203,58.58576512421326
3.3364854429845203,59.91858363060116
3.3364854429845203,59.98498927004983
3.3364854429845203,60.00614347346793
3.3364854429845203,59.99364334926831
3.3364854429845203,60.398462935184575
3.3364854429845203,59.77398914401263
3.3364854429845203,60.28868551772793
3.3364854429845203,60.228085114698864
3.3364854429845203,75.83501504375637
3.3364854429845203,59.97962129270053
3.3364854429845203,71.79814767556958
3.3364854429845203,54.158827355462975
3.3364854429845203,60.996219653954704
3.3364854429845203,55.26880969037655
3.3364854429845203,74.41372156109257
3.3364854429845203,69.86672221140397
3.3364854429845203,59.99809827487537
3.3364854429845203,59.98993480230306
3.3364854429845203,61.07285709563441
3.3364854429845203,60.12706732443758
3.3364854429845203,59.59735091230334
3.3364854429845203,59.71369378222723
3.3364854429845203,58.81614145897808
3.3364854429845203,60.19062002499004
3.3364854429845203,60.11083499822315
3.3364854429845203,59.774078805772405
3.3364854429845203,70.1201976955824
3.3364854429845203,59.79856498795447
3.3364854429845203,70.78090890473892
3.3364854429845203,59.106495203017246
3.3364854429845203,59.97671340986341
3.3364854429845203,59.98599673620452
3.3364854429845203,59.723761187490574
3.3364854429845203,58.710870676407986
3.3364854429845203,59.99382015230778
3.3364854429845203,70.74008481589077
3.3364854429845203,60.32232640562643
3.3364854429845203,55.29217303308524
3.3364854429845203,85.68978282698535
3.3364854429845203,60.3724845823982
3.3364854429845203,60.00514198638664
3.3364854429845203,59.996123270332255
3.3364854429845203,58.01694858695762
3.3364854429845203,61.584612951929074
3.3364854429845203,60.36220345270314
3.3364854429845203,60.757299863263206
3.3364854429845203,59.898399797433164
3.3364854429845203,56.215119230241605
3.3364854429845203,58.92098748400788
3.3364854429845203,59.44016071956514
3.3364854429845203,60.85472909751294
3.3364854429845203,59.94733821637821
3.3364854429845203,72.1133061845191
3.3364854429845203,54.743007683327114
3.3364854429845203,58.81210984411454
3.3364854429845203,58.77891819345461
3.3364854429845203,60.37932462593401
3.3364854429845203,59.84229762183363
3.3364854429845203,60.31574296748379
3.3364854429845203,75.55449581292697
3.3364854429845203,68.5795965499147
3.3364854429845203,77.19193195080776
3.3364854429845203,55.863146110745014
3.3364854429845203,59.913835220610245
3.3364854429845203,60.00739094436664
3.3364854429845203,58.518105651376985
3.3364854429845203,63.29413784374125
3.3364854429845203,59.790915244800225
3.3364854429845203,59.274123709158545
3.3364854429845203,57.18442327386096
3.3364854429845203,57.08014385523971
3.3364854429845203,81.86862733905893
3.3364854429845203,60.00008207991043
3.3364854429845203,59.99985651587608
3.3364854429845203,60.20847758714698
3.3364854429845203,60.231306759086806
3.3364854429845203,60.45889972135024
3.3364854429845203,59.793451076567614
3.3364854429845203,59.75136582620482
3.3364854429845203,59.7249897717833
3.3364854429845203,55.06517775069515
3.3364854429845203,60.18413970978348
3.3364854429845203,60.37212080594167
3.3364854429845203,60.301444873910896
3.3364854429845203,58.851171436710445
3.3364854429845203,60.01017022032958
3.3364854429845203,61.250441651246405
3.3364854429845203,79.90250192184179
3.3364854429845203,59.94513518570414
3.3364854429845203,57.04736959913511
3.3364854429845203,52.08616628190614
3.3364854429845203,61.509193807811265
3.3364854429845203,59.36070765065753
3.3364854429845203,59.94792890734861
3.3364854429845203,59.89781498196148
3.3364854429845203,59.94192346509425
3.3364854429845203,59.828251357214064
3.3364854429845203,59.9862636976994
3.3364854429845203,56.76753650161332
3.3364854429845203,74.48478631145832
3.3364854429845203,56.894167964858774
3.3364854429845203,59.007091080404194
3.3364854429845203,75.4084947972456
3.3364854429845203,72.30297514286384
3.3364854429845203,59.5131249662717
3.3364854429845203,54.83871322422392
3.3364854429845203,58.086150151416604
3.3364854429845203,59.790205993685355
3.3364854429845203,59.986898293906386
3.3364854429845203,60.01603385645827
3.3364854429845203,60.002409919733985
3.3364854429845203,62.045936660986335
3.3364854429845203,57.715266916360186
3.3364854429845203,92.51581979547794
3.3364854429845203,57.89394001740726
3.3364854429845203,59.2948102663721
3.3364854429845203,60.13286259539374
3.3364854429845203,58.2598160195438
3.3364854429845203,58.39100810929798
3.3364854429845203,77.83880378786029
3.3364854429845203,59.97446832814693
3.3364854429845203,59.910293114831525
3.3364854429845203,62.27026948552728
3.3364854429845203,60.90600016572597
3.3364854429845203,61.94840341366891
3.3364854429845203,69.68685321589064
3.3364854429845203,54.42018467607874
3.3364854429845203,60.44216568460207
3.3364854429845203,59.98755283589182
3.3364854429845203,59.910178279548084
3.3364854429845203,60.01010865522488
3.3364854429845203,59.99420809001951
3.3364854429845203,70.06950210969488
3.3364854429845203,70.11552924964711
3.3364854429845203,57.36646304251432
3.3364854429845203,57.850944845655455
3.3364854429845203,60.96720582584482
3.3364854429845203,60.00356744524344
3.3364854429845203,59.89018528953636
3.3364854429845203,64.91333485155926
3.3364854429845203,60.70823890511622
3.3364854429845203,62.03816298885633
3.3364854429845203,60.188534487803466
3.3364854429845203,60.51929584078954
3.3364854429845203,60.7278061073751
3.3364854429845203,59.4584696326063
3.3364854429845203,59.387057207285594
3.3364854429845203,56.27165164245516
3.3364854429845203,86.48902109840463
3.3364854429845203,59.31986351637129
3.3364854429845203,59.98068499987593
3.3364854429845203,60.175243631449284
3.3364854429845203,61.43044954641666
3.3364854429845203,60.56424382865533
3.3364854429845203,58.95912466188577
3.3364854429845203,59.28866133172107
3.3364854429845203,59.698787381862296
3.3364854429845203,76.31181332623353
3.3364854429845203,59.8006086115624
3.3364854429845203,60.029397649440135
3.3364854429845203,58.392658884106325
3.3364854429845203,54.457277917324205
3.3364854429845203,73.11995507709149
3.3364854429845203,55.388645331950514
3.3364854429845203,60.139009022811294
3.3364854429845203,58.1424971409748
3.3364854429845203,59.935958020542586
3.3364854429845203,59.98766654243348
3.3364854429845203,59.96916570820353
3.3364854429845203,59.9109307895402
3.3364854429845203,60.2050390513754
3.3364854429845203,60.66250280898141
3.3364854429845203,58.34192144139645
3.3364854429845203,59.343957327658785
3.3364854429845203,60.67615643331341
3.3364854429845203,62.6336108654436
3.3364854429845203,60.0142512683273
3.3364854429845203,60.45142587178019
3.3364854429845203,58.00101419418812
3.3364854429845203,59.36085733202602
3.3364854429845203,56.17860378333877
3.3364854429845203,73.09492348284947
3.3364854429845203,59.97280726082061
3.3364854429845203,60.76223880063245
3.3364854429845203,73.84415164307464
3.3364854429845203,58.68010394248284
3.3364854429845203,60.002211272403315
3.3364854429845203,60.04214775690344
3.3364854429845203,59.16376322491703
3.3364854429845203,56.89577664241545
3.3364854429845203,56.08831132691367
3.3364854429845203,59.9430803562013
3.3364854429845203,58.53156939391989
3.3364854429845203,59.58123552332509
3.3364854429845203,59.8511861793876
3.3364854429845203,60.285682051637444
3.3364854429845203,73.5097874496531
3.3364854429845203,72.28633724530607
3.3364854429845203,56.68244944031018
3.3364854429845203,59.934233092713036
3.3364854429845203,58.037672926016704
3.3364854429845203,57.85582238079877
3.3364854429845203,69.45586067166117
3.3364854429845203,60.01627744056102
3.3364854429845203,60.023791562009386
3.3364854429845203,59.841274636419946
3.3364854429845203,60.215178813442215
3.3364854429845203,60.51412964657163
3.3364854429845203,59.968339849691375
3.3364854429845203,70.45377727879693
3.3364854429845203,57.16235795508686
3.3364854429845203,57.47731207431744
3.3364854429845203,60.973287733121126
3.3364854429845203,59.9043003569385
3.3364854429845203,56.31881436028054
3.3364854429845203,75.71223071180628
3.3364854429845203,57.44217343990118
3.3364854429845203,57.596312241371
3.3364854429845203,59.51291935073031
3.3364854429845203,59.34995487615137
3.3364854429845203,59.988230448158696
3.3364854429845203,59.996409349943406
3.3364854429845203,60.0765595293529
3.3364854429845203,60.151110436260545
3.3364854429845203,59.86247733527758
3.3364854429845203,91.18005209035428
3.3364854429845203,56.39891421032656
3.3364854429845203,59.80867981970769
3.3364854429845203,57.63040728145511
3.3364854429845203,59.46066520725263
3.3364854429845203,59.795108714189276
3.3364854429845203,60.03479296210534
3.3364854429845203,59.96708751203665
3.3364854429845203,59.85446862704096
3.3364854429845203,75.15049714721562
3.3364854429845203,56.887767314019435
3.3364854429845203,72.26576662442727
3.3364854429845203,57.243620918269855
3.3364854429845203,60.00445814692861
3.3364854429845203,60.97943971146473
3.3364854429845203,56.486226218341244
3.3364854429845203,59.99908073640931
3.3364854429845203,58.078141926405486
3.3364854429845203,50.789281849150825
3.3364854429845203,60.28094913211813
3.3364854429845203,58.8313015966207
3.3364854429845203,59.78476386136183
3.3364854429845203,59.7346319861612
3.3364854429845203,58.81999845624231
3.3364854429845203,63.47334730761863
3.3364854429845203,69.38227411987084
3.3364854429845203,59.606049975678616
3.3364854429845203,59.978357699684956
3.3364854429845203,59.97257207608557
3.3364854429845203,59.25971372471873
3.3364854429845203,60.26176662618486
3.3364854429845203,59.892119268938835
3.3364854429845203,68.66502130178023
3.3364854429845203,57.780932466536854
3.3364854429845203,83.77112447038772
3.3364854429845203,60.01617849291161
3.3364854429845203,60.595142681017634
3.3364854429845203,60.034944470429565
3.3364854429845203,60.09189389467208
3.3364854429845203,59.979372080263246
3.3364854429845203,69.37951305814178
3.3364854429845203,59.98246678199661
3.3364854429845203,59.94621582431266
3.3364854429845203,59.91847067866078
3.3364854429845203,59.970783679988884
3.3364854429845203,101.30208049923377
3.3364854429845203,60.04418034322004
3.3364854429845203,60.07986910261611
3.3364854429845203,60.03836985616323
3.3364854429845203,60.10322440949166
3.3364854429845203,59.489035519055584
3.3364854429845203,61.67595783168302
3.3364854429845203,71.10538277354979
3.3364854429845203,59.475761834951726
3.3364854429845203,58.18776750546333
3.3364854429845203,60.393247516669625
3.3364854429845203,52.78531564417232
3.3364854429845203,60.19235991365275
3.3364854429845203,59.96742176575728
3.3364854429845203,60.0314142764704
3.3364854429845203,60.08270020649323
3.3364854429845203,60.25894069915986
3.3364854429845203,59.86503544102819
3.3364854429845203,60.115871016023156
3.3364854429845203,60.048906662070785
3.3364854429845203,60.11209653981427
3.3364854429845203,57.177286498937924
3.3364854429845203,59.98767776627894
3.3364854429845203,58.69916904275171
3.3364854429845203,59.99097091986186
3.3364854429845203,58.30080860835406
3.3364854429845203,58.771611913568876
3.3364854429845203,65.65160916950927
3.3364854429845203,60.24191282259441
3.3364854429845203,59.8811381050253
3.3364854429845203,59.98975586696646
3.3364854429845203,59.626207223643966
3.3364854429845203,70.35617910775363
3.3364854429845203,58.01905352929764
3.3364854429845203,59.15956532344298
3.3364854429845203,84.14201802353615
3.3364854429845203,56.44340575842508
3.3364854429845203,56.65416269072166
3.3364854429845203,60.04977907570442
3.3364854429845203,59.98341359967756
3.3364854429845203,58.98817928848246
3.3364854429845203,57.48183504400128
3.3364854429845203,60.145896930454846
3.3364854429845203,60.20597992360039
3.3364854429845203,59.65918513116843
3.3364854429845203,60.00460395114665
3.3364854429845203,60.077205425126266
3.3364854429845203,60.055022134901556
3.3364854429845203,59.34176550458117
3.3364854429845203,70.46223684346579
3.3364854429845203,55.637550773348465
3.3364854429845203,59.34374182522415
3.3364854429845203,60.00661947852035
3.3364854429845203,59.90527469099388
3.3364854429845203,60.396301128465076
3.3364854429845203,60.59805621065507
3.3364854429845203,57.4320312188739
3.3364854429845203,60.35650158734433
3.3364854429845203,80.04050818716698
3.3364854429845203,59.95927205672421
3.3364854429845203,59.94011378131581
3.3364854429845203,59.96698947815703
3.3364854429845203,59.38608281952765
3.3364854429845203,58.53111373856437
3.3364854429845203,59.23901168129317
3.3364854429845203,60.16337473457188
3.3364854429845203,59.23129727000376
3.3364854429845203,60.28012854163277
3.3364854429845203,58.504472430397435
3.3364854429845203,60.76139039319896
3.3364854429845203,60.08631609005769
3.3364854429845203,60.133847551765356
3.3364854429845203,60.16789467199148
3.3364854429845203,59.94448471995459
3.3364854429845203,60.634878010702806
3.3364854429845203,60.007223498655
3.3364854429845203,60.26509059036565
3.3364854429845203,60.29919595500627
3.3364854429845203,60.266707006851796
3.3364854429845203,60.302465451344844
3.3364854429845203,60.00136558640289
3.3364854429845203,60.00048152526112
3.3364854429845203,59.99968562313288
3.3364854429845203,59.99750277857578
3.3364854429845203,59.99950240285294
3.3364854429845203,60.00338066716288
3.3364854429845203,60.00069052126554
3.3364854429845203,60.00012680833967
3.3364854429845203,60.00118828260126
3.3364854429845203,64.58731636560539
3.3364854429845203,60.4516115962811
3.3364854429845203,59.75858950603696
3.3364854429845203,60.343062596236834
3.3364854429845203,60.01688434369851
3.3364854429845203,59.99861349799752
3.3364854429845203,60.00161929827413
3.3364854429845203,60.00175786151019
3.3364854429845203,59.99941117674692
3.3364854429845203,59.31571581222952
3.3364854429845203,59.23703121633523
3.3364854429845203,59.999114900298906
3.3364854429845203,61.16055155392224
3.3364854429845203,60.02637038938128
3.3364854429845203,60.03675408322912
3.3364854429845203,59.996848278456056
3.3364854429845203,59.67792172985556
3.3364854429845203,59.41458591828955
3.3364854429845203,59.80273447175526
3.3364854429845203,60.02916172218378
3.3364854429845203,61.48763881615987
3.3364854429845203,59.733829817440466
3.3364854429845203,68.94848197038377
3.3364854429845203,59.99959345878693
3.3364854429845203,59.99619262807736
3.3364854429845203,59.99518489878506
3.3364854429845203,59.96437156703897
3.3364854429845203,60.0348504749805
3.3364854429845203,59.44103965996133
3.3364854429845203,60.02842630626353
3.3364854429845203,60.8237339347984
3.3364854429845203,59.643466391015096
3.3364854429845203,68.43247698640529
3.3364854429845203,75.27305681747863
3.3364854429845203,61.59295249132525
3.3364854429845203,60.005904394071756
3.3364854429845203,60.00049726605094
3.3364854429845203,59.98549132825287
3.3364854429845203,59.99810680297934
3.3364854429845203,59.98805547347789
3.3364854429845203,59.99161118823789
3.3364854429845203,60.0111045752174
3.3364854429845203,59.99697701316169
3.3364854429845203,59.988432546341556
3.3364854429845203,59.91433999771517
3.3364854429845203,60.005778202899954
3.3364854429845203,59.98383701733688
3.3364854429845203,59.998761720991
3.3364854429845203,59.91842907610929
3.3364854429845203,59.8340175702234
3.3364854429845203,60.017655193214395
3.3364854429845203,59.9937192514478
3.3364854429845203,60.014210610772324
3.3364854429845203,60.002892267688615
3.3364854429845203,61.3574928941887
3.3364854429845203,59.63088039981768
3.3364854429845203,60.4472673034655
3.3364854429845203,64.5837799507845
3.3364854429845203,60.0421734383706
3.3364854429845203,59.991894241885966
3.3364854429845203,60.03561791632171
3.3364854429845203,60.01170867831477
3.3364854429845203,59.317667122756355
3.3364854429845203,59.595885441285986
3.3364854429845203,60.02569554189534
3.3364854429845203,68.63635822282545
3.3364854429845203,60.55379918420906
3.3364854429845203,59.76697321807678
3.3364854429845203,63.038341922078416
3.3364854429845203,60.39375276874292
3.3364854429845203,60.01982403857737
3.3364854429845203,59.99633054874862
3.3364854429845203,60.03876379063523
3.3364854429845203,59.99935694278862
3.3364854429845203,59.992236187576076
3.3364854429845203,60.01749306922288
3.3364854429845203,59.99542974017703
3.3364854429845203,59.79760332133806
3.3364854429845203,59.41638727958276
3.3364854429845203,61.280896309864225
3.3364854429845203,59.33448114152039
3.3364854429845203,59.35047026805691
3.3364854429845203,60.377782423462904
3.3364854429845203,59.622994337314225
3.3364854429845203,60.00919676382949
3.3364854429845203,75.35605966284811
3.3364854429845203,61.07022148001236
3.3364854429845203,59.97519071643769
3.3364854429845203,59.84966832054383
3.3364854429845203,60.0254740629858
3.3364854429845203,60.02800001103545
3.3364854429845203,59.99693977642532
3.3364854429845203,60.012509535516536
3.3364854429845203,60.01258138369167
3.3364854429845203,59.98531620720788
3.3364854429845203,60.00325990545035
3.3364854429845203,60.000016707341985
3.3364854429845203,60.02563282904807
3.3364854429845203,59.40218534888498
3.3364854429845203,59.13955930282666
3.3364854429845203,60.94209149932808
3.3364854429845203,60.700349081054426
3.3364854429845203,59.96351794999611
3.3364854429845203,59.98187502497125
3.3364854429845203,59.992824940576575
3.3364854429845203,59.763598571300555
3.3364854429845203,60.37190939149575
3.3364854429845203,59.62665421158438
3.3364854429845203,61.12389217888328
3.3364854429845203,68.92401489417759
3.3364854429845203,65.59575348337773
3.3364854429845203,60.01989795842558
3.3364854429845203,59.994701732284135
3.3364854429845203,60.0160707515304
3.3364854429845203,59.99096244283084
3.3364854429845203,60.01963793404174
3.3364854429845203,60.0186275132197
3.3364854429845203,59.877962933255205
3.3364854429845203,59.942378037478925
3.3364854429845203,59.52581117228823
3.3364854429845203,60.01397512593087
3.3364854429845203,59.62531352060265
3.3364854429845203,61.157326653146555
3.3364854429845203,61.53018711169728
3.3364854429845203,65.51031726497025
3.3364854429845203,60.478230091961564
3.3364854429845203,59.9928667396482
3.3364854429845203,60.015815906997354
3.3364854429845203,59.98925660792316
3.3364854429845203,59.99733661419991
3.3364854429845203,59.997629531981175
3.3364854429845203,60.00393070821689
3.3364854429845203,60.02829586885302
3.3364854429845203,60.006556338839594
3.3364854429845203,60.00759061853388
3.3364854429845203,59.94519359760779
3.3364854429845203,67.72845220352345
3.3364854429845203,60.938448627960994
3.3364854429845203,62.329405733924425
3.3364854429845203,61.530481757656155
3.3364854429845203,60.00261254432653
3.3364854429845203,60.02360832042792
3.3364854429845203,59.98767517299616
3.3364854429845203,60.00116526735441
3.3364854429845203,59.983649241638986
3.3364854429845203,59.91710554145403
3.3364854429845203,59.998015506950814
3.3364854429845203,59.991392052443054
3.3364854429845203,60.02010365096856
3.3364854429845203,60.015222759643315
3.3364854429845203,60.02338190850454
3.3364854429845203,59.66988877896309
3.3364854429845203,60.8929662238684
3.3364854429845203,60.003494029654085
3.3364854429845203,67.86851591760072
3.3364854429845203,59.99887443711738
3.3364854429845203,59.96020168565612
3.3364854429845203,59.96718333084358
3.3364854429845203,60.0151403174802
3.3364854429845203,59.90229738927184
3.3364854429845203,60.00026934620246
3.3364854429845203,60.008692793117575
3.3364854429845203,59.89778605414953
3.3364854429845203,60.00183591441771
3.3364854429845203,60.357178540602376
3.3364854429845203,59.988196251741016
3.3364854429845203,60.10855618654542
3.3364854429845203,59.95005149346054
3.3364854429845203,61.31458376856396
3.3364854429845203,59.48612031855609
3.3364854429845203,60.76879279626514
3.3364854429845203,61.74777962607796
3.3364854429845203,59.92567599048529
3.3364854429845203,60.37533276981124
3.3364854429845203,65.27258324120814
3.3364854429845203,60.035977345236795
3.3364854429845203,60.01515927797204
3.3364854429845203,59.99702866514337
3.3364854429845203,59.99189651639519
3.3364854429845203,60.018678564541815
3.3364854429845203,60.002921884875406
3.3364854429845203,59.99485683781005
3.3364854429845203,59.75650213004522
3.3364854429845203,59.98971204440933
3.3364854429845203,59.7181516881294
3.3364854429845203,59.35953511417991
3.3364854429845203,60.014256999916896
3.3364854429845203,59.85434759275633
3.3364854429845203,60.30726458145114
3.3364854429845203,59.258914434574706
3.3364854429845203,68.56547849266288
3.3364854429845203,59.66854904293717
3.3364854429845203,60.766412975839486
3.3364854429845203,60.86220293943103
3.3364854429845203,59.51122225612345
3.3364854429845203,59.907253038978766
3.3364854429845203,60.00792326413339
3.3364854429845203,60.01652410673636
3.3364854429845203,60.01155381500059
3.3364854429845203,59.933953223993285
3.3364854429845203,60.01630751384273
3.3364854429845203,60.014858625070126
3.3364854429845203,62.297727866496004
3.3364854429845203,58.694626652809376
3.3364854429845203,59.9892353916073
3.3364854429845203,60.00800266854119
3.3364854429845203,60.00710081828117
3.3364854429845203,75.26551073101417
3.3364854429845203,62.752753717833826
3.3364854429845203,59.999030301790285
3.3364854429845203,66.94424357576239
3.3364854429845203,61.239652810027934
3.3364854429845203,59.60720578515864
3.3364854429845203,60.00257604777154
3.3364854429845203,59.98492037760668
3.3364854429845203,59.96727936974852
3.3364854429845203,60.018793046902026
3.3364854429845203,60.007900494777864
3.3364854429845203,60.00840965135306
3.3364854429845203,60.00530671069918
3.3364854429845203,60.002399562565415
3.3364854429845203,60.002772529442225
3.3364854429845203,60.01267820878589
3.3364854429845203,60.00049074742695
3.3364854429845203,59.99924718183114
3.3364854429845203,59.99995787271977
3.3364854429845203,59.99939308118894
3.3364854429845203,59.99953038252521
3.3364854429845203,60.000362043292995
3.3364854429845203,59.99977467348243
3.3364854429845203,60.00003046195777
3.3364854429845203,59.99761868537746
3.3364854429845203,59.995184222090224
3.3364854429845203,59.97306344187056
3.3364854429845203,59.909227379222344
3.3364854429845203,59.990943373031186
3.3364854429845203,60.02592129418751
3.3364854429845203,60.02671514883102
3.3364854429845203,60.00625382741963
3.3364854429845203,59.99855574875891
3.3364854429845203,60.003377547282035
3.3364854429845203,60.00125088866856
3.3364854429845203,60.01370309303327
3.3364854429845203,60.00248626590974
3.3364854429845203,59.99960554894873
3.3364854429845203,60.001771079521504
3.3364854429845203,60.000311867345815
3.3364854429845203,60.00983270822669
3.3364854429845203,60.00662001946527
3.3364854429845203,59.987601746216896
3.3364854429845203,59.841828379353174
3.3364854429845203,59.94974983058069
3.3364854429845203,59.85823954384698
3.3364854429845203,60.00006454083238
3.3364854429845203,60.01533109345149
3.3364854429845203,60.001714444322324
3.3364854429845203,59.999114022343775
3.3364854429845203,59.99737104673728
3.3364854429845203,60.00103687062751
3.3364854429845203,60.00048721617704
3.3364854429845203,59.99958610176572
3.3364854429845203,59.99911459670787
3.3364854429845203,59.99964757148518
3.3364854429845203,59.99765707035657
3.3364854429845203,60.00214993635077
3.3364854429845203,60.00106029114015
3.3364854429845203,59.999522659743825
3.3364854429845203,60.00106006250904
3.3364854429845203,59.999164177029755
3.3364854429845203,60.006937542836084
3.3364854429845203,59.990555068733535
3.3364854429845203,60.00241334235303
3.3364854429845203,60.0125588010679
3.3364854429845203,60.000993999589525
3.3364854429845203,59.99635918458364
3.3364854429845203,59.980872112252925
3.3364854429845203,60.00317185551902
3.3364854429845203,59.99974029977451
3.3364854429845203,60.00014700166908
3.3364854429845203,60.00010650573159
3.3364854429845203,59.99991285234932
3.3364854429845203,60.0318633550805
3.3364854429845203,59.9854588107686
3.3364854429845203,60.00325364965893
3.3364854429845203,59.99723488084
3.3364854429845203,60.00813482898224
3.3364854429845203,59.999800166931266
3.3364854429845203,60.00791790864776
3.3364854429845203,60.0250039927889
3.3364854429845203,60.004302569281386
3.3364854429845203,59.99987944926457
3.3364854429845203,59.99961843423028
3.3364854429845203,59.99994053426185
3.3364854429845203,60.00038422276982
3.3364854429845203,60.000251843686215
3.3364854429845203,60.005650582120026
3.3364854429845203,59.99557150143232
3.3364854429845203,59.999714265075774
3.3364854429845203,60.01228240390286
3.3364854429845203,60.002250159656604
3.3364854429845203,59.99991423159512
3.3364854429845203,60.000354445408206
3.3364854429845203,60.000625396568935
3.3364854429845203,60.011146639748425
3.3364854429845203,60.000109957300346
3.3364854429845203,59.99982597243889
3.3364854429845203,59.99965990898099
3.3364854429845203,66.58571317330178
3.3364854429845203,62.28792764023429
3.3364854429845203,60.852343023930814
3.3364854429845203,61.30956920164489
3.3364854429845203,59.99393771898362
3.3364854429845203,60.000034009452804
3.3364854429845203,59.999860983348576
3.3364854429845203,60.01892207449325
3.3364854429845203,60.00950175950365
3.3364854429845203,59.99984948683284
3.3364854429845203,60.000792568204055
3.3364854429845203,59.80413827289505
3.3364854429845203,63.40690704499404
3.3364854429845203,59.99980451548555
3.3364854429845203,60.00012548844124
3.3364854429845203,59.999856509045735
3.3364854429845203,60.14138310230266
3.3364854429845203,60.59074226742016
3.3364854429845203,59.99974280404069
3.3364854429845203,59.99773911114685
3.3364854429845203,60.00044837791583
3.3364854429845203,59.99424991857873
3.3364854429845203,59.99958575087481
3.3364854429845203,59.99669825980172
3.3364854429845203,59.9975158770877
3.3364854429845203,59.99985751319345
3.3364854429845203,60.00114576510719
3.3364854429845203,60.00239586028157
3.3364854429845203,59.96615375895273
3.3364854429845203,60.00632238252753
3.3364854429845203,59.600865430296594
3.3364854429845203,67.29730146467485
3.3364854429845203,59.67394249336535
3.3364854429845203,60.01249327346051
3.3364854429845203,60.29322884923173
3.3364854429845203,64.88268683314436
3.3364854429845203,60.7073913658835
3.3364854429845203,68.51936815692864
3.3364854429845203,61.006270115060126
3.3364854429845203,60.012252474794046
3.3364854429845203,59.99977043796214
3.3364854429845203,60.002338817826086
3.3364854429845203,60.01177844847911
3.3364854429845203,59.9982261802171
3.3364854429845203,60.00096107934745
3.3364854429845203,60.74305381522155
3.3364854429845203,60.00012931142564
3.3364854429845203,59.70228709856974
3.3364854429845203,60.54615481328052
3.3364854429845203,59.38802111981942
3.3364854429845203,61.021651115936564
3.3364854429845203,60.43702031354206
3.3364854429845203,60.185528329300816
3.3364854429845203,60.46342670669988
3.3364854429845203,59.48824370678977
3.3364854429845203,59.99943293985124
3.3364854429845203,60.000090130942844
3.3364854429845203,60.01642183399866
3.3364854429845203,60.01589526238796
3.3364854429845203,59.96241912730017
3.3364854429845203,60.00026226543771
3.3364854429845203,60.002302783693956
3.3364854429845203,60.00887868519153
3.3364854429845203,64.0876803162471
3.3364854429845203,59.710798768946276
3.3364854429845203,59.270131434544204
3.3364854429845203,74.83067011016367
3.3364854429845203,59.7280092287507
3.3364854429845203,60.55980857581981
3.3364854429845203,59.9993265504266
3.3364854429845203,59.99544952326647
3.3364854429845203,60.000160975124686
3.3364854429845203,59.99770157914059
3.3364854429845203,60.00008272236487
3.3364854429845203,60.00794009945932
3.3364854429845203,60.03587107042781
3.3364854429845203,59.99324474138115
3.3364854429845203,59.97172343414892
3.3364854429845203,60.44157949993053
3.3364854429845203,59.06051075558371
3.3364854429845203,59.8693535842125
3.3364854429845203,69.24525776291267
3.3364854429845203,61.20561868828359
3.3364854429845203,59.88590847919259
3.3364854429845203,59.90940272223607
3.3364854429845203,60.00957168876887
3.3364854429845203,59.96915759216782
3.3364854429845203,60.000188009825564
3.3364854429845203,59.98952449447641
3.3364854429845203,60.01437427102836
3.3364854429845203,59.99990433171769
3.3364854429845203,60.0037315959564
3.3364854429845203,60.00114543655597
3.3364854429845203,59.99930411871391
3.3364854429845203,60.028371316426316
3.3364854429845203,59.999647827079166
3.3364854429845203,59.99996443703058
3.3364854429845203,60.001797396824124
3.3364854429845203,60.000685052972365
3.3364854429845203,59.99524086755537
3.3364854429845203,59.997370920193866
3.3364854429845203,59.98593259549891
3.3364854429845203,59.8750330005436
3.3364854429845203,59.96995747947427
3.3364854429845203,59.996989883848045
3.3364854429845203,60.000213372318235
3.3364854429845203,60.01138634812404
3.3364854429845203,73.40864122986373
3.3364854429845203,66.64044856267488
3.3364854429845203,60.16485738950167
3.3364854429845203,60.81838233471682
3.3364854429845203,60.002016782398066
3.3364854429845203,59.991398430105974
3.3364854429845203,60.01283348303219
3.3364854429845203,60.00034902845869
3.3364854429845203,60.028591927829936
3.3364854429845203,60.01489823888021
3.3364854429845203,60.020676848825225
3.3364854429845203,60.05472251336772
3.3364854429845203,59.07047604938786
3.3364854429845203,60.04290867581247
3.3364854429845203,59.99975048869315
3.3364854429845203,60.01852570142337
3.3364854429845203,60.19137793295154
3.3364854429845203,72.54791827972333
3.3364854429845203,63.41342221995235
3.3364854429845203,60.21046364414157
3.3364854429845203,61.1319245147643
3.3364854429845203,60.06402976564992
3.3364854429845203,59.998095188911876
3.3364854429845203,60.041717579030575
3.3364854429845203,60.000072825847276
3.3364854429845203,64.41505436763744
3.3364854429845203,59.334946654439115
3.3364854429845203,60.04451290001052
3.3364854429845203,60.02486449314483
3.3364854429845203,58.99887972791078
3.3364854429845203,60.706654285452416
3.3364854429845203,59.4068475073699
3.3364854429845203,84.60724360070947
3.3364854429845203,59.60535460301197
3.3364854429845203,60.27023210048017
3.3364854429845203,60.05515984628376
3.3364854429845203,59.985246264016475
3.3364854429845203,59.996636708316814
3.3364854429845203,59.99966879527807
3.3364854429845203,59.993052582535654
3.3364854429845203,60.00280559161718
3.3364854429845203,60.03132060416691
3.3364854429845203,60.00002196788917
3.3364854429845203,60.02824570197416
3.3364854429845203,62.79250479164376
3.3364854429845203,59.77912456959458
3.3364854429845203,59.40593003703201
3.3364854429845203,58.6953347362634
3.3364854429845203,59.4729652288969
3.3364854429845203,59.51356876009041
3.3364854429845203,71.96844696569462
3.3364854429845203,74.25987273200698
3.3364854429845203,60.85619857150951
3.3364854429845203,60.22696567966697
3.3364854429845203,59.37236612301335
3.3364854429845203,59.99627923205067
3.3364854429845203,59.99694736063091
3.3364854429845203,60.00003507483246
3.3364854429845203,60.06816272230017
3.3364854429845203,59.99999993812356
3.3364854429845203,59.74557436825709
3.3364854429845203,59.349122022118735
3.3364854429845203,59.4560089375863
3.3364854429845203,61.48307705017835
3.3364854429845203,60.067097864974954
3.3364854429845203,59.2518594041559
3.3364854429845203,59.98951981717302
3.3364854429845203,59.99329363661824
3.3364854429845203,60.00026668374305
3.3364854429845203,60.04082404851273
3.3364854429845203,60.00036803590436
3.3364854429845203,59.93541755357777
3.3364854429845203,59.68802614879054
3.3364854429845203,59.97918946195225
3.3364854429845203,60.041437733458906
3.3364854429845203,59.9997491374019
3.3364854429845203,60.00008391414185
3.3364854429845203,59.999831413632194
3.3364854429845203,59.99991784375298
3.3364854429845203,59.9998422660827
3.3364854429845203,59.99984103950583
3.3364854429845203,59.999989708622365
3.3364854429845203,59.98629895770082
3.3364854429845203,59.99908753734732
3.3364854429845203,59.99678885916589
3.3364854429845203,60.00034910037467
3.3364854429845203,60.00005452649485
3.3364854429845203,60.005540175383985
3.3364854429845203,60.0292426876345
3.3364854429845203,59.76908863101865
3.3364854429845203,60.03136397215262
3.3364854429845203,60.01170318734185
3.3364854429845203,59.987296484316616
3.3364854429845203,60.00072275105346
3.3364854429845203,60.00025910541751
3.3364854429845203,59.99983066921408
3.3364854429845203,59.999611512166915
3.3364854429845203,59.99976686241262
3.3364854429845203,59.9997628468973
3.3364854429845203,60.00005300246502
3.3364854429845203,59.99979016340241
3.3364854429845203,59.98038002775995
3.3364854429845203,59.999029455676
3.3364854429845203,60.007127023021795
3.3364854429845203,59.95051225968487
3.3364854429845203,59.976426478186816
3.3364854429845203,60.02508413609783
3.3364854429845203,60.00586576823204
3.3364854429845203,60.028507612440215
3.3364854429845203,60.000624621896755
3.3364854429845203,59.999588317026436
3.3364854429845203,59.99978286914326
3.3364854429845203,60.00011768438687
3.3364854429845203,60.04307824306468
3.3364854429845203,59.99942948783256
3.3364854429845203,59.994853582022365
3.3364854429845203,59.99998544632222
3.3364854429845203,60.0000815572926
3.3364854429845203,60.04123900474784
3.3364854429845203,59.999829280731916
3.3364854429845203,60.00011597881454
3.3364854429845203,60.01150886893523
3.3364854429845203,59.99550736071801
3.3364854429845203,59.99418606520585
3.3364854429845203,60.00029842022071
3.3364854429845203,59.996686263495775
3.3364854429845203,60.00116509328306
3.3364854429845203,59.989342744322116
3.3364854429845203,60.02616651193006
3.3364854429845203,60.000449870627136
3.3364854429845203,60.03720393210438
3.3364854429845203,60.012384306761845
3.3364854429845203,60.02101331412204
3.3364854429845203,63.18777103588539
3.3364854429845203,60.65088009079349
3.3364854429845203,72.27554947961161
3.3364854429845203,60.07262614376598
3.3364854429845203,66.55297275179687
3.3364854429845203,85.11660319622155
3.3364854429845203,72.3089236550483
3.3364854429845203,66.85059391902467
3.3364854429845203,60.02214886092218
3.3364854429845203,59.99933507003312
3.3364854429845203,60.00414466667117
3.3364854429845203,60.001492784885734
3.3364854429845203,60.73230196692371
3.3364854429845203,59.20959026333666
3.3364854429845203,60.4124572547642
3.3364854429845203,62.13467866219157
3.3364854429845203,60.019267094185864
3.3364854429845203,73.50683426145842
3.3364854429845203,59.99842764246747
3.3364854429845203,59.99302493952245
3.3364854429845203,59.949437161247815
3.3364854429845203,60.00106938491267
3.3364854429845203,59.99881796623698
3.3364854429845203,60.035658438443704
3.3364854429845203,59.80257335365776
3.3364854429845203,59.99267059727047
3.3364854429845203,62.344416212231025
3.3364854429845203,59.717488492501786
3.3364854429845203,59.679308058722405
3.3364854429845203,59.2230678220056
3.3364854429845203,59.672761692009495
3.3364854429845203,58.76680937577856
3.3364854429845203,71.87703306881308
3.3364854429845203,59.82305188656518
3.3364854429845203,60.820245079876806
3.3364854429845203,60.129185587181645
3.3364854429845203,61.22406660351195
3.3364854429845203,59.999250350237546
3.3364854429845203,59.98928337482901
3.3364854429845203,60.042844845061296
3.3364854429845203,59.97940941492848
3.3364854429845203,60.03124965245387
3.3364854429845203,59.998447627590636
3.3364854429845203,60.00142679057458
3.3364854429845203,60.10412698744796
3.3364854429845203,59.41943147210421
3.3364854429845203,59.93760383249348
3.3364854429845203,58.59681262576562
3.3364854429845203,59.646204116537675
3.3364854429845203,58.649775292632306
3.3364854429845203,61.47942638438371
3.3364854429845203,60.23449607837339
3.3364854429845203,59.96928942206148
3.3364854429845203,60.23480813668651
3.3364854429845203,59.329704135937135
3.3364854429845203,59.294066101160595
3.3364854429845203,60.00777460092616
3.3364854429845203,60.02368413754151
3.3364854429845203,60.017986972920255
3.3364854429845203,60.056788414857195
3.3364854429845203,60.01660275074782
3.3364854429845203,59.480063678828316
3.3364854429845203,60.032274869961284
3.3364854429845203,60.017996399964545
3.3364854429845203,60.08767603451
3.3364854429845203,59.711219654133906
3.3364854429845203,60.274274668849465
3.3364854429845203,66.9304910269956
3.3364854429845203,58.668406752606224
3.3364854429845203,59.983609386216315
3.3364854429845203,60.00399948575701
3.3364854429845203,60.015812241605104
3.3364854429845203,59.987084266414534
3.3364854429845203,60.02391378812975
3.3364854429845203,60.05340669112098
3.3364854429845203,59.90166036194988
3.3364854429845203,60.027519315213205
3.3364854429845203,58.93231155872679
3.3364854429845203,59.08522452645686
3.3364854429845203,59.67794621365833
3.3364854429845203,59.97823399572864
3.3364854429845203,60.008441424054766
3.3364854429845203,59.978473467616794
3.3364854429845203,61.21386137483855
3.3364854429845203,61.469199800040975
3.3364854429845203,59.6963942833441
3.3364854429845203,59.97522552957315
3.3364854429845203,60.04607888357478
3.3364854429845203,59.98641885349043
3.3364854429845203,60.04897589954026
3.3364854429845203,60.04202750949883
3.3364854429845203,60.048681424050066
3.3364854429845203,60.01428915568138
3.3364854429845203,59.98048514515272
3.3364854429845203,60.02168142177217
3.3364854429845203,60.019806101766775
3.3364854429845203,60.046454033831274
3.3364854429845203,58.76863011561838
3.3364854429845203,58.60869137246436
3.3364854429845203,59.6044308632213
3.3364854429845203,73.44464811609835
3.3364854429845203,72.96971568367913
3.3364854429845203,59.981791038609884
3.3364854429845203,60.02959585264564
3.3364854429845203,60.02545710171794
3.3364854429845203,59.9782520761441
3.3364854429845203,59.98627768469702
3.3364854429845203,59.99108987869574
3.3364854429845203,60.018999563889786
3.3364854429845203,59.99219759533243
3.3364854429845203,60.03434128837983
3.3364854429845203,84.6646038253183
3.3364854429845203,59.66334423965817
3.3364854429845203,61.315536553679635
3.3364854429845203,59.982368040897576
3.3364854429845203,59.98968219204119
3.3364854429845203,59.99739255033354
3.3364854429845203,60.07423176129831
3.3364854429845203,60.0130394078687
3.3364854429845203,60.045548097167114
3.3364854429845203,59.80585058866128
3.3364854429845203,67.11667093138543
3.3364854429845203,85.1971635311961
3.3364854429845203,74.3118076059665
3.3364854429845203,60.14545535548791
3.3364854429845203,61.10971664726066
3.3364854429845203,60.95969836254206
3.3364854429845203,60.00651536409091
3.3364854429845203,59.99002056914251
3.3364854429845203,59.985968473153754
3.3364854429845203,59.9682490429928
3.3364854429845203,60.00911741502899
3.3364854429845203,59.9817645227589
3.3364854429845203,60.01950714189855
3.3364854429845203,60.00813508827988
3.3364854429845203,62.12777834927011
3.3364854429845203,58.5169300100734
3.3364854429845203,69.51510436212993
3.3364854429845203,60.00000204827706
3.3364854429845203,60.000288094260284
3.3364854429845203,59.999901938260784
3.3364854429845203,59.99970579019082
3.3364854429845203,60.01594205808377
3.3364854429845203,59.86719497580119
3.3364854429845203,59.73170271758008
3.3364854429845203,59.931572375830726
3.3364854429845203,59.86885992708882
3.3364854429845203,59.79070883782273
3.3364854429845203,59.46652288692285
3.3364854429845203,59.62603080637447
3.3364854429845203,60.001010091481746
3.3364854429845203,59.9987234901835
3.3364854429845203,60.20135422129103
3.3364854429845203,59.132457547286855
3.3364854429845203,60.00030400977393
3.3364854429845203,63.09531172788712
3.3364854429845203,60.042758845821794
3.3364854429845203,60.01646540215508
3.3364854429845203,60.01751497597536
3.3364854429845203,60.01311495803843
3.3364854429845203,60.052551397701706
3.3364854429845203,60.04613533067339
3.3364854429845203,60.00766822734071
3.3364854429845203,59.99404332375248
3.3364854429845203,59.32585409012293
3.3364854429845203,59.999740533640505
3.3364854429845203,59.999147291149825
3.3364854429845203,59.127227723988845
3.3364854429845203,59.99976214074355
3.3364854429845203,60.000159333814445
3.3364854429845203,60.44839768471217
3.3364854429845203,60.00009924969275
3.3364854429845203,58.215789890821995
3.3364854429845203,59.981644412653566
3.3364854429845203,59.9956049440322
3.3364854429845203,60.03612316427612
3.3364854429845203,60.0518539435017
3.3364854429845203,60.05690495660643
3.3364854429845203,59.99830141047672
3.3364854429845203,59.58927782118851
3.3364854429845203,60.002249128840035
3.3364854429845203,59.99950051671468
3.3364854429845203,59.99960814302769
3.3364854429845203,60.000155113689246
3.3364854429845203,60.00009096849022
3.3364854429845203,59.99923275251771
3.3364854429845203,59.986811630665635
3.3364854429845203,59.99849391856769
3.3364854429845203,59.982905121159355
3.3364854429845203,59.989480712016466
3.3364854429845203,59.988329775185
3.3364854429845203,59.99584276752725
3.3364854429845203,60.00406384343819
3.3364854429845203,60.026303989082784
3.3364854429845203,59.99864753881798
3.3364854429845203,59.998131725897736
3.3364854429845203,59.998347943830275
3.3364854429845203,59.98262231022537
3.3364854429845203,60.0019572186902
3.3364854429845203,59.997205465773575
3.3364854429845203,60.067065439105406
3.3364854429845203,60.01519701191507
3.3364854429845203,60.00617101904787
3.3364854429845203,60.022434408786516
3.3364854429845203,59.996545330391555
3.3364854429845203,60.00772115725843
3.3364854429845203,59.98547777532373
3.3364854429845203,60.00676611972624
3.3364854429845203,60.019051379805866
3.3364854429845203,60.00261423760449
3.3364854429845203,60.01073973557568
3.3364854429845203,60.016189537783006
3.3364854429845203,59.99685159404428
3.3364854429845203,59.996557724014885
3.3364854429845203,60.03505976819704
3.3364854429845203,59.99420927580163
3.3364854429845203,59.994006956947324
3.3364854429845203,63.28040364679143
3.3364854429845203,72.9042291236076
3.3364854429845203,60.7462388255086
3.3364854429845203,61.617473614718456
3.3364854429845203,59.99578901648656
3.3364854429845203,60.00633159527258
3.3364854429845203,59.98976346171247
3.3364854429845203,59.91073872426093
3.3364854429845203,59.99738477511253
3.3364854429845203,59.99287412156821
3.3364854429845203,59.41255463189458
3.3364854429845203,60.45823371686759
3.3364854429845203,72.83323589768008
3.3364854429845203,60.01449558630224
3.3364854429845203,59.99797393718387
3.3364854429845203,59.99800861397331
3.3364854429845203,60.02685795332848
3.3364854429845203,59.633365169218
3.3364854429845203,59.68327553503665
3.3364854429845203,60.04100110342872
3.3364854429845203,59.85320841387611
3.3364854429845203,60.022123762839556
3.3364854429845203,59.7802456929091
3.3364854429845203,60.903910487626895
3.3364854429845203,60.032868694586575
3.3364854429845203,60.00108348705406
3.3364854429845203,60.012494848791526
3.3364854429845203,59.99662402474174
3.3364854429845203,60.02743980237755
3.3364854429845203,59.44093216184485
3.3364854429845203,59.24010094763561
3.3364854429845203,60.00079215391372
3.3364854429845203,59.852901542497214
3.3364854429845203,60.18030773227557
3.3364854429845203,60.029038255817945
3.3364854429845203,59.62042899898739
3.3364854429845203,59.99121838695576
3.3364854429845203,60.0010258965829
3.3364854429845203,60.00134209631837
3.3364854429845203,60.00041822763864
3.3364854429845203,59.999762561292606
3.3364854429845203,59.99401932020783
3.3364854429845203,60.02736699426261
3.3364854429845203,60.01727680028807
3.3364854429845203,60.00119621768756
3.3364854429845203,59.9999765108623
3.3364854429845203,59.99721201986083
3.3364854429845203,59.99190937579064
3.3364854429845203,60.01144559109595
3.3364854429845203,60.039299504633576
3.3364854429845203,59.997640110642976
3.3364854429845203,59.9996428858791
3.3364854429845203,59.999112396808826
3.3364854429845203,59.99705396693875
3.3364854429845203,60.03974900395663
3.3364854429845203,60.002449980945805
3.3364854429845203,59.999551139640594
3.3364854429845203,59.99906183387384
3.3364854429845203,59.99955501011817
3.3364854429845203,59.99955761868082
3.3364854429845203,60.000008334537036
3.3364854429845203,59.9986049838612
3.3364854429845203,60.003287784439145
3.3364854429845203,60.00222402628892
3.3364854429845203,59.99979627640553
3.3364854429845203,59.99877274111848
3.3364854429845203,59.9995567758485
3.770688104511583,60.03604085014629
3.770688104511583,59.99298457854684
3.770688104511583,59.99172756949598
3.770688104511583,60.02730557419852
3.770688104511583,60.06627533065907
3.770688104511583,59.970762765890385
3.770688104511583,60.0221890272758
3.770688104511583,59.88770795305776
3.770688104511583,60.03704010180684
3.770688104511583,59.99876935766232
3.770688104511583,59.76215114642133
3.770688104511583,60.05818591332293
3.770688104511583,59.98585092270287
3.770688104511583,59.91103035323817
3.770688104511583,60.16919147117178
3.770688104511583,59.9855831570086
3.770688104511583,60.48666165672466
3.770688104511583,59.734192617776664
3.770688104511583,60.04450110600431
3.770688104511583,60.17930921282112
3.770688104511583,60.03579619136344
3.770688104511583,60.45956916506374
3.770688104511583,60.05076919178208
3.770688104511583,59.427291799108374
3.770688104511583,59.93695803309927
3.770688104511583,60.045633402434184
3.770688104511583,60.423803706619886
3.770688104511583,59.71531926782071
3.770688104511583,59.011446575092826
3.770688104511583,59.99882227599493
3.770688104511583,58.575869371527915
3.770688104511583,59.92809653124471
3.770688104511583,64.3215830618774
3.770688104511583,59.721318415594894
3.770688104511583,60.03809799673294
3.770688104511583,60.886993631678244
3.770688104511583,60.01845266321423
3.770688104511583,60.54678175969067
3.770688104511583,59.99337676676989
3.770688104511583,58.60059251408686
3.770688104511583,64.01668969718834
3.770688104511583,60.41570354530971
3.770688104511583,60.01143583932759
3.770688104511583,59.9607820876013
3.770688104511583,68.53274409958722
3.770688104511583,59.60805384386908
3.770688104511583,60.17531040177517
3.770688104511583,59.959395059430435
3.770688104511583,60.05137750428032
3.770688104511583,59.7930433427191
3.770688104511583,65.0428878781359
3.770688104511583,60.81322520477355
3.770688104511583,58.84798236065098
3.770688104511583,59.99289390425904
3.770688104511583,61.07563727009014
3.770688104511583,59.89211985495698
3.770688104511583,60.80111784171365
3.770688104511583,60.144647023913755
3.770688104511583,60.000006890913085
3.770688104511583,59.98307130309737
3.770688104511583,60.02589290924037
3.770688104511583,58.39023927170845
3.770688104511583,60.212325553260776
3.770688104511583,59.76638061797293
3.770688104511583,60.46884125067355
3.770688104511583,65.06656913506416
3.770688104511583,63.45109824100952
3.770688104511583,64.17445903544672
3.770688104511583,71.7384257972344
3.770688104511583,57.91188867215391
3.770688104511583,59.88208860393187
3.770688104511583,60.16043614238754
3.770688104511583,60.06122960963005
3.770688104511583,60.00929240958336
3.770688104511583,59.773978444889636
3.770688104511583,60.38059719868721
3.770688104511583,59.17533431231239
3.770688104511583,60.017772456195516
3.770688104511583,60.04412138382249
3.770688104511583,61.432569291053674
3.770688104511583,60.478194424138245
3.770688104511583,59.4204469770659
3.770688104511583,60.02394398282984
3.770688104511583,64.97776429169633
3.770688104511583,59.95329174346466
3.770688104511583,61.05192691509189
3.770688104511583,58.042629714067324
3.770688104511583,64.97919230953181
3.770688104511583,60.029835974453356
3.770688104511583,60.00513855681125
3.770688104511583,59.46972206274186
3.770688104511583,63.21771702030213
3.770688104511583,59.996666680354934
3.770688104511583,60.41154601859406
3.770688104511583,60.08694070371946
3.770688104511583,58.91451484511372
3.770688104511583,66.17883453956732
3.770688104511583,58.51389826538856
3.770688104511583,58.80352950696133
3.770688104511583,67.40886595398617
3.770688104511583,57.754121287591204
3.770688104511583,60.063420561623474
3.770688104511583,59.96805833296993
3.770688104511583,59.98397451768852
3.770688104511583,60.229037171324485
3.770688104511583,58.43786351412094
3.770688104511583,60.291797815184744
3.770688104511583,60.83751404162137
3.770688104511583,66.29652813218094
3.770688104511583,61.235121273271304
3.770688104511583,61.66280341249713
3.770688104511583,58.53851655074248
3.770688104511583,59.986719854372225
3.770688104511583,60.42991938759399
3.770688104511583,59.90326653807857
3.770688104511583,59.676270462790704
3.770688104511583,64.16567261870001
3.770688104511583,58.742313395763
3.770688104511583,59.98846826291421
3.770688104511583,59.894872666650905
3.770688104511583,60.002916372417666
3.770688104511583,60.339351480770205
3.770688104511583,59.541680391209155
3.770688104511583,62.81114621919929
3.770688104511583,59.75690293187244
3.770688104511583,64.07532375354074
3.770688104511583,60.36673445398209
3.770688104511583,60.07439156848762
3.770688104511583,59.72787375926827
3.770688104511583,60.35283775014172
3.770688104511583,63.74131122452427
3.770688104511583,66.95846544901359
3.770688104511583,60.96580569205791
3.770688104511583,60.48564951629846
3.770688104511583,63.89936141664065
3.770688104511583,69.35555169029456
3.770688104511583,60.21441500413707
3.770688104511583,60.46237591203707
3.770688104511583,59.90258293315932
3.770688104511583,60.17686214250072
3.770688104511583,60.026712134225974
3.770688104511583,60.36518948754787
3.770688104511583,63.55536003522108
3.770688104511583,59.956247262401824
3.770688104511583,66.21930275131663
3.770688104511583,60.16403976171846
3.770688104511583,59.599476328079554
3.770688104511583,69.25701900798661
3.770688104511583,60.036459553814225
3.770688104511583,59.927592589060794
3.770688104511583,61.20624353445939
3.770688104511583,58.058513685886204
3.770688104511583,58.80594331678205
3.770688104511583,58.28299095695565
3.770688104511583,65.46766794356948
3.770688104511583,60.28586370471678
3.770688104511583,59.161128276761445
3.770688104511583,60.07323509237135
3.770688104511583,60.29720002834654
3.770688104511583,60.042542843016605
3.770688104511583,59.40881688413577
3.770688104511583,60.25983118835114
3.770688104511583,60.95281778968155
3.770688104511583,63.61707010237524
3.770688104511583,59.98831264489717
3.770688104511583,60.07994904790721
3.770688104511583,60.039242409400046
3.770688104511583,63.970590776676744
3.770688104511583,59.451041442013675
3.770688104511583,60.69101690248959
3.770688104511583,60.52287569647872
3.770688104511583,58.448254930373764
3.770688104511583,61.012099163779325
3.770688104511583,59.049882814938094
3.770688104511583,67.94123348153147
3.770688104511583,60.06977039515712
3.770688104511583,64.36278964296096
3.770688104511583,60.0140233834708
3.770688104511583,59.95005559954154
3.770688104511583,63.84305731620425
3.770688104511583,59.28294813470048
3.770688104511583,59.61100340006551
3.770688104511583,60.133999793959745
3.770688104511583,65.442888031741
3.770688104511583,64.69770069374088
3.770688104511583,60.41544859609385
3.770688104511583,60.29111290292847
3.770688104511583,60.01808736520204
3.770688104511583,63.46828850192504
3.770688104511583,59.98314370704972
3.770688104511583,59.89535577466248
3.770688104511583,65.46801763527355
3.770688104511583,60.19214489638278
3.770688104511583,61.3015879547006
3.770688104511583,59.84172991424374
3.770688104511583,59.35014781335917
3.770688104511583,60.421719721038976
3.770688104511583,60.21871434586059
3.770688104511583,59.72182247521713
3.770688104511583,61.068016287741735
3.770688104511583,59.232723676346374
3.770688104511583,62.90540645535784
3.770688104511583,59.946583474570026
3.770688104511583,61.26047290800295
3.770688104511583,58.91302758219466
3.770688104511583,60.797794185498965
3.770688104511583,63.78242439781888
3.770688104511583,60.06402810398432
3.770688104511583,59.992049099380175
3.770688104511583,60.02956862863011
3.770688104511583,59.95298727517247
3.770688104511583,59.28910231577241
3.770688104511583,58.54505154731866
3.770688104511583,64.12218514189934
3.770688104511583,59.33797775251797
3.770688104511583,61.448040794761866
3.770688104511583,59.713550575425764
3.770688104511583,60.063632710283045
3.770688104511583,59.203460046962846
3.770688104511583,59.805055983784605
3.770688104511583,59.94157150578952
3.770688104511583,60.34915238387581
3.770688104511583,62.95459687351949
3.770688104511583,60.578194094770225
3.770688104511583,60.004354123807595
3.770688104511583,60.319339288758705
3.770688104511583,60.28996380782063
3.770688104511583,60.34189560734811
3.770688104511583,59.2873124551292
3.770688104511583,59.79430460849174
3.770688104511583,59.61445632498617
3.770688104511583,59.86408169432022
3.770688104511583,60.362651708637145
3.770688104511583,59.79885193379585
3.770688104511583,60.190697559911214
3.770688104511583,60.95365607985362
3.770688104511583,60.098697829302886
3.770688104511583,59.88825591893766
3.770688104511583,60.00532349154989
3.770688104511583,60.81139631540927
3.770688104511583,60.00246171346496
3.770688104511583,60.59689137845899
3.770688104511583,65.35354944044035
3.770688104511583,59.28532271353695
3.770688104511583,60.421338810728045
3.770688104511583,60.158004292065726
3.770688104511583,58.764490150418446
3.770688104511583,59.81676065531811
3.770688104511583,65.93043197494445
3.770688104511583,59.37559537928959
3.770688104511583,59.94545363659931
3.770688104511583,63.49297681669441
3.770688104511583,59.9575963975124
3.770688104511583,60.85860196609638
3.770688104511583,59.11842348526185
3.770688104511583,60.80870624284811
3.770688104511583,61.07811183706142
3.770688104511583,58.76498057364859
3.770688104511583,66.23590977562151
3.770688104511583,60.016712386423514
3.770688104511583,60.104346689524505
3.770688104511583,59.99958322675204
3.770688104511583,59.67688736010958
3.770688104511583,58.876820511927875
3.770688104511583,60.166778063884294
3.770688104511583,59.90027864007734
3.770688104511583,59.17541467150028
3.770688104511583,59.55166861289225
3.770688104511583,59.816011187333274
3.770688104511583,60.22996583458983
3.770688104511583,61.059157086767996
3.770688104511583,60.42056616374907
3.770688104511583,66.80738251536467
3.770688104511583,60.8419564430499
3.770688104511583,60.44106663847203
3.770688104511583,66.849878348803
3.770688104511583,60.00197654065987
3.770688104511583,59.97286187616903
3.770688104511583,58.88173976890033
3.770688104511583,60.65482200671788
3.770688104511583,60.64100822002596
3.770688104511583,59.83581838605009
3.770688104511583,59.48761608793278
3.770688104511583,58.97844595408394
3.770688104511583,60.07932194266382
3.770688104511583,59.373960121965304
3.770688104511583,59.91401210741327
3.770688104511583,60.3926686150724
3.770688104511583,58.96483443511508
3.770688104511583,59.99491148358404
3.770688104511583,60.19098484489213
3.770688104511583,60.528934319182675
3.770688104511583,58.898573287502295
3.770688104511583,62.05601569263494
3.770688104511583,59.46680146455325
3.770688104511583,59.79182022439518
3.770688104511583,59.8429578774012
3.770688104511583,60.63687432536274
3.770688104511583,61.42541684113471
3.770688104511583,63.443864164915304
3.770688104511583,59.80600630483135
3.770688104511583,61.58201458209265
3.770688104511583,64.17954177761987
3.770688104511583,59.713682159143644
3.770688104511583,60.2068958014829
3.770688104511583,59.78726642428815
3.770688104511583,60.44441509616073
3.770688104511583,59.640136634881934
3.770688104511583,60.02819682623521
3.770688104511583,65.01402763289234
3.770688104511583,59.34935587517552
3.770688104511583,59.95304996852944
3.770688104511583,64.24917807052924
3.770688104511583,59.66750842242877
3.770688104511583,60.40451751529721
3.770688104511583,60.28566459569876
3.770688104511583,59.16238022786815
3.770688104511583,65.82681198155046
3.770688104511583,63.634378827127165
3.770688104511583,60.308525118172724
3.770688104511583,63.66718536876736
3.770688104511583,60.28837176610411
3.770688104511583,60.27763988652596
3.770688104511583,60.395303953889005
3.770688104511583,59.802917374199225
3.770688104511583,60.04218755705588
3.770688104511583,64.21161443044998
3.770688104511583,59.83170627756937
3.770688104511583,61.21255958907878
3.770688104511583,59.638956741931544
3.770688104511583,59.83288811782138
3.770688104511583,59.78378839688041
3.770688104511583,59.993959117378836
3.770688104511583,59.64570463545383
3.770688104511583,59.47803538690606
3.770688104511583,60.007706686677516
3.770688104511583,60.20216857806077
3.770688104511583,60.06184481610917
3.770688104511583,59.89498043668829
3.770688104511583,59.86325839095016
3.770688104511583,58.6945326263043
3.770688104511583,60.87943152222305
3.770688104511583,59.07374950469445
3.770688104511583,60.764556164813754
3.770688104511583,59.20093705954445
3.770688104511583,60.01692501606787
3.770688104511583,64.42283299103698
3.770688104511583,59.08744784657611
3.770688104511583,61.228018500226476
3.770688104511583,58.83814614757389
3.770688104511583,60.96878347951452
3.770688104511583,59.761183353607144
3.770688104511583,60.41059165519819
3.770688104511583,59.2013271752568
3.770688104511583,60.172000892797676
3.770688104511583,60.110370354487955
3.770688104511583,62.1095095876715
3.770688104511583,64.28292261901277
3.770688104511583,59.634016639142246
3.770688104511583,65.60881822157486
3.770688104511583,63.461850642958574
3.770688104511583,59.97898975748737
3.770688104511583,60.264035953347424
3.770688104511583,61.24297190432974
3.770688104511583,59.11413189151543
3.770688104511583,59.793291940005766
3.770688104511583,60.120449370671814
3.770688104511583,66.13357966773006
3.770688104511583,60.36045077907895
3.770688104511583,65.8079688035396
3.770688104511583,59.74783510289569
3.770688104511583,59.95142451053818
3.770688104511583,58.317780880904294
3.770688104511583,60.77268725553049
3.770688104511583,59.74169396815219
3.770688104511583,59.85603023771855
3.770688104511583,59.6467248148704
3.770688104511583,60.348964059157026
3.770688104511583,60.141829461449674
3.770688104511583,60.007523913935245
3.770688104511583,60.14872129172309
3.770688104511583,60.422125034399436
3.770688104511583,58.51171292193683
3.770688104511583,58.86996698397847
3.770688104511583,59.77254066559737
3.770688104511583,59.753134402378
3.770688104511583,60.51758430759646
3.770688104511583,59.64323266661158
3.770688104511583,63.89596047909573
3.770688104511583,67.27391758630532
3.770688104511583,60.096174520779634
3.770688104511583,64.1237766152781
3.770688104511583,59.770384553189785
3.770688104511583,59.77048329012167
3.770688104511583,62.43520388149102
3.770688104511583,60.227240363534634
3.770688104511583,64.45441692244367
3.770688104511583,59.861026133825504
3.770688104511583,59.4677202657467
3.770688104511583,59.041870776335124
3.770688104511583,60.931160265454736
3.770688104511583,59.292318822419595
3.770688104511583,60.521187166212385
3.770688104511583,59.57591746531365
3.770688104511583,61.03675856012088
3.770688104511583,65.76351930104516
3.770688104511583,63.682248419941324
3.770688104511583,60.7497701921244
3.770688104511583,59.470767432831884
3.770688104511583,58.23064095127713
3.770688104511583,60.134601114840635
3.770688104511583,60.5716341640879
3.770688104511583,64.07307749182961
3.770688104511583,59.97798272355395
3.770688104511583,59.289825549716994
3.770688104511583,61.726513307962556
3.770688104511583,60.45533278649206
3.770688104511583,59.798843420374936
3.770688104511583,58.8586070186175
3.770688104511583,60.95936857055478
3.770688104511583,65.9854928101515
3.770688104511583,65.1206276386835
3.770688104511583,60.48552422651143
3.770688104511583,59.420354881102476
3.770688104511583,59.635253293111234
3.770688104511583,60.481679153198606
3.770688104511583,59.8215872988887
3.770688104511583,63.409797975881816
3.770688104511583,63.88174124824168
3.770688104511583,59.981974129967654
3.770688104511583,64.19396006601889
3.770688104511583,63.46154976034258
3.770688104511583,61.66914848439463
3.770688104511583,63.37158947368006
3.770688104511583,59.78270191600808
3.770688104511583,60.01696156739845
3.770688104511583,65.31563874149971
3.770688104511583,59.054291957356675
3.770688104511583,59.96515517882717
3.770688104511583,59.83109615624349
3.770688104511583,60.49947139420194
3.770688104511583,60.251002551737855
3.770688104511583,59.4141217541908
3.770688104511583,60.02813755765532
3.770688104511583,59.38402798526243
3.770688104511583,66.25631300237917
3.770688104511583,60.06804028998246
3.770688104511583,61.50315921139152
3.770688104511583,66.19027184434849
3.770688104511583,61.629157995358376
3.770688104511583,59.411805446915885
3.770688104511583,60.92766507275046
3.770688104511583,68.42298941634067
3.770688104511583,58.91466397011426
3.770688104511583,59.71568340394468
3.770688104511583,60.071528583171265
3.770688104511583,59.84479248702536
3.770688104511583,60.103468807365275
3.770688104511583,59.1327061809481
3.770688104511583,59.35409187684124
3.770688104511583,59.49177896408386
3.770688104511583,60.53949891716337
3.770688104511583,61.14545287122806
3.770688104511583,65.88767960957377
3.770688104511583,58.821660044483416
3.770688104511583,60.85904538627113
3.770688104511583,65.386052136046
3.770688104511583,59.84398795046235
3.770688104511583,60.108730896727515
3.770688104511583,59.9194042933965
3.770688104511583,59.903667342670346
3.770688104511583,61.30004513564865
3.770688104511583,59.376797008100816
3.770688104511583,57.617410480450616
3.770688104511583,59.599944086538216
3.770688104511583,57.424565234147174
3.770688104511583,60.3966081108097
3.770688104511583,59.948989803002384
3.770688104511583,57.83990221048478
3.770688104511583,57.74102064053086
3.770688104511583,59.34545859306829
3.770688104511583,61.467940498923475
3.770688104511583,59.702615122773054
3.770688104511583,60.063420978195204
3.770688104511583,70.79489872762855
3.770688104511583,58.455684258978984
3.770688104511583,59.43238727260096
3.770688104511583,61.79349889306051
3.770688104511583,63.07586429493505
3.770688104511583,60.29749726881943
3.770688104511583,59.65365188973983
3.770688104511583,59.34148161028992
3.770688104511583,61.00751367773961
3.770688104511583,61.05637682058997
3.770688104511583,65.91144030105329
3.770688104511583,58.568530680319064
3.770688104511583,59.22026100736593
3.770688104511583,61.15343735530242
3.770688104511583,59.93484961217025
3.770688104511583,60.00673991044042
3.770688104511583,56.9011018592763
3.770688104511583,76.08560378925438
3.770688104511583,77.27453946091804
3.770688104511583,60.075916898919175
3.770688104511583,59.514199692608805
3.770688104511583,67.03020971008677
3.770688104511583,61.22564378891069
3.770688104511583,59.77977664443971
3.770688104511583,60.43589688486563
3.770688104511583,60.4992499017286
3.770688104511583,59.92985333780709
3.770688104511583,59.87411494375331
3.770688104511583,58.403921399457055
3.770688104511583,75.25677188932882
3.770688104511583,54.253758165152725
3.770688104511583,75.92966076273407
3.770688104511583,56.09343241705509
3.770688104511583,59.394871954401836
3.770688104511583,61.94019928337479
3.770688104511583,59.99718358987288
3.770688104511583,60.066984342138575
3.770688104511583,60.948887881669066
3.770688104511583,59.35063803429472
3.770688104511583,58.610416989938486
3.770688104511583,61.92503997691973
3.770688104511583,60.057080893601885
3.770688104511583,59.034936371630174
3.770688104511583,59.07177034155408
3.770688104511583,59.572857849451765
3.770688104511583,59.98967119393528
3.770688104511583,58.758879535023155
3.770688104511583,59.84422159462877
3.770688104511583,58.84831607101801
3.770688104511583,60.636945845364735
3.770688104511583,59.093461935714394
3.770688104511583,65.36710315710998
3.770688104511583,65.51088889340029
3.770688104511583,60.07523240368925
3.770688104511583,65.22838496631958
3.770688104511583,59.95826132870615
3.770688104511583,62.26067852580261
3.770688104511583,59.86471628230845
3.770688104511583,71.77006050895436
3.770688104511583,49.39598181521358
3.770688104511583,63.848027750116714
3.770688104511583,59.931253198206825
3.770688104511583,60.669565693814775
3.770688104511583,60.13788537366473
3.770688104511583,65.45007716199129
3.770688104511583,60.6071792004778
3.770688104511583,58.93426148334317
3.770688104511583,59.86301176631514
3.770688104511583,61.18555063537134
3.770688104511583,59.91967003740583
3.770688104511583,77.96561442972805
3.770688104511583,55.992895490183884
3.770688104511583,59.928589201579776
3.770688104511583,91.6451883884532
3.770688104511583,58.944564580881305
3.770688104511583,60.15453992587796
3.770688104511583,59.80663294758379
3.770688104511583,60.02859676655879
3.770688104511583,60.80493270879255
3.770688104511583,58.65432726519863
3.770688104511583,65.26258414569457
3.770688104511583,60.188435257611914
3.770688104511583,60.71732873067472
3.770688104511583,56.85801862091557
3.770688104511583,60.735686071128704
3.770688104511583,58.8913517887223
3.770688104511583,59.663885343503196
3.770688104511583,76.4939159789278
3.770688104511583,60.009160282881375
3.770688104511583,60.2555505620115
3.770688104511583,59.3647702913947
3.770688104511583,58.763963347950586
3.770688104511583,60.137937617149426
3.770688104511583,60.19749545546166
3.770688104511583,59.84626487491958
3.770688104511583,60.02259077105406
3.770688104511583,59.8508506048873
3.770688104511583,57.87910357982069
3.770688104511583,53.43881933510529
3.770688104511583,85.27365586335888
3.770688104511583,64.87870903120687
3.770688104511583,59.60613821764275
3.770688104511583,59.988973702355835
3.770688104511583,59.94460658465507
3.770688104511583,66.57015956534428
3.770688104511583,67.31023706707505
3.770688104511583,61.93346970868916
3.770688104511583,61.25287131057509
3.770688104511583,59.5486261833487
3.770688104511583,60.20103438403992
3.770688104511583,60.00246933671801
3.770688104511583,59.89535722072254
3.770688104511583,60.03315663127646
3.770688104511583,63.51668419196747
3.770688104511583,61.67600154581794
3.770688104511583,72.08913721829919
3.770688104511583,58.375016910682405
3.770688104511583,60.500050312649535
3.770688104511583,59.577508549085984
3.770688104511583,49.50853100755055
3.770688104511583,60.010146324304024
3.770688104511583,59.96612635473543
3.770688104511583,60.016563008662686
3.770688104511583,60.46388071511626
3.770688104511583,59.388863682770484
3.770688104511583,59.30607920637969
3.770688104511583,59.98977477392486
3.770688104511583,59.204254936809846
3.770688104511583,60.41083350415603
3.770688104511583,60.77670742119571
3.770688104511583,58.82735907749051
3.770688104511583,61.493494393186964
3.770688104511583,75.78054715318251
3.770688104511583,57.898596404662406
3.770688104511583,58.82563311320612
3.770688104511583,59.995226288099786
3.770688104511583,59.55318266424368
3.770688104511583,68.62533029106231
3.770688104511583,64.18063393494778
3.770688104511583,59.660527239078085
3.770688104511583,60.22735930151663
3.770688104511583,60.54429546930339
3.770688104511583,59.70609086358156
3.770688104511583,59.924106923056634
3.770688104511583,59.67882367616978
3.770688104511583,58.61490771674643
3.770688104511583,65.67554433659697
3.770688104511583,54.933044350658164
3.770688104511583,57.75941856656215
3.770688104511583,60.00539481437821
3.770688104511583,60.667847831775056
3.770688104511583,71.17473174448772
3.770688104511583,61.329337117842854
3.770688104511583,59.29579904386472
3.770688104511583,60.182854567011994
3.770688104511583,60.438511532232084
3.770688104511583,60.69019923192191
3.770688104511583,60.02382091840813
3.770688104511583,59.96912012296821
3.770688104511583,54.061777197073
3.770688104511583,60.97301063186323
3.770688104511583,63.173972266998476
3.770688104511583,57.05168744955454
3.770688104511583,58.8638273685005
3.770688104511583,57.51811726393931
3.770688104511583,79.03998585898286
3.770688104511583,60.060632552516765
3.770688104511583,60.04293979991997
3.770688104511583,59.785329744317835
3.770688104511583,58.67521031980584
3.770688104511583,60.24540219320503
3.770688104511583,57.69045204685119
3.770688104511583,61.65013730451234
3.770688104511583,60.141906580273336
3.770688104511583,60.077003183980814
3.770688104511583,59.93514068029062
3.770688104511583,60.62439567987537
3.770688104511583,80.80502309780694
3.770688104511583,58.15551508536553
3.770688104511583,73.95248756801575
3.770688104511583,59.01150799897049
3.770688104511583,59.95204643447934
3.770688104511583,60.599563317678786
3.770688104511583,58.83581193083426
3.770688104511583,65.2133614287836
3.770688104511583,66.42625808132837
3.770688104511583,59.392954394202484
3.770688104511583,60.11783698118559
3.770688104511583,59.677194903868354
3.770688104511583,60.39381114988437
3.770688104511583,59.91405131978161
3.770688104511583,57.79978085769164
3.770688104511583,54.21803382059006
3.770688104511583,58.8577865431873
3.770688104511583,73.49050907597473
3.770688104511583,59.08184903156447
3.770688104511583,54.74683526093805
3.770688104511583,56.47801970397964
3.770688104511583,60.00876709716133
3.770688104511583,58.24548878740483
3.770688104511583,71.32979458602986
3.770688104511583,59.61821619261815
3.770688104511583,60.76452211290216
3.770688104511583,67.37074899650122
3.770688104511583,60.38471608055681
3.770688104511583,58.57131000937368
3.770688104511583,59.98645566959072
3.770688104511583,57.77645005003614
3.770688104511583,61.10413397772287
3.770688104511583,56.315325730022145
3.770688104511583,58.01396102039833
3.770688104511583,55.25281305099017
3.770688104511583,61.25209545994894
3.770688104511583,59.95619244629001
3.770688104511583,59.860723526477734
3.770688104511583,60.06423597507461
3.770688104511583,59.15450678356877
3.770688104511583,67.82437256769025
3.770688104511583,58.95411156881178
3.770688104511583,58.33372346172896
3.770688104511583,60.09138532367955
3.770688104511583,61.485931647835145
3.770688104511583,57.365361158292025
3.770688104511583,56.80187643090845
3.770688104511583,80.97287740688448
3.770688104511583,81.07038663655071
3.770688104511583,84.88815195958682
3.770688104511583,60.03298786796501
3.770688104511583,57.98553932252352
3.770688104511583,58.97407438386425
3.770688104511583,56.50366157641502
3.770688104511583,59.00646504280661
3.770688104511583,60.036286233044194
3.770688104511583,59.94348898388221
3.770688104511583,71.88665048952461
3.770688104511583,69.41834254347727
3.770688104511583,70.78599986412102
3.770688104511583,57.04149588462547
3.770688104511583,73.73962791078678
3.770688104511583,59.97836320237947
3.770688104511583,60.41165572960749
3.770688104511583,60.447614965787196
3.770688104511583,68.73179817665793
3.770688104511583,59.711510627931105
3.770688104511583,60.13642284124935
3.770688104511583,61.063417818073674
3.770688104511583,68.3136015973244
3.770688104511583,56.83487310014786
3.770688104511583,59.6023488946769
3.770688104511583,60.08890954975119
3.770688104511583,56.78989912080734
3.770688104511583,63.462338084401495
3.770688104511583,62.114372422374586
3.770688104511583,58.75421951082167
3.770688104511583,57.293786520164566
3.770688104511583,80.96588372177561
3.770688104511583,56.427621841028795
3.770688104511583,58.72432075524927
3.770688104511583,60.02650434667412
3.770688104511583,60.02234943425083
3.770688104511583,60.15483703992143
3.770688104511583,67.1793888446246
3.770688104511583,61.58547888910731
3.770688104511583,71.14359265830294
3.770688104511583,60.616273355416354
3.770688104511583,60.00259125047685
3.770688104511583,60.387436239455795
3.770688104511583,60.53489294094914
3.770688104511583,59.48233061642275
3.770688104511583,60.5349624802485
3.770688104511583,59.71498578795285
3.770688104511583,53.88303092635954
3.770688104511583,60.19263896180957
3.770688104511583,59.997500892138646
3.770688104511583,59.40539567185972
3.770688104511583,57.303877047043066
3.770688104511583,60.49541164574505
3.770688104511583,59.74148272371102
3.770688104511583,60.16699136632772
3.770688104511583,61.46590426876703
3.770688104511583,51.97480948567347
3.770688104511583,81.75978699413997
3.770688104511583,55.03964189016452
3.770688104511583,73.07196632718237
3.770688104511583,59.93279534172262
3.770688104511583,58.672708175441564
3.770688104511583,74.87389892977892
3.770688104511583,55.92007003277261
3.770688104511583,59.969109408813786
3.770688104511583,59.86691130484055
3.770688104511583,60.3904066341079
3.770688104511583,61.35754010938913
3.770688104511583,57.68263130553653
3.770688104511583,59.015024702601096
3.770688104511583,57.296826369667926
3.770688104511583,58.5108487857562
3.770688104511583,77.61837183546031
3.770688104511583,68.81917803477836
3.770688104511583,61.38987787608449
3.770688104511583,60.0323332383325
3.770688104511583,59.88117322274164
3.770688104511583,54.150732504053
3.770688104511583,84.41487309604052
3.770688104511583,59.95277971959033
3.770688104511583,80.5002585205358
3.770688104511583,60.02886929188192
3.770688104511583,59.95805451655158
3.770688104511583,59.97881303958275
3.770688104511583,60.1449834778477
3.770688104511583,74.78601590111745
3.770688104511583,59.70442108511442
3.770688104511583,57.919853726017934
3.770688104511583,59.8702602646852
3.770688104511583,57.240635941981054
3.770688104511583,59.614789282824454
3.770688104511583,57.90049019781175
3.770688104511583,83.00380296509847
3.770688104511583,60.79278835797023
3.770688104511583,56.68040679054575
3.770688104511583,59.620501244488715
3.770688104511583,59.99709179299227
3.770688104511583,60.512644101002884
3.770688104511583,59.169419026211
3.770688104511583,60.07763987896059
3.770688104511583,69.1142377458804
3.770688104511583,59.32773105123441
3.770688104511583,61.674094793970795
3.770688104511583,58.17910979974942
3.770688104511583,60.12585961424094
3.770688104511583,60.1909982851472
3.770688104511583,58.234143999709396
3.770688104511583,55.374882637220466
3.770688104511583,69.24482703357808
3.770688104511583,59.14707189254789
3.770688104511583,98.88655600643492
3.770688104511583,60.600545681196714
3.770688104511583,57.497224003022176
3.770688104511583,54.995019848949646
3.770688104511583,80.02732295899557
3.770688104511583,57.070994375941076
3.770688104511583,60.01805877613999
3.770688104511583,60.2447975284632
3.770688104511583,60.70620441280755
3.770688104511583,59.36772815024171
3.770688104511583,72.16134667178531
3.770688104511583,57.74850290269934
3.770688104511583,61.89583622956226
3.770688104511583,60.19293974082828
3.770688104511583,67.01689167821839
3.770688104511583,59.49041813339282
3.770688104511583,59.89214806124875
3.770688104511583,60.439841078132304
3.770688104511583,54.43470328309402
3.770688104511583,52.38287266556311
3.770688104511583,74.8809460779234
3.770688104511583,57.997349320932024
3.770688104511583,60.9710363063916
3.770688104511583,58.38186022830893
3.770688104511583,59.981634839393735
3.770688104511583,60.003397904996
3.770688104511583,67.67262266558413
3.770688104511583,59.60555767267072
3.770688104511583,61.356038246317425
3.770688104511583,66.37701711619742
3.770688104511583,58.40927467414514
3.770688104511583,59.797602082648794
3.770688104511583,60.16278321538794
3.770688104511583,60.49035078985502
3.770688104511583,71.85278700123945
3.770688104511583,56.95194501989483
3.770688104511583,70.77886762663873
3.770688104511583,55.431156466988
3.770688104511583,59.97998070736004
3.770688104511583,60.31761098201039
3.770688104511583,57.758986682261046
3.770688104511583,59.895165673447266
3.770688104511583,60.616365178673355
3.770688104511583,58.81681507436136
3.770688104511583,58.52689077919335
3.770688104511583,66.05411042480176
3.770688104511583,60.33795591862607
3.770688104511583,60.23427394084347
3.770688104511583,54.06034647984546
3.770688104511583,60.86702666999286
3.770688104511583,56.31851853687192
3.770688104511583,60.46509464323418
3.770688104511583,60.34644072258018
3.770688104511583,59.32854409022188
3.770688104511583,59.63043223344271
3.770688104511583,59.95673159835658
3.770688104511583,58.16774931532401
3.770688104511583,58.349520166168524
3.770688104511583,68.28223915091847
3.770688104511583,55.42119619207733
3.770688104511583,68.39975734195946
3.770688104511583,60.4639895425149
3.770688104511583,59.813618010218555
3.770688104511583,61.555106833169205
3.770688104511583,57.15483710848215
3.770688104511583,58.5028224459118
3.770688104511583,56.76697648333297
3.770688104511583,59.63591812433561
3.770688104511583,60.747522278615456
3.770688104511583,74.54842790563617
3.770688104511583,59.34323411569
3.770688104511583,60.524553467691725
3.770688104511583,59.98671698027262
3.770688104511583,59.953187023336405
3.770688104511583,60.72135522087395
3.770688104511583,71.44642955240758
3.770688104511583,59.58344039466947
3.770688104511583,59.29013561222179
3.770688104511583,57.10371847783095
3.770688104511583,58.09415992551644
3.770688104511583,66.10976668606996
3.770688104511583,69.52134866910981
3.770688104511583,58.4414420405173
3.770688104511583,60.18088641073409
3.770688104511583,54.99415531574016
3.770688104511583,59.38440441142048
3.770688104511583,56.98066050395921
3.770688104511583,60.1805140746565
3.770688104511583,60.293331028542006
3.770688104511583,60.84722221261489
3.770688104511583,59.92385256520993
3.770688104511583,61.47968320598666
3.770688104511583,57.26147967708103
3.770688104511583,60.36925246473187
3.770688104511583,58.689567011011114
3.770688104511583,77.19146083371412
3.770688104511583,61.9132049369184
3.770688104511583,74.45337727757739
3.770688104511583,60.07839026624077
3.770688104511583,59.76694178743885
3.770688104511583,60.011291023863066
3.770688104511583,56.48171295024298
3.770688104511583,59.958813421348346
3.770688104511583,59.79368259090515
3.770688104511583,60.14837071244345
3.770688104511583,59.8883606987687
3.770688104511583,60.00353623249244
3.770688104511583,58.64492717309733
3.770688104511583,59.61790067374839
3.770688104511583,68.25471863996633
3.770688104511583,74.74006408108386
3.770688104511583,60.28066982211938
3.770688104511583,73.23924945212778
3.770688104511583,60.76320695946251
3.770688104511583,57.349463948076036
3.770688104511583,58.819941365969704
3.770688104511583,70.71401841862661
3.770688104511583,55.47743422410028
3.770688104511583,74.89628949331524
3.770688104511583,58.6142689272259
3.770688104511583,59.77764633114842
3.770688104511583,61.53425194710978
3.770688104511583,60.107882045057174
3.770688104511583,59.910451402042774
3.770688104511583,60.186449233360705
3.770688104511583,58.81816513711659
3.770688104511583,60.3470721072162
3.770688104511583,58.79865291436009
3.770688104511583,60.31596707787052
3.770688104511583,59.48489964744661
3.770688104511583,65.9527104633611
3.770688104511583,59.581504131250746
3.770688104511583,57.064112721589936
3.770688104511583,58.15084810970472
3.770688104511583,56.43786517031827
3.770688104511583,72.02688002051283
3.770688104511583,55.642612913506575
3.770688104511583,61.34234352262295
3.770688104511583,59.97509775061705
3.770688104511583,60.01197919912234
3.770688104511583,59.569630291920326
3.770688104511583,65.13858445241749
3.770688104511583,60.023102823686656
3.770688104511583,57.62330652344063
3.770688104511583,59.91469403719286
3.770688104511583,68.30448232707971
3.770688104511583,59.001620699018325
3.770688104511583,58.99822965119089
3.770688104511583,71.11618378744261
3.770688104511583,56.41539043326022
3.770688104511583,71.61311788438353
3.770688104511583,60.23557382106572
3.770688104511583,60.026432281200556
3.770688104511583,54.260431996579285
3.770688104511583,59.948018158893746
3.770688104511583,60.14909747875792
3.770688104511583,59.92536847720518
3.770688104511583,66.68711011549901
3.770688104511583,59.85629497629124
3.770688104511583,59.87062210894762
3.770688104511583,79.88447578183353
3.770688104511583,60.96385453441044
3.770688104511583,60.40244901447073
3.770688104511583,67.22416054368844
3.770688104511583,60.6239210355505
3.770688104511583,57.555923286953366
3.770688104511583,66.645143145114
3.770688104511583,58.891020461968786
3.770688104511583,58.13742146135304
3.770688104511583,59.0994599088032
3.770688104511583,75.45266049689133
3.770688104511583,58.73065968971832
3.770688104511583,58.03835141393386
3.770688104511583,87.46050973563486
3.770688104511583,56.62343267801832
3.770688104511583,71.00719359145339
3.770688104511583,60.007234012619875
3.770688104511583,59.748144935558656
3.770688104511583,59.72271307606575
3.770688104511583,68.82832137420081
3.770688104511583,59.30878829430515
3.770688104511583,58.71503549318728
3.770688104511583,59.06231877808112
3.770688104511583,60.10665692202686
3.770688104511583,60.72708175269727
3.770688104511583,58.69752997090125
3.770688104511583,60.77618732768828
3.770688104511583,58.84138208338948
3.770688104511583,59.67666893370489
3.770688104511583,59.731437675418924
3.770688104511583,59.13912756178078
3.770688104511583,59.02874936211013
3.770688104511583,59.75159062914999
3.770688104511583,59.588668650833945
3.770688104511583,61.20590088476385
3.770688104511583,59.3392412855487
3.770688104511583,62.72155991859852
3.770688104511583,68.69963419980847
3.770688104511583,60.975244805387675
3.770688104511583,59.975567895155685
3.770688104511583,65.34789346488833
3.770688104511583,61.2175188473531
3.770688104511583,60.36878079855855
3.770688104511583,58.534069361042995
3.770688104511583,59.46264107046356
3.770688104511583,58.63021114718116
3.770688104511583,59.1523672587781
3.770688104511583,58.76929626984323
3.770688104511583,59.96574863743353
3.770688104511583,75.19239188837908
3.770688104511583,57.715471778755514
3.770688104511583,60.02165172172442
3.770688104511583,60.46602959525665
3.770688104511583,59.325531820823464
3.770688104511583,58.608006096563614
3.770688104511583,61.85750530265067
3.770688104511583,70.52428667251587
3.770688104511583,68.5471505954545
3.770688104511583,57.56183380952369
3.770688104511583,60.528062438463024
3.770688104511583,61.10791646050154
3.770688104511583,60.795546946654355
3.770688104511583,58.65131826818812
3.770688104511583,58.596539008494666
3.770688104511583,60.4169225859228
3.770688104511583,60.57341314341999
3.770688104511583,57.14028140860004
3.770688104511583,55.221876999225174
3.770688104511583,59.86271103958023
3.770688104511583,60.55843773306156
3.770688104511583,60.64380158262716
3.770688104511583,60.42418824768485
3.770688104511583,57.33554894304528
3.770688104511583,57.66237740992759
3.770688104511583,58.71353913786421
3.770688104511583,59.87059914417615
3.770688104511583,61.53253758104941
3.770688104511583,59.57671884670375
3.770688104511583,58.95290128507884
3.770688104511583,60.131941370605546
3.770688104511583,80.93862684988699
3.770688104511583,60.153118849416884
3.770688104511583,60.24110813528468
3.770688104511583,60.024564050760524
3.770688104511583,59.56050784406983
3.770688104511583,59.412506512218684
3.770688104511583,59.430625384285236
3.770688104511583,67.75278462086273
3.770688104511583,61.57749446018536
3.770688104511583,59.59485947597414
3.770688104511583,61.05590183803024
3.770688104511583,61.893365330460156
3.770688104511583,74.83271308366005
3.770688104511583,59.74430816310201
3.770688104511583,59.817811545517095
3.770688104511583,59.371343261594006
3.770688104511583,86.1731094892458
3.770688104511583,60.14349153018455
3.770688104511583,61.36679727997324
3.770688104511583,74.38833148163611
3.770688104511583,59.18000202683718
3.770688104511583,71.73632985052635
3.770688104511583,74.55611033696341
3.770688104511583,60.347283753002046
3.770688104511583,60.10005838106828
3.770688104511583,60.304601796818396
3.770688104511583,61.08355874618639
3.770688104511583,60.12447957449178
3.770688104511583,60.367215433490216
3.770688104511583,59.862306583555124
3.770688104511583,57.14649359539216
3.770688104511583,67.61135262982017
3.770688104511583,60.5586305910868
3.770688104511583,59.240155036578685
3.770688104511583,60.20646864435491
3.770688104511583,60.143125409116365
3.770688104511583,59.13032222036475
3.770688104511583,59.40458364754474
3.770688104511583,53.64657510977096
3.770688104511583,59.68373925128214
3.770688104511583,60.110984507792416
3.770688104511583,58.39933625591215
3.770688104511583,59.97075488649455
3.770688104511583,60.285936622695374
3.770688104511583,59.96423231208963
3.770688104511583,67.66105654172141
3.770688104511583,58.71266185965135
3.770688104511583,57.50389804725187
3.770688104511583,59.940873771706165
3.770688104511583,59.94538371253977
3.770688104511583,53.192290108230424
3.770688104511583,57.55888409939891
3.770688104511583,58.85107955059185
3.770688104511583,60.7872802698743
3.770688104511583,54.947719702423214
3.770688104511583,57.01151388503852
3.770688104511583,76.99972217602186
3.770688104511583,60.11956542337877
3.770688104511583,60.238820652085664
3.770688104511583,58.293405656898834
3.770688104511583,59.8682943533279
3.770688104511583,58.38451531887957
3.770688104511583,60.08693433675261
3.770688104511583,66.84373285210782
3.770688104511583,68.14030930219505
3.770688104511583,61.750245798930884
3.770688104511583,58.78397820338626
3.770688104511583,59.90106563330975
3.770688104511583,61.82695906610199
3.770688104511583,60.057142827274134
3.770688104511583,76.64762876824501
3.770688104511583,59.60490508172945
3.770688104511583,58.82764188674511
3.770688104511583,72.75277035551957
3.770688104511583,59.525047041811256
3.770688104511583,59.955799897089285
3.770688104511583,60.49149351108525
3.770688104511583,58.695968247864606
3.770688104511583,59.84506688855324
3.770688104511583,72.5480636604365
3.770688104511583,58.12979625801686
3.770688104511583,75.66286062430095
3.770688104511583,60.1179540673376
3.770688104511583,60.033391215463006
3.770688104511583,58.8157939726037
3.770688104511583,63.52005359306456
3.770688104511583,60.30947011965194
3.770688104511583,58.20494871424267
3.770688104511583,58.754808486243434
3.770688104511583,60.57862721713912
3.770688104511583,60.26726605015023
3.770688104511583,60.03327446864953
3.770688104511583,60.56007240842709
3.770688104511583,56.91188633827419
3.770688104511583,60.20624359140502
3.770688104511583,60.15930248604902
3.770688104511583,57.375197445485405
3.770688104511583,67.93933990084558
3.770688104511583,56.651297785158384
3.770688104511583,57.12275724305578
3.770688104511583,62.19252233267116
3.770688104511583,60.01803651572582
3.770688104511583,58.946147266155414
3.770688104511583,60.22927474903759
3.770688104511583,73.75924662761346
3.770688104511583,60.06285622674993
3.770688104511583,60.36303140766741
3.770688104511583,75.17947967827617
3.770688104511583,61.739934137545724
3.770688104511583,60.10455909429781
3.770688104511583,60.19919713551178
3.770688104511583,60.19100572869674
3.770688104511583,60.360635873150336
3.770688104511583,59.4491428525159
3.770688104511583,60.50640272306869
3.770688104511583,59.0676251282366
3.770688104511583,60.1608908617038
3.770688104511583,58.14145426515629
3.770688104511583,69.23438589473112
3.770688104511583,59.1979736333386
3.770688104511583,61.5736448642155
3.770688104511583,67.51569735272055
3.770688104511583,62.55919425997527
3.770688104511583,60.17374590274882
3.770688104511583,60.265146698202585
3.770688104511583,59.05433704517581
3.770688104511583,60.58773352337779
3.770688104511583,58.72394210922116
3.770688104511583,55.31212234711411
3.770688104511583,60.58550171960842
3.770688104511583,59.90939871874613
3.770688104511583,60.0031655485741
3.770688104511583,59.91289867669824
3.770688104511583,60.43909405535237
3.770688104511583,60.35928833101959
3.770688104511583,59.981157184086726
3.770688104511583,65.7900530534277
3.770688104511583,79.33644640470533
3.770688104511583,60.47094029605739
3.770688104511583,57.717636214557864
3.770688104511583,59.52406491465023
3.770688104511583,56.54809339461178
3.770688104511583,59.280907874165045
3.770688104511583,59.417040265862596
3.770688104511583,87.4051177867184
3.770688104511583,59.89919856849494
3.770688104511583,59.71249492935603
3.770688104511583,59.879160695021454
3.770688104511583,60.17633839499977
3.770688104511583,60.08302939032309
3.770688104511583,59.831226793353174
3.770688104511583,61.73443797123546
3.770688104511583,68.53571595295132
3.770688104511583,71.96186002535958
3.770688104511583,66.16500602129412
3.770688104511583,61.7154184928216
3.770688104511583,56.6917484515903
3.770688104511583,60.06193969107179
3.770688104511583,60.022845329187426
3.770688104511583,64.46553146885014
3.770688104511583,71.33881804946081
3.770688104511583,62.936263538032385
3.770688104511583,73.84569799781247
3.770688104511583,60.363950135986634
3.770688104511583,60.31989649067159
3.770688104511583,61.45597378389442
3.770688104511583,59.904594603851685
3.770688104511583,59.963275484114774
3.770688104511583,60.02223899659462
3.770688104511583,60.02081095731338
3.770688104511583,59.0172687105364
3.770688104511583,60.74899374461416
3.770688104511583,56.75652566650485
3.770688104511583,56.597737468347475
3.770688104511583,58.89200710263609
3.770688104511583,58.635829413248906
3.770688104511583,59.4837247561736
3.770688104511583,60.20054937232942
3.770688104511583,61.74153459373663
3.770688104511583,56.63324438519205
3.770688104511583,60.138301199335885
3.770688104511583,59.2425002444648
3.770688104511583,60.86369222394855
3.770688104511583,59.90803098878401
3.770688104511583,60.36060547604083
3.770688104511583,59.78093258374399
3.770688104511583,69.80526630220781
3.770688104511583,67.2709414674659
3.770688104511583,75.9392806981594
3.770688104511583,67.14670104697235
3.770688104511583,58.30821044188997
3.770688104511583,60.554276515312814
3.770688104511583,59.92027224829863
3.770688104511583,59.89022452295613
3.770688104511583,60.21113541570287
3.770688104511583,59.78873954011146
3.770688104511583,60.475307838406565
3.770688104511583,59.259462156273216
3.770688104511583,60.334132861274966
3.770688104511583,59.41247258785777
3.770688104511583,76.74422010464778
3.770688104511583,74.38810334887013
3.770688104511583,66.88739651670905
3.770688104511583,58.665327230527666
3.770688104511583,73.79952767573079
3.770688104511583,60.3127262444944
3.770688104511583,58.95027030950308
3.770688104511583,62.21875656118284
3.770688104511583,60.55939027642524
3.770688104511583,59.777255038624126
3.770688104511583,62.36583980686919
3.770688104511583,63.92308924487616
3.770688104511583,61.05068298838636
3.770688104511583,60.04811230451973
3.770688104511583,53.54041790028188
3.770688104511583,59.90940848387427
3.770688104511583,60.337790923910184
3.770688104511583,59.8861344921701
3.770688104511583,59.92592549364771
3.770688104511583,59.74098324387085
3.770688104511583,59.407129840956216
3.770688104511583,60.595739483245005
3.770688104511583,61.53778470919426
3.770688104511583,60.8866515853454
3.770688104511583,61.459674565763386
3.770688104511583,58.973203585512124
3.770688104511583,60.14977885668276
3.770688104511583,60.55339476736234
3.770688104511583,58.605182294163235
3.770688104511583,60.125924120893956
3.770688104511583,59.50980043080498
3.770688104511583,56.934499230735724
3.770688104511583,59.62104172788072
3.770688104511583,59.99099124652451
3.770688104511583,60.035576784722075
3.770688104511583,59.934294726774894
3.770688104511583,59.962215782864554
3.770688104511583,59.6538066259921
3.770688104511583,59.60892751245975
3.770688104511583,58.28495435886168
3.770688104511583,59.97570494729225
3.770688104511583,60.38372961965112
3.770688104511583,59.68084337080979
3.770688104511583,59.63080543342504
3.770688104511583,99.81359222420242
3.770688104511583,57.370706514012525
3.770688104511583,63.70491057266244
3.770688104511583,58.423144918549205
3.770688104511583,59.97194613143971
3.770688104511583,60.01424398024678
3.770688104511583,59.925267457664816
3.770688104511583,59.98118567266395
3.770688104511583,59.97905955079682
3.770688104511583,66.55681892470437
3.770688104511583,61.91777237067235
3.770688104511583,65.89680287653191
3.770688104511583,58.66992895284402
3.770688104511583,62.33500619370548
3.770688104511583,59.64880705228206
3.770688104511583,59.885426195742546
3.770688104511583,59.50487340459634
3.770688104511583,59.56803681387764
3.770688104511583,58.604215255966274
3.770688104511583,60.14041424331599
3.770688104511583,59.57171721480807
3.770688104511583,59.89224929331626
3.770688104511583,60.356157552786186
3.770688104511583,72.51475709846082
3.770688104511583,59.492244131973614
3.770688104511583,77.46897203814106
3.770688104511583,58.044728888914534
3.770688104511583,58.06148576406887
3.770688104511583,57.08696905324402
3.770688104511583,61.54227190572987
3.770688104511583,60.042049043339055
3.770688104511583,59.99864294492852
3.770688104511583,60.44416678156065
3.770688104511583,60.24396573594325
3.770688104511583,59.62701546359732
3.770688104511583,59.947505609047944
3.770688104511583,60.51722513722039
3.770688104511583,60.81937759680529
3.770688104511583,70.46891101704196
3.770688104511583,59.1592545660859
3.770688104511583,59.95793041545449
3.770688104511583,60.77192607339279
3.770688104511583,60.00153239937524
3.770688104511583,59.99521184323
3.770688104511583,60.25794116228417
3.770688104511583,59.62382617290832
3.770688104511583,60.834652345650404
3.770688104511583,59.636822121134394
3.770688104511583,71.93880967368435
3.770688104511583,59.97763929791313
3.770688104511583,70.95753840852802
3.770688104511583,56.3400975400612
3.770688104511583,59.896526421485895
3.770688104511583,57.67983654663234
3.770688104511583,72.67437582242134
3.770688104511583,68.54542503463247
3.770688104511583,59.99966511857312
3.770688104511583,59.99482177069629
3.770688104511583,60.640853629516094
3.770688104511583,60.115746027130896
3.770688104511583,59.67658880956972
3.770688104511583,59.60088371655146
3.770688104511583,59.03998468723306
3.770688104511583,60.23089829904778
3.770688104511583,60.003018143634755
3.770688104511583,59.28677027849281
3.770688104511583,68.87486225974011
3.770688104511583,60.49752881698305
3.770688104511583,68.5139956099954
3.770688104511583,59.84120102934943
3.770688104511583,59.841162553860876
3.770688104511583,59.976377866343995
3.770688104511583,59.96050651406141
3.770688104511583,59.48503447434094
3.770688104511583,60.00340082270659
3.770688104511583,69.21201361896807
3.770688104511583,60.027618422329894
3.770688104511583,56.05322176485668
3.770688104511583,79.39754586184321
3.770688104511583,60.37713776879202
3.770688104511583,60.01473721686849
3.770688104511583,59.998475873123326
3.770688104511583,57.992642337648256
3.770688104511583,61.48515555613256
3.770688104511583,60.32375616176466
3.770688104511583,61.09281378387171
3.770688104511583,59.94258382967514
3.770688104511583,58.03736750446768
3.770688104511583,60.394645105739095
3.770688104511583,59.878248535287625
3.770688104511583,62.11315636920233
3.770688104511583,59.96504718534651
3.770688104511583,70.65006813136462
3.770688104511583,56.62832930051186
3.770688104511583,59.03165427574714
3.770688104511583,60.30548268678766
3.770688104511583,59.81853914332807
3.770688104511583,59.919878012317966
3.770688104511583,59.5365415179016
3.770688104511583,71.91416248466915
3.770688104511583,67.77358133220031
3.770688104511583,72.95615602636101
3.770688104511583,57.805974325044005
3.770688104511583,58.965414529187264
3.770688104511583,60.02329250759473
3.770688104511583,58.830885348834705
3.770688104511583,63.597926671389175
3.770688104511583,61.222429976671656
3.770688104511583,59.4086260648612
3.770688104511583,59.67848505568121
3.770688104511583,59.221790865940605
3.770688104511583,78.52417404198694
3.770688104511583,60.0029401233909
3.770688104511583,60.000111213578855
3.770688104511583,59.78616410521275
3.770688104511583,60.25431851213976
3.770688104511583,60.37716235201242
3.770688104511583,59.865308932464266
3.770688104511583,59.61457689943677
3.770688104511583,60.089209086043816
3.770688104511583,57.35191215933801
3.770688104511583,60.17035286941439
3.770688104511583,60.6806856273984
3.770688104511583,60.227717973339736
3.770688104511583,59.254250354874884
3.770688104511583,60.00164244967196
3.770688104511583,59.91245492746396
3.770688104511583,75.28847972902427
3.770688104511583,59.094796950799974
3.770688104511583,56.83476208604682
3.770688104511583,55.66919923599698
3.770688104511583,62.78606483599465
3.770688104511583,59.67762741850706
3.770688104511583,59.94510784700061
3.770688104511583,59.896249541288256
3.770688104511583,59.96522576102111
3.770688104511583,59.830013859315244
3.770688104511583,59.99563253392946
3.770688104511583,57.341717446855945
3.770688104511583,71.78494804817801
3.770688104511583,58.40358075169324
3.770688104511583,60.17002609771429
3.770688104511583,72.09278967819498
3.770688104511583,69.7511883999298
3.770688104511583,61.272160363318726
3.770688104511583,57.37991762322042
3.770688104511583,57.50434077511745
3.770688104511583,59.781829760070345
3.770688104511583,59.99722647787849
3.770688104511583,60.00785787581592
3.770688104511583,59.99664452352277
3.770688104511583,62.00056631402112
3.770688104511583,59.01810128303519
3.770688104511583,84.20600916293469
3.770688104511583,57.44075243518128
3.770688104511583,60.02407240844644
3.770688104511583,60.05863244474898
3.770688104511583,59.46538050096172
3.770688104511583,58.93053242585062
3.770688104511583,73.4978931374927
3.770688104511583,59.999763985692695
3.770688104511583,61.04558091851663
3.770688104511583,62.148846097693784
3.770688104511583,60.85367875577678
3.770688104511583,62.04860946284721
3.770688104511583,69.21806801010067
3.770688104511583,57.29996940397845
3.770688104511583,59.69843936089544
3.770688104511583,60.005340486381314
3.770688104511583,59.918401348256886
3.770688104511583,60.04324294714612
3.770688104511583,60.031049751934994
3.770688104511583,68.99619676624879
3.770688104511583,68.33538896517308
3.770688104511583,58.65307825883379
3.770688104511583,59.51391134727873
3.770688104511583,60.946089128292726
3.770688104511583,59.970435300860835
3.770688104511583,59.91971215084848
3.770688104511583,63.9709451129562
3.770688104511583,59.48192071672037
3.770688104511583,58.56451246835154
3.770688104511583,60.493285446202975
3.770688104511583,61.56898156893356
3.770688104511583,60.33825726029323
3.770688104511583,63.48880501994585
3.770688104511583,59.30416028957936
3.770688104511583,56.26355648743575
3.770688104511583,79.54490409866116
3.770688104511583,58.913239454458605
3.770688104511583,59.96723495306065
3.770688104511583,59.76463248035128
3.770688104511583,61.56374020043196
3.770688104511583,60.844726798237666
3.770688104511583,59.8063178968461
3.770688104511583,58.562490953728286
3.770688104511583,61.02186583199979
3.770688104511583,72.50742125374725
3.770688104511583,59.86014589133688
3.770688104511583,60.1067527414772
3.770688104511583,58.112135894248084
3.770688104511583,55.57323434104787
3.770688104511583,71.24488050176379
3.770688104511583,56.67046584631463
3.770688104511583,62.306862307763296
3.770688104511583,58.44458143934566
3.770688104511583,59.95520443798725
3.770688104511583,59.982592931425614
3.770688104511583,60.02262290068354
3.770688104511583,59.94689831207816
3.770688104511583,60.11895799766412
3.770688104511583,60.24624642931887
3.770688104511583,59.01972037235549
3.770688104511583,59.975673330117466
3.770688104511583,60.28591743899758
3.770688104511583,60.51156436001757
3.770688104511583,59.968739626762655
3.770688104511583,60.85261676955285
3.770688104511583,58.23350152832176
3.770688104511583,59.57645915897946
3.770688104511583,57.93198736706398
3.770688104511583,71.70560657160684
3.770688104511583,58.94835380229738
3.770688104511583,61.737098983973084
3.770688104511583,71.48483616014236
3.770688104511583,58.890498173547186
3.770688104511583,59.98934243395159
3.770688104511583,60.01250342292527
3.770688104511583,58.972144273210205
3.770688104511583,56.96959097889883
3.770688104511583,58.088761979064415
3.770688104511583,59.91645552895184
3.770688104511583,57.857228690495255
3.770688104511583,60.308796215068234
3.770688104511583,59.676161054992576
3.770688104511583,60.3966268618872
3.770688104511583,70.31263379452987
3.770688104511583,70.56936609210929
3.770688104511583,57.426668270111385
3.770688104511583,60.668899976800795
3.770688104511583,59.21314103298744
3.770688104511583,57.77436520790945
3.770688104511583,68.2239219473358
3.770688104511583,60.00727275986595
3.770688104511583,60.01082773501264
3.770688104511583,59.898055936910026
3.770688104511583,60.28855877401279
3.770688104511583,59.84242955771693
3.770688104511583,59.931279780267
3.770688104511583,69.68085116013359
3.770688104511583,58.72052457043354
3.770688104511583,59.37336541736114
3.770688104511583,61.86203522857954
3.770688104511583,59.92137910852857
3.770688104511583,58.050946846057094
3.770688104511583,72.55461496539093
3.770688104511583,58.83935202943698
3.770688104511583,57.5812561824081
3.770688104511583,60.31409909320626
3.770688104511583,60.321602092701205
3.770688104511583,59.96843100059347
3.770688104511583,59.99474936523273
3.770688104511583,60.061425990712
3.770688104511583,60.05612004107518
3.770688104511583,59.98803803972025
3.770688104511583,84.3577682791493
3.770688104511583,56.636385855010126
3.770688104511583,59.759011924229206
3.770688104511583,58.25600320226811
3.770688104511583,60.199880578104
3.770688104511583,59.97489919893784
3.770688104511583,60.01665734797815
3.770688104511583,59.96029797954561
3.770688104511583,59.797953467940765
3.770688104511583,71.76221836899798
3.770688104511583,58.51003550379729
3.770688104511583,70.08302734365078
3.770688104511583,57.583043888213844
3.770688104511583,59.989517147012045
3.770688104511583,60.88288284145536
3.770688104511583,57.118726832728626
3.770688104511583,59.90298507571805
3.770688104511583,60.02237687813433
3.770688104511583,54.936688388415874
3.770688104511583,60.010797402695324
3.770688104511583,59.828583658909665
3.770688104511583,59.78290936387939
3.770688104511583,60.30054748632768
3.770688104511583,59.6605031071435
3.770688104511583,63.782903209573746
3.770688104511583,68.2991584818733
3.770688104511583,60.304985256307134
3.770688104511583,59.970798157317176
3.770688104511583,59.93655700533462
3.770688104511583,59.41119346785468
3.770688104511583,60.197592871210254
3.770688104511583,59.974337651944225
3.770688104511583,68.6463894153263
3.770688104511583,57.02191760315139
3.770688104511583,78.47617446783627
3.770688104511583,60.02540561576111
3.770688104511583,59.88082250929747
3.770688104511583,60.099462454566506
3.770688104511583,59.72662976856418
3.770688104511583,59.974502599693544
3.770688104511583,68.47487031440619
3.770688104511583,59.98748752581404
3.770688104511583,59.97502986085289
3.770688104511583,59.939016831909896
3.770688104511583,59.953696103754496
3.770688104511583,90.56542638346826
3.770688104511583,59.33760793677837
3.770688104511583,60.02106306742279
3.770688104511583,60.06518414784774
3.770688104511583,60.07107574902576
3.770688104511583,59.845935943775224
3.770688104511583,61.200487740465206
3.770688104511583,69.64380559049414
3.770688104511583,60.1456030145949
3.770688104511583,58.3122095827936
3.770688104511583,60.72321296050049
3.770688104511583,56.61679928908125
3.770688104511583,60.13555025623115
3.770688104511583,59.98437688681603
3.770688104511583,59.96454192788751
3.770688104511583,60.03891795599943
3.770688104511583,60.01555223382382
3.770688104511583,60.095025519692
3.770688104511583,59.923084711261204
3.770688104511583,60.13599068541073
3.770688104511583,60.07132217931091
3.770688104511583,57.931246745051496
3.770688104511583,60.78295218309711
3.770688104511583,58.95890059856621
3.770688104511583,59.97658518384835
3.770688104511583,60.60491018337984
3.770688104511583,57.455728125931664
3.770688104511583,65.44981485453677
3.770688104511583,59.95056166872847
3.770688104511583,60.087481694330535
3.770688104511583,60.007285664795305
3.770688104511583,59.803639927784175
3.770688104511583,68.98448341964708
3.770688104511583,59.20080339785642
3.770688104511583,58.95781550166206
3.770688104511583,78.01465665950779
3.770688104511583,59.03411776829238
3.770688104511583,57.90727097683491
3.770688104511583,60.01100560042127
3.770688104511583,60.006763163078226
3.770688104511583,58.99915495854088
3.770688104511583,58.731885708571355
3.770688104511583,59.97436296125375
3.770688104511583,59.98846132808943
3.770688104511583,60.90643175801954
3.770688104511583,59.923048191734225
3.770688104511583,60.006690857956386
3.770688104511583,59.984786467184335
3.770688104511583,59.862152628359475
3.770688104511583,68.61867284728739
3.770688104511583,57.694247612096056
3.770688104511583,60.641987117472375
3.770688104511583,60.009395735844436
3.770688104511583,59.96920489503924
3.770688104511583,60.206837325004564
3.770688104511583,59.98076680544684
3.770688104511583,57.78530723506642
3.770688104511583,60.301038927289646
3.770688104511583,74.60642186329613
3.770688104511583,58.97643034021847
3.770688104511583,60.03864605601302
3.770688104511583,60.00502482426761
3.770688104511583,59.99806585380304
3.770688104511583,58.79546871797518
3.770688104511583,58.96393673499149
3.770688104511583,59.90182778829682
3.770688104511583,59.790325445205646
3.770688104511583,60.175235258656414
3.770688104511583,59.43779716846465
3.770688104511583,60.4679455246889
3.770688104511583,60.00557869382106
3.770688104511583,60.07594621736331
3.770688104511583,60.192481749129264
3.770688104511583,59.99845445125752
3.770688104511583,60.273381130635045
3.770688104511583,60.343106761645096
3.770688104511583,60.03106818953228
3.770688104511583,60.283847125609626
3.770688104511583,59.98108564478551
3.770688104511583,60.14099236242059
3.770688104511583,60.00626291877702
3.770688104511583,60.006863757620565
3.770688104511583,59.99828266451638
3.770688104511583,59.99409780484132
3.770688104511583,60.00116740810561
3.770688104511583,59.93238369096698
3.770688104511583,59.999296520753546
3.770688104511583,60.000316138382956
3.770688104511583,60.001226629976756
3.770688104511583,83.35086017269606
3.770688104511583,107.38443700419539
3.770688104511583,47.93680243540363
3.770688104511583,175.7891077488028
3.770688104511583,60.097177941016106
3.770688104511583,59.98428820692165
3.770688104511583,60.00114272589641
3.770688104511583,60.0044839406819
3.770688104511583,59.9964472875355
3.770688104511583,53.18365534192975
3.770688104511583,40.42713373021835
3.770688104511583,59.986684205699255
3.770688104511583,160.41673147142185
3.770688104511583,60.56239006312291
3.770688104511583,60.1067397859292
3.770688104511583,59.99968453539724
3.770688104511583,51.93207895284578
3.770688104511583,60.943570237069345
3.770688104511583,48.17979108024222
3.770688104511583,59.876844549510075
3.770688104511583,54.54847304011076
3.770688104511583,60.770129098306484
3.770688104511583,113.76726847600483
3.770688104511583,59.99852129558836
3.770688104511583,59.99487433320045
3.770688104511583,60.027535455423674
3.770688104511583,61.55543934444248
3.770688104511583,59.83222062999068
3.770688104511583,55.90345449591911
3.770688104511583,59.98287104843336
3.770688104511583,54.79756342373365
3.770688104511583,59.942398048755386
3.770688104511583,64.87596464923693
3.770688104511583,64.78472215639114
3.770688104511583,58.586209039585235
3.770688104511583,60.014681142904315
3.770688104511583,60.700322276844865
3.770688104511583,60.05703186181112
3.770688104511583,59.99792587837055
3.770688104511583,60.01336032907838
3.770688104511583,60.07295010978056
3.770688104511583,60.005678565940414
3.770688104511583,59.99375088144378
3.770688104511583,60.04487992505631
3.770688104511583,60.33589921210786
3.770688104511583,59.891398152635276
3.770688104511583,59.908000696211815
3.770688104511583,60.00455315495845
3.770688104511583,60.11879499918087
3.770688104511583,60.06786627567498
3.770688104511583,60.00205694262818
3.770688104511583,60.00758750147851
3.770688104511583,60.01956984842261
3.770688104511583,60.001847865583315
3.770688104511583,176.99626346427536
3.770688104511583,47.89159943761037
3.770688104511583,107.36900048293222
3.770688104511583,83.36495997109465
3.770688104511583,59.89946529671228
3.770688104511583,60.02050249956331
3.770688104511583,59.952963460075374
3.770688104511583,60.008216096729
3.770688104511583,53.17982317835459
3.770688104511583,41.18106278473931
3.770688104511583,59.99458864849146
3.770688104511583,164.79763027013146
3.770688104511583,111.20790239516785
3.770688104511583,45.78744469965524
3.770688104511583,85.52126918010875
3.770688104511583,174.86709343701014
3.770688104511583,59.828443894232365
3.770688104511583,60.5236779790352
3.770688104511583,59.85134333480271
3.770688104511583,59.99188683242428
3.770688104511583,60.01302700191631
3.770688104511583,59.853397099354204
3.770688104511583,59.999864890954996
3.770688104511583,51.928136123721686
3.770688104511583,60.97026636166078
3.770688104511583,49.54831769996133
3.770688104511583,51.91209509777174
3.770688104511583,38.20781970431851
3.770688104511583,53.40526795218403
3.770688104511583,60.66497772129681
3.770688104511583,59.946563050071504
3.770688104511583,118.69208522067547
3.770688104511583,162.1827423793347
3.770688104511583,60.051308867681925
3.770688104511583,61.28062325327094
3.770688104511583,59.89537606171717
3.770688104511583,59.84897793518047
3.770688104511583,60.47508137387377
3.770688104511583,59.99428356820336
3.770688104511583,59.9560158770884
3.770688104511583,60.07400913702862
3.770688104511583,60.01692732614291
3.770688104511583,59.99499868326449
3.770688104511583,53.114493439231225
3.770688104511583,60.25926400752691
3.770688104511583,55.39154490633535
3.770688104511583,54.9855957959818
3.770688104511583,49.68212512966663
3.770688104511583,60.071719032221715
3.770688104511583,60.073744187554986
3.770688104511583,60.02584555639945
3.770688104511583,60.04001649885592
3.770688104511583,51.396694534459904
3.770688104511583,61.567552225111314
3.770688104511583,59.01838892111215
3.770688104511583,59.91930701064699
3.770688104511583,94.92938010961693
3.770688104511583,60.0366117584265
3.770688104511583,56.8783815706144
3.770688104511583,59.98134907236649
3.770688104511583,60.043433012420785
3.770688104511583,60.001229321606104
3.770688104511583,59.960946014164435
3.770688104511583,60.26385635196986
3.770688104511583,61.06186096202145
3.770688104511583,56.10084077655486
3.770688104511583,60.00217616833571
3.770688104511583,60.27233465219923
3.770688104511583,57.560840678558904
3.770688104511583,55.827143354630905
3.770688104511583,62.711867025888736
3.770688104511583,56.341689887376106
3.770688104511583,60.03698586550209
3.770688104511583,59.99349332512106
3.770688104511583,60.0114638123871
3.770688104511583,60.028366297133566
3.770688104511583,60.00293035397601
3.770688104511583,59.95586294774897
3.770688104511583,59.97418989236659
3.770688104511583,59.78191140491543
3.770688104511583,60.004906162020994
3.770688104511583,60.44432665240691
3.770688104511583,180.60505945394567
3.770688104511583,111.6747059445816
3.770688104511583,84.97452089018688
3.770688104511583,47.58012833643289
3.770688104511583,59.97632814996883
3.770688104511583,59.995131736251615
3.770688104511583,59.993196479678076
3.770688104511583,60.01456244895209
3.770688104511583,60.12135370973467
3.770688104511583,60.08737834911254
3.770688104511583,60.07484388849189
3.770688104511583,60.065357137595804
3.770688104511583,59.94921581375513
3.770688104511583,59.97904417877853
3.770688104511583,60.00915037405382
3.770688104511583,52.34283441386645
3.770688104511583,39.93514645772834
3.770688104511583,59.95485001945656
3.770688104511583,167.3360801490268
3.770688104511583,59.984796626202616
3.770688104511583,60.34862775430567
3.770688104511583,60.160697514453254
3.770688104511583,59.915262996634205
3.770688104511583,60.24165686423961
3.770688104511583,60.00791084945578
3.770688104511583,60.00299705372914
3.770688104511583,53.04434802219579
3.770688104511583,60.705651602786254
3.770688104511583,49.445975326247854
3.770688104511583,60.00804315166612
3.770688104511583,51.111096690459625
3.770688104511583,62.04580461354693
3.770688104511583,91.51889221730454
3.770688104511583,53.75502530338037
3.770688104511583,115.91622073241561
3.770688104511583,57.17919747003333
3.770688104511583,55.57401993890372
3.770688104511583,193.63692481798543
3.770688104511583,88.92988474806522
3.770688104511583,59.91835149526984
3.770688104511583,59.853764303639316
3.770688104511583,60.017571220627225
3.770688104511583,59.99152627994202
3.770688104511583,59.94268882710139
3.770688104511583,59.96581920142257
3.770688104511583,60.01847180930997
3.770688104511583,56.24431865060692
3.770688104511583,60.0359974903813
3.770688104511583,60.3491359246769
3.770688104511583,42.64232984365754
3.770688104511583,59.98011471366154
3.770688104511583,60.50610650120629
3.770688104511583,56.60847796026198
3.770688104511583,53.612623540830946
3.770688104511583,57.366623817758025
3.770688104511583,60.82669918993268
3.770688104511583,161.61664434964004
3.770688104511583,58.814004257615814
3.770688104511583,55.2968096243252
3.770688104511583,61.12924291887507
3.770688104511583,60.03885680873955
3.770688104511583,60.01348856638255
3.770688104511583,60.60387013545099
3.770688104511583,60.62810447869988
3.770688104511583,59.7958813282754
3.770688104511583,59.931535543324706
3.770688104511583,58.88440785077931
3.770688104511583,44.634533514289444
3.770688104511583,60.04777617034818
3.770688104511583,60.019556308798315
3.770688104511583,60.052877378176305
3.770688104511583,68.50966026100313
3.770688104511583,93.24567395209414
3.770688104511583,59.94918888763329
3.770688104511583,64.26393861458122
3.770688104511583,57.21383132045391
3.770688104511583,54.24362448640432
3.770688104511583,59.98365303314039
3.770688104511583,60.846740099243725
3.770688104511583,60.3912793869585
3.770688104511583,59.80450995164269
3.770688104511583,60.110451786897606
3.770688104511583,60.11234008560675
3.770688104511583,60.09610508815481
3.770688104511583,59.94199769709111
3.770688104511583,60.08929136065286
3.770688104511583,60.61378999864629
3.770688104511583,43.16650651038177
3.770688104511583,84.04412188217418
3.770688104511583,193.03000512147307
3.770688104511583,160.55850406446945
3.770688104511583,54.05261131971021
3.770688104511583,114.71297934954666
3.770688104511583,55.238863535770804
3.770688104511583,55.577144109726255
3.770688104511583,60.00183272916954
3.770688104511583,60.167521708245836
3.770688104511583,60.284136674636066
3.770688104511583,60.14127637462183
3.770688104511583,61.36647346454505
3.770688104511583,59.99676547823081
3.770688104511583,59.83357305711409
3.770688104511583,59.895289225832215
3.770688104511583,60.01163567621438
3.770688104511583,45.73006166935738
3.770688104511583,60.43195046972579
3.770688104511583,60.04271404019212
3.770688104511583,60.00984441998069
3.770688104511583,90.34075866468348
3.770688104511583,61.18762440366486
3.770688104511583,50.15121933361313
3.770688104511583,59.87545936923474
3.770688104511583,59.88537672470126
3.770688104511583,60.046094229074974
3.770688104511583,60.02934700901247
3.770688104511583,60.441821154502136
3.770688104511583,60.12193581177649
3.770688104511583,60.48962486731343
3.770688104511583,60.01931708560555
3.770688104511583,60.02024012773295
3.770688104511583,56.17661757468749
3.770688104511583,60.019150495922084
3.770688104511583,54.376310745122325
3.770688104511583,55.97966739727131
3.770688104511583,57.85986178459893
3.770688104511583,55.518722208687244
3.770688104511583,59.98806252067006
3.770688104511583,60.00670358547119
3.770688104511583,59.96432200459169
3.770688104511583,59.82541583657504
3.770688104511583,60.07886554105692
3.770688104511583,59.96028521116918
3.770688104511583,60.007630203846006
3.770688104511583,59.93934393556029
3.770688104511583,60.403302903854154
3.770688104511583,60.12850427421835
3.770688104511583,59.99034161036312
3.770688104511583,59.999949233255435
3.770688104511583,60.04022904842483
3.770688104511583,60.010157162671554
3.770688104511583,60.00869330854166
3.770688104511583,73.40845095247455
3.770688104511583,201.60270460676472
3.770688104511583,109.64526761798236
3.770688104511583,53.654568673219146
3.770688104511583,60.0315091652051
3.770688104511583,60.028776543112436
3.770688104511583,59.98532943764375
3.770688104511583,59.993281749495125
3.770688104511583,60.30013242578698
3.770688104511583,60.01785015343587
3.770688104511583,60.37694383508367
3.770688104511583,59.92809615704284
3.770688104511583,60.03368109065053
3.770688104511583,54.5772577576785
3.770688104511583,47.95308495136479
3.770688104511583,105.67076066258237
3.770688104511583,59.964611168337846
3.770688104511583,60.374385776828575
3.770688104511583,59.99304718318949
3.770688104511583,59.924202221974255
3.770688104511583,60.028320529665805
3.770688104511583,59.937889297436676
3.770688104511583,60.55677406360256
3.770688104511583,52.99557779203033
3.770688104511583,60.84708220821247
3.770688104511583,54.55787568019801
3.770688104511583,59.931555103930556
3.770688104511583,53.500953650477676
3.770688104511583,60.773319512409905
3.770688104511583,53.69671772197463
3.770688104511583,121.61565901752998
3.770688104511583,75.59374910252063
3.770688104511583,201.92551572255596
3.770688104511583,57.16419699172916
3.770688104511583,59.94428483926442
3.770688104511583,60.013362441948146
3.770688104511583,59.95980182297169
3.770688104511583,60.32548118060186
3.770688104511583,60.05091654211804
3.770688104511583,57.60715642544606
3.770688104511583,57.704827884277826
3.770688104511583,48.08383351416521
3.770688104511583,60.30760295583403
3.770688104511583,60.42931286266161
3.770688104511583,58.085779006937926
3.770688104511583,58.031563295379854
3.770688104511583,105.97576948072364
3.770688104511583,55.151871778017075
3.770688104511583,57.21523274601276
3.770688104511583,59.917438938971465
3.770688104511583,59.89438057428695
3.770688104511583,60.01699902471162
3.770688104511583,60.04044618721532
3.770688104511583,59.89558100108669
3.770688104511583,59.96843225126189
3.770688104511583,59.987913230485056
3.770688104511583,59.979783216934756
3.770688104511583,59.93990960063056
3.770688104511583,60.0020510576957
3.770688104511583,60.055828959457436
3.770688104511583,60.15148552592372
3.770688104511583,57.801941532773135
3.770688104511583,54.36218205711835
3.770688104511583,60.94795661649146
3.770688104511583,53.976207079304366
3.770688104511583,78.82639038345063
3.770688104511583,202.65520873910074
3.770688104511583,117.0101510649665
3.770688104511583,54.43144503963769
3.770688104511583,60.40010218800056
3.770688104511583,59.98206927236513
3.770688104511583,60.57459717380381
3.770688104511583,59.93010108631404
3.770688104511583,60.11312576397532
3.770688104511583,60.44922964630639
3.770688104511583,58.76384168963102
3.770688104511583,60.001278340383514
3.770688104511583,57.51126777121703
3.770688104511583,55.17218493314083
3.770688104511583,47.061942650265344
3.770688104511583,59.38651887513442
3.770688104511583,61.001697572465226
3.770688104511583,58.3724879562464
3.770688104511583,106.28833479657378
3.770688104511583,56.63023166573662
3.770688104511583,59.95091093535062
3.770688104511583,60.00562558720101
3.770688104511583,59.900796349072294
3.770688104511583,60.03462241412213
3.770688104511583,59.91535059529394
3.770688104511583,60.108426232836756
3.770688104511583,60.0777900925463
3.770688104511583,59.9556510126723
3.770688104511583,56.606376436381694
3.770688104511583,60.79073103319833
3.770688104511583,53.755359313938804
3.770688104511583,65.48045704391704
3.770688104511583,60.74695568639109
3.770688104511583,54.37235768747917
3.770688104511583,59.98911356360096
3.770688104511583,60.03141402618997
3.770688104511583,60.013885667880274
3.770688104511583,59.94002663560749
3.770688104511583,59.987748927793234
3.770688104511583,59.95875185616208
3.770688104511583,59.88798158073914
3.770688104511583,60.25855847222841
3.770688104511583,60.03409575465016
3.770688104511583,58.612709674286386
3.770688104511583,56.809055105445104
3.770688104511583,60.699819125235216
3.770688104511583,65.93030252939789
3.770688104511583,59.45666508741553
3.770688104511583,57.35583505861509
3.770688104511583,59.88721700306034
3.770688104511583,60.10910379051482
3.770688104511583,60.11909734706456
3.770688104511583,60.00056608092155
3.770688104511583,60.05854048238368
3.770688104511583,60.00920721083786
3.770688104511583,59.99656659024116
3.770688104511583,60.002178252348905
3.770688104511583,59.959280293956425
3.770688104511583,59.993635260074946
3.770688104511583,60.04656838851082
3.770688104511583,59.99993667751149
3.770688104511583,60.00045633091823
3.770688104511583,60.02516444781243
3.770688104511583,59.9894581248911
3.770688104511583,60.01935631863744
3.770688104511583,59.98165583999308
3.770688104511583,59.923400608218266
3.770688104511583,59.92493706699002
3.770688104511583,59.994132859203155
3.770688104511583,60.00946880500376
3.770688104511583,60.00247622003975
3.770688104511583,59.99921029419924
3.770688104511583,120.93612930443659
3.770688104511583,79.82992249250132
3.770688104511583,202.52982750122595
3.770688104511583,54.9299128073265
3.770688104511583,59.99022606598969
3.770688104511583,60.022851857306996
3.770688104511583,59.984482401754946
3.770688104511583,60.004267223212494
3.770688104511583,60.03162369767496
3.770688104511583,60.01663147084365
3.770688104511583,60.00622367915578
3.770688104511583,55.3243036804291
3.770688104511583,47.18055738025851
3.770688104511583,60.09517402918774
3.770688104511583,59.998762073037085
3.770688104511583,60.00264629621032
3.770688104511583,106.2379322403346
3.770688104511583,119.65129847460516
3.770688104511583,77.45746046876972
3.770688104511583,202.31138139582052
3.770688104511583,54.63247013605697
3.770688104511583,60.37313807927519
3.770688104511583,60.00119666951945
3.770688104511583,60.142982446569576
3.770688104511583,60.00425322582151
3.770688104511583,57.9717465148943
3.770688104511583,60.13802415084047
3.770688104511583,60.72607952963201
3.770688104511583,59.985153452981784
3.770688104511583,53.61838432634135
3.770688104511583,55.42148273589603
3.770688104511583,47.061433334845646
3.770688104511583,72.98464495620308
3.770688104511583,60.490873497335976
3.770688104511583,54.378427120385716
3.770688104511583,105.81372362484655
3.770688104511583,59.88541583563195
3.770688104511583,60.002115080801836
3.770688104511583,59.995654706586706
3.770688104511583,59.93866135342546
3.770688104511583,59.98656888356355
3.770688104511583,60.27417085691672
3.770688104511583,59.992874328452466
3.770688104511583,60.522485544492206
3.770688104511583,55.555423067187604
3.770688104511583,60.79113053027053
3.770688104511583,58.206761576603995
3.770688104511583,56.513186852456094
3.770688104511583,53.931557692546335
3.770688104511583,60.36185131482177
3.770688104511583,62.858176288963016
3.770688104511583,70.30476683036932
3.770688104511583,59.582367030898986
3.770688104511583,53.98030729164389
3.770688104511583,57.09025469076224
3.770688104511583,59.9555675425464
3.770688104511583,59.98102002874051
3.770688104511583,59.97785192585434
3.770688104511583,59.93564862713519
3.770688104511583,60.00125140091434
3.770688104511583,60.797772871136054
3.770688104511583,57.38902078446312
3.770688104511583,57.11270574672973
3.770688104511583,59.792392846680684
3.770688104511583,58.16681296021569
3.770688104511583,56.49991351648271
3.770688104511583,60.0298973546003
3.770688104511583,59.989173791199086
3.770688104511583,60.00244873816229
3.770688104511583,60.18268750289997
3.770688104511583,60.00960855286976
3.770688104511583,59.90055648996972
3.770688104511583,60.492950224210226
3.770688104511583,59.955164579638925
3.770688104511583,60.08870650412117
3.770688104511583,74.36923725111745
3.770688104511583,107.65569093548648
3.770688104511583,48.43799640375754
3.770688104511583,174.87566221927915
3.770688104511583,54.76438232854922
3.770688104511583,52.56859628337428
3.770688104511583,53.496150052637304
3.770688104511583,59.97692893693843
3.770688104511583,59.94526362382583
3.770688104511583,59.99144002303032
3.770688104511583,60.17413842734484
3.770688104511583,59.99892749743903
3.770688104511583,59.99214490392978
3.770688104511583,59.883029092874025
3.770688104511583,59.88865262467776
3.770688104511583,60.056615959586814
3.770688104511583,60.10299281228977
3.770688104511583,60.00926737006033
3.770688104511583,43.52907807088252
3.770688104511583,61.105793112654
3.770688104511583,57.5019476733746
3.770688104511583,105.0058187850295
3.770688104511583,61.495155595286114
3.770688104511583,59.6532784075354
3.770688104511583,57.85891002078691
3.770688104511583,60.025895959488494
3.770688104511583,60.02743147972714
3.770688104511583,59.995590931474865
3.770688104511583,60.01247514376299
3.770688104511583,59.994073573216255
3.770688104511583,60.01616233092802
3.770688104511583,60.12732614067182
3.770688104511583,59.963851118006964
3.770688104511583,60.02292640638904
3.770688104511583,55.816377612671346
3.770688104511583,57.15588938208497
3.770688104511583,52.98362473779872
3.770688104511583,57.87420819271424
3.770688104511583,59.98721787569647
3.770688104511583,57.69191508622435
3.770688104511583,59.98552489054854
3.770688104511583,59.99618359684403
3.770688104511583,59.9740739427582
3.770688104511583,59.914781762324736
3.770688104511583,59.92289086374886
3.770688104511583,59.853647194984724
3.770688104511583,60.02140412643032
3.770688104511583,60.00418987353758
3.770688104511583,60.00202433801091
3.770688104511583,60.03389024923291
3.770688104511583,60.69218928331273
3.770688104511583,60.01962485953548
3.770688104511583,59.90702533190596
3.770688104511583,60.0020371347156
3.770688104511583,60.0891335918222
3.770688104511583,59.98792868941724
3.770688104511583,60.4825201584088
3.770688104511583,60.29703716820876
3.770688104511583,82.38115961704337
3.770688104511583,170.37334539817948
3.770688104511583,170.70076910363784
3.770688104511583,45.11240977839094
3.770688104511583,86.71768818858669
3.770688104511583,214.1481374210371
3.770688104511583,177.3171864193349
3.770688104511583,56.528786451413744
3.770688104511583,59.95611847146632
3.770688104511583,59.95322746345157
3.770688104511583,60.11037656230648
3.770688104511583,60.082086423888995
3.770688104511583,52.901266348961556
3.770688104511583,43.508328891716616
3.770688104511583,51.357795933630776
3.770688104511583,50.093030576055725
3.770688104511583,104.4771528638606
3.770688104511583,116.40214487505791
3.770688104511583,59.99885098473628
3.770688104511583,60.01001463808972
3.770688104511583,60.19816671958136
3.770688104511583,59.99767609799726
3.770688104511583,59.99207523550775
3.770688104511583,59.803625414059034
3.770688104511583,60.63467467814432
3.770688104511583,59.96633018675943
3.770688104511583,49.0019431618822
3.770688104511583,60.67488106889575
3.770688104511583,45.12641287665882
3.770688104511583,60.66839356645323
3.770688104511583,54.659696304375665
3.770688104511583,52.27193449957815
3.770688104511583,122.20793719569596
3.770688104511583,60.79159471944033
3.770688104511583,113.70409354955756
3.770688104511583,52.422373401309585
3.770688104511583,54.41394238592975
3.770688104511583,60.013648304174545
3.770688104511583,60.005182353492025
3.770688104511583,59.7762538524819
3.770688104511583,60.026155449914015
3.770688104511583,59.958017189707945
3.770688104511583,60.01692585359239
3.770688104511583,60.0203999897708
3.770688104511583,61.744503290347424
3.770688104511583,52.128505045738514
3.770688104511583,59.88867092310962
3.770688104511583,50.62737080385207
3.770688104511583,56.20201990361341
3.770688104511583,54.83120287272448
3.770688104511583,53.45744654277196
3.770688104511583,52.201033246692724
3.770688104511583,57.65964190512859
3.770688104511583,57.88045666001249
3.770688104511583,56.324236882801344
3.770688104511583,55.97931148534419
3.770688104511583,60.02381779274844
3.770688104511583,59.92417466747127
3.770688104511583,59.967728675392564
3.770688104511583,59.88629865756892
3.770688104511583,60.01298698358401
3.770688104511583,60.75585164382018
3.770688104511583,60.26295857788926
3.770688104511583,59.9916383597413
3.770688104511583,195.21517912440004
3.770688104511583,48.707522487549944
3.770688104511583,167.69138880858614
3.770688104511583,88.08459130361703
3.770688104511583,48.429657403191776
3.770688104511583,59.99211349781528
3.770688104511583,59.98895973781858
3.770688104511583,59.998953792899556
3.770688104511583,59.999663962275186
3.770688104511583,60.1380582853477
3.770688104511583,60.36969153214352
3.770688104511583,60.30893194029124
3.770688104511583,60.140545597967765
3.770688104511583,45.72460548200907
3.770688104511583,43.24432989007483
3.770688104511583,61.23051678474491
3.770688104511583,60.002682915576784
3.770688104511583,60.02169679275715
3.770688104511583,59.97884528241331
3.770688104511583,106.68552622272809
3.770688104511583,114.22138684622243
3.770688104511583,60.84871568193357
3.770688104511583,60.07384319121573
3.770688104511583,59.861986938294685
3.770688104511583,60.17725745654116
3.770688104511583,60.09581375567749
3.770688104511583,60.183017439630106
3.770688104511583,60.12256877156266
3.770688104511583,60.16422171457547
3.770688104511583,59.99540547677946
3.770688104511583,59.984271046609216
3.770688104511583,60.0073040801306
3.770688104511583,60.02913306771729
3.770688104511583,52.08625286336325
3.770688104511583,50.68853912605209
3.770688104511583,60.94102551978768
3.770688104511583,63.998518846131894
3.770688104511583,62.521767901187346
3.770688104511583,60.019939636945665
3.770688104511583,59.9756432266645
3.770688104511583,59.97044433926944
3.770688104511583,60.009208421783214
3.770688104511583,60.0113163037763
3.770688104511583,60.006793600857186
3.770688104511583,59.989906617166575
3.770688104511583,60.02089296444063
3.770688104511583,59.97115849173836
3.770688104511583,76.99408499052431
3.770688104511583,56.759324966899825
3.770688104511583,58.797201443373616
3.770688104511583,60.02715140803676
3.770688104511583,60.03661086404141
3.770688104511583,60.74345625972574
3.770688104511583,59.82985539543617
3.770688104511583,60.02661129212156
3.770688104511583,59.975507784219
3.770688104511583,60.21054774730274
3.770688104511583,88.2916461697853
3.770688104511583,125.207387190691
3.770688104511583,187.3507843036096
3.770688104511583,44.450026681619406
3.770688104511583,42.078840382110904
3.770688104511583,170.38137751781866
3.770688104511583,59.95256909756637
3.770688104511583,60.01488366594356
3.770688104511583,59.97511488310157
3.770688104511583,60.04164881634085
3.770688104511583,60.02826419967849
3.770688104511583,59.99698678527417
3.770688104511583,59.989864426098514
3.770688104511583,59.90479286989804
3.770688104511583,56.98479139866654
3.770688104511583,48.18932458170617
3.770688104511583,64.63060996392872
3.770688104511583,81.47579022014533
3.770688104511583,194.70462129739772
3.770688104511583,166.98900566079848
3.770688104511583,48.777470144329946
3.770688104511583,60.029462069834715
3.770688104511583,59.94795957859905
3.770688104511583,60.0608897316168
3.770688104511583,60.12591251310953
3.770688104511583,59.894955141919674
3.770688104511583,59.834570810787596
3.770688104511583,62.07581470021547
3.770688104511583,49.005935280706005
3.770688104511583,49.65718070596768
3.770688104511583,46.631592858649064
3.770688104511583,123.85941546819814
3.770688104511583,55.602232112250455
3.770688104511583,104.76812808019538
3.770688104511583,63.190610243700924
3.770688104511583,60.041296795709194
3.770688104511583,60.04619517239514
3.770688104511583,60.012786257974895
3.770688104511583,60.41898325264427
3.770688104511583,59.93367904447717
3.770688104511583,60.00773197027418
3.770688104511583,60.05761163113322
3.770688104511583,59.94707472111563
3.770688104511583,60.87697118861224
3.770688104511583,43.81561022869299
3.770688104511583,61.56021799736087
3.770688104511583,52.29438200404249
3.770688104511583,52.82255156547293
3.770688104511583,112.11421403741053
3.770688104511583,51.25922518503717
3.770688104511583,52.30764365896919
3.770688104511583,54.77480437216548
3.770688104511583,60.017437846540304
3.770688104511583,59.99978736892867
3.770688104511583,60.07365115989266
3.770688104511583,59.82617791626719
3.770688104511583,60.005355738415474
3.770688104511583,60.632476048708476
3.770688104511583,60.21570367945249
3.770688104511583,61.21917932348891
3.770688104511583,51.57430513147515
3.770688104511583,55.97728333942332
3.770688104511583,51.38399453837357
3.770688104511583,56.99421362103302
3.770688104511583,56.52296248698759
3.770688104511583,59.98333921832731
3.770688104511583,60.007862316526136
3.770688104511583,60.04959570414991
3.770688104511583,59.9769384402701
3.770688104511583,59.83961117181341
3.770688104511583,59.781592417705674
3.770688104511583,61.43626787902776
3.770688104511583,59.96160640441966
3.770688104511583,59.99678835277637
3.770688104511583,59.96525799498074
3.770688104511583,59.97784750121818
3.770688104511583,60.02192981891157
3.770688104511583,60.051313985414204
3.770688104511583,60.04991635532049
3.770688104511583,60.03535954897453
3.770688104511583,60.1836800797385
3.770688104511583,60.1918017499956
3.770688104511583,60.010647362994625
3.770688104511583,59.98623077160858
3.770688104511583,59.98882018318721
3.770688104511583,60.03195993359922
3.770688104511583,60.03975541431766
3.770688104511583,60.01091176662715
3.770688104511583,60.16096587456815
3.770688104511583,60.08539747975659
3.770688104511583,60.003087418346766
3.770688104511583,60.004538995828895
3.770688104511583,59.97939987521547
3.770688104511583,60.00124765952863
3.770688104511583,59.99070185646196
3.770688104511583,60.021920865075906
3.770688104511583,83.51487931124818
3.770688104511583,186.1469942499253
3.770688104511583,161.62847924824933
3.770688104511583,44.60136889453413
3.770688104511583,60.000917150856814
3.770688104511583,60.009301820534006
3.770688104511583,60.03099711074225
3.770688104511583,60.413072276120964
3.770688104511583,59.99553811920626
3.770688104511583,60.0333442791451
3.770688104511583,50.98157813456941
3.770688104511583,45.15981164294995
3.770688104511583,115.20134150057585
3.770688104511583,60.095367560948134
3.770688104511583,59.97122267372744
3.770688104511583,60.01933364689773
3.770688104511583,60.009020944712546
3.770688104511583,45.20371022109234
3.770688104511583,61.294399505547176
3.770688104511583,54.51271574828302
3.770688104511583,60.77611678660893
3.770688104511583,112.99381691320457
3.770688104511583,61.106999108855284
3.770688104511583,53.71740555262074
3.770688104511583,59.82524851892932
3.770688104511583,60.005008591793306
3.770688104511583,60.001619206782095
3.770688104511583,59.96660345664107
3.770688104511583,60.02564953698004
3.770688104511583,51.319168453196966
3.770688104511583,55.41642370257434
3.770688104511583,59.98446693526248
3.770688104511583,60.88504005318666
3.770688104511583,51.999498368537566
3.770688104511583,57.51640467058414
3.770688104511583,56.29854789030683
3.770688104511583,60.013769623969885
3.770688104511583,60.01312583517045
3.770688104511583,60.000885996544234
3.770688104511583,59.9973367954019
3.770688104511583,60.17464662823282
3.770688104511583,60.02828593731907
3.770688104511583,60.057366574397285
3.770688104511583,60.06925451719347
3.770688104511583,60.0144345683537
3.770688104511583,60.006234158279305
3.770688104511583,59.98954905166946
3.770688104511583,59.99457582174648
3.770688104511583,60.19332041290412
3.770688104511583,60.158288040261546
3.770688104511583,59.97216492042444
3.770688104511583,59.99879989343382
3.770688104511583,60.00383875186764
3.770688104511583,60.00152102521802
3.770688104511583,60.07091035988188
3.770688104511583,59.99395944659753
3.770688104511583,60.00311186351644
3.770688104511583,60.00355806124146
3.770688104511583,59.971776689226004
3.770688104511583,60.01018102815831
3.770688104511583,59.99986363765875
3.770688104511583,59.974560237506175
3.770688104511583,59.97315279925061
3.770688104511583,59.996030041157574
3.770688104511583,60.008758430049376
3.770688104511583,60.00599731048733
3.770688104511583,60.00610063905626
4.209059123755713,61.0893677359132
4.209059123755713,60.09039427349987
4.209059123755713,60.188442011323126
4.209059123755713,58.99606320448237
4.209059123755713,60.72829378912588
4.209059123755713,59.020565697554176
4.209059123755713,59.566519592850774
4.209059123755713,56.897035399958256
4.209059123755713,60.79335880543326
4.209059123755713,60.07526894187037
4.209059123755713,58.0439757433246
4.209059123755713,60.55037101349771
4.209059123755713,60.27646367720329
4.209059123755713,57.518618863624255
4.209059123755713,70.34284970873193
4.209059123755713,59.95689554509001
4.209059123755713,77.94464610796487
4.209059123755713,59.8597728447169
4.209059123755713,60.75183892293812
4.209059123755713,58.919668964306055
4.209059123755713,59.912187862288405
4.209059123755713,59.98937034108043
4.209059123755713,60.2533331892687
4.209059123755713,56.08596942816252
4.209059123755713,60.13061398660701
4.209059123755713,60.437487928369904
4.209059123755713,70.16482833242482
4.209059123755713,59.02195692887162
4.209059123755713,54.68507134361003
4.209059123755713,59.98160718207476
4.209059123755713,57.774764747533304
4.209059123755713,60.22353479271557
4.209059123755713,74.17292251163383
4.209059123755713,58.85594700492218
4.209059123755713,60.02288839494181
4.209059123755713,61.22428606295561
4.209059123755713,59.99716574746208
4.209059123755713,60.28658599506214
4.209059123755713,54.90096160535461
4.209059123755713,56.48267065634371
4.209059123755713,61.66380443116992
4.209059123755713,58.649791641507335
4.209059123755713,59.949103662524074
4.209059123755713,59.87122235150094
4.209059123755713,66.7612578877579
4.209059123755713,59.73776949058785
4.209059123755713,59.797090182413626
4.209059123755713,59.912480283377164
4.209059123755713,60.04436767584176
4.209059123755713,60.22072786939847
4.209059123755713,93.21615634499936
4.209059123755713,57.433474275821354
4.209059123755713,56.89601519272123
4.209059123755713,60.5119932854602
4.209059123755713,60.539509799037454
4.209059123755713,59.95794409200857
4.209059123755713,73.99586143948102
4.209059123755713,52.196997134716156
4.209059123755713,60.24516721593608
4.209059123755713,59.82943157963097
4.209059123755713,59.58688914833343
4.209059123755713,59.37840750131525
4.209059123755713,60.25357939221922
4.209059123755713,59.92022118243429
4.209059123755713,61.521132695652064
4.209059123755713,63.30023934417106
4.209059123755713,61.98140313352708
4.209059123755713,74.43232561742715
4.209059123755713,92.97856227132186
4.209059123755713,54.407580357236185
4.209059123755713,56.21024929446937
4.209059123755713,59.3946790692867
4.209059123755713,58.47451774027809
4.209059123755713,60.85003223951508
4.209059123755713,60.18752905126231
4.209059123755713,59.7388827999815
4.209059123755713,61.30799848389741
4.209059123755713,59.98451879175031
4.209059123755713,59.91450342441871
4.209059123755713,90.34556157198338
4.209059123755713,60.0354047298138
4.209059123755713,54.1499245571112
4.209059123755713,57.63918395597278
4.209059123755713,63.5957298536157
4.209059123755713,59.97722187875421
4.209059123755713,89.61394275010564
4.209059123755713,51.004140067158545
4.209059123755713,80.35914136930478
4.209059123755713,59.03129457276305
4.209059123755713,60.09302648114243
4.209059123755713,54.7633028670432
4.209059123755713,62.47078371916217
4.209059123755713,59.957989167535494
4.209059123755713,59.80499731522386
4.209059123755713,59.99751817850649
4.209059123755713,57.55653599715049
4.209059123755713,63.238360853648054
4.209059123755713,54.710227651931405
4.209059123755713,51.65868892451345
4.209059123755713,75.79507339901986
4.209059123755713,54.5246820120649
4.209059123755713,74.00862535007823
4.209059123755713,59.015256536468875
4.209059123755713,84.32777093694347
4.209059123755713,61.163132412311434
4.209059123755713,56.47437674308072
4.209059123755713,60.31270349113475
4.209059123755713,77.75308691378093
4.209059123755713,59.44803792345923
4.209059123755713,62.09686911348151
4.209059123755713,78.20920104506405
4.209059123755713,50.986120927906
4.209059123755713,57.57162776528652
4.209059123755713,58.72419057767939
4.209059123755713,59.9611139511378
4.209059123755713,59.9022612720726
4.209059123755713,77.25724846533939
4.209059123755713,54.08692248557768
4.209059123755713,58.54180022170927
4.209059123755713,57.125419597372634
4.209059123755713,60.46250550797651
4.209059123755713,73.96094189058799
4.209059123755713,56.817384136978426
4.209059123755713,61.39245489805609
4.209059123755713,60.75192210849486
4.209059123755713,64.37666170889146
4.209059123755713,60.332313159370685
4.209059123755713,59.99096082235231
4.209059123755713,59.684343775154964
4.209059123755713,61.20310460284545
4.209059123755713,61.89084765552702
4.209059123755713,58.69952507587769
4.209059123755713,72.53157138382205
4.209059123755713,58.159543767826705
4.209059123755713,63.36049243849131
4.209059123755713,84.43781308316542
4.209059123755713,57.80347983352226
4.209059123755713,58.663782698516286
4.209059123755713,56.50143845683626
4.209059123755713,46.691730997432764
4.209059123755713,60.520258462866494
4.209059123755713,61.42350186106686
4.209059123755713,62.45976030373999
4.209059123755713,59.98737673240178
4.209059123755713,64.96616470768659
4.209059123755713,59.03604846157435
4.209059123755713,63.14051628137889
4.209059123755713,106.66950547241487
4.209059123755713,60.41090417792085
4.209059123755713,60.00518216670572
4.209059123755713,75.00341622927644
4.209059123755713,50.38102561478502
4.209059123755713,58.981474907529304
4.209059123755713,53.74889588335383
4.209059123755713,79.3701528723121
4.209059123755713,59.69908329532623
4.209059123755713,55.42821153181317
4.209059123755713,60.27905072057341
4.209059123755713,58.14873555589646
4.209059123755713,60.285275240097064
4.209059123755713,54.104964014457344
4.209059123755713,58.90896742061348
4.209059123755713,60.62197666844955
4.209059123755713,61.4325175326672
4.209059123755713,60.00563025862749
4.209059123755713,61.33962239362512
4.209059123755713,60.030165477229275
4.209059123755713,62.44684590321212
4.209059123755713,56.31227147071334
4.209059123755713,57.61722360326668
4.209059123755713,58.37337741047072
4.209059123755713,54.381729449790214
4.209059123755713,58.936898246496504
4.209059123755713,56.320932584941296
4.209059123755713,94.69886349261934
4.209059123755713,77.92068270145884
4.209059123755713,102.81227419572954
4.209059123755713,60.68266007897297
4.209059123755713,60.85024505935367
4.209059123755713,60.669608835421286
4.209059123755713,60.44300359375588
4.209059123755713,57.32213220303367
4.209059123755713,60.00040223174491
4.209059123755713,83.79689556941254
4.209059123755713,62.01678078283552
4.209059123755713,80.39605166701732
4.209059123755713,58.42921082276162
4.209059123755713,60.03639302883446
4.209059123755713,76.69423783886504
4.209059123755713,60.001671375701804
4.209059123755713,59.71914175754995
4.209059123755713,78.33554668647373
4.209059123755713,57.539736271135084
4.209059123755713,77.50741236326883
4.209059123755713,61.60783729378545
4.209059123755713,51.468521754120616
4.209059123755713,72.5478162604868
4.209059123755713,58.75394549232117
4.209059123755713,56.05834145440782
4.209059123755713,87.41124448647957
4.209059123755713,55.57587867679814
4.209059123755713,72.13295135947205
4.209059123755713,60.013345497102804
4.209059123755713,60.156889350400114
4.209059123755713,54.25626735690958
4.209059123755713,74.71097344853654
4.209059123755713,61.84732081774962
4.209059123755713,58.11296690932097
4.209059123755713,60.034833671714416
4.209059123755713,60.034218819040525
4.209059123755713,60.10815223075479
4.209059123755713,60.1088549143781
4.209059123755713,53.386095429132
4.209059123755713,75.62088077631186
4.209059123755713,51.60493813489252
4.209059123755713,72.02481281361645
4.209059123755713,59.084620840529226
4.209059123755713,57.91109142733795
4.209059123755713,56.20267526601895
4.209059123755713,59.18197357612712
4.209059123755713,60.76585305410492
4.209059123755713,59.91294366141977
4.209059123755713,101.42478603042147
4.209059123755713,61.21641486438346
4.209059123755713,59.93051118030956
4.209059123755713,60.485008580691094
4.209059123755713,77.4559664222328
4.209059123755713,58.918514306590275
4.209059123755713,57.48547409342394
4.209059123755713,59.141602129800035
4.209059123755713,60.43576745856364
4.209059123755713,56.55994716815214
4.209059123755713,61.344597533529
4.209059123755713,59.90164389922096
4.209059123755713,58.359624000846075
4.209059123755713,60.64689508971393
4.209059123755713,58.91480495438472
4.209059123755713,59.85627200978704
4.209059123755713,57.329267242129845
4.209059123755713,58.70459877420349
4.209059123755713,59.994485502173795
4.209059123755713,60.312707169115654
4.209059123755713,80.38293235522667
4.209059123755713,57.63071659773334
4.209059123755713,61.63189693145912
4.209059123755713,60.45937934044191
4.209059123755713,56.227265488312696
4.209059123755713,57.02756216855605
4.209059123755713,64.08228828410573
4.209059123755713,61.588259655855715
4.209059123755713,60.88468344911501
4.209059123755713,74.61863543552623
4.209059123755713,60.445192707970264
4.209059123755713,53.91536018096069
4.209059123755713,60.15467154053087
4.209059123755713,77.05826909987118
4.209059123755713,53.85904275413655
4.209059123755713,55.969647076960044
4.209059123755713,78.5598731727847
4.209059123755713,60.05985778091747
4.209059123755713,59.3780135214663
4.209059123755713,59.95569653411096
4.209059123755713,57.60306685419354
4.209059123755713,55.222236074813466
4.209059123755713,57.74693082640388
4.209059123755713,60.83188805919398
4.209059123755713,58.660909611510334
4.209059123755713,58.22656037611757
4.209059123755713,59.075336697405
4.209059123755713,59.453619073684855
4.209059123755713,61.94266486097979
4.209059123755713,59.72950869762669
4.209059123755713,96.48841229139254
4.209059123755713,57.35242802374364
4.209059123755713,55.50065824350468
4.209059123755713,85.85703023370857
4.209059123755713,59.972120773372616
4.209059123755713,60.176390791934374
4.209059123755713,58.343220278671325
4.209059123755713,59.42809662047229
4.209059123755713,60.86395185417169
4.209059123755713,58.967962058125195
4.209059123755713,58.609069599845384
4.209059123755713,56.140420958855515
4.209059123755713,59.93045096586366
4.209059123755713,58.25530471295724
4.209059123755713,59.578300761421985
4.209059123755713,59.23019618831389
4.209059123755713,60.322192310333996
4.209059123755713,60.00977545539997
4.209059123755713,59.661351553049094
4.209059123755713,60.21942245007797
4.209059123755713,59.456983413222844
4.209059123755713,62.25350109093982
4.209059123755713,59.450230706651965
4.209059123755713,59.60025167402172
4.209059123755713,59.63914529353437
4.209059123755713,56.27486368195044
4.209059123755713,57.28572323426101
4.209059123755713,76.09535291424997
4.209059123755713,59.05283862570086
4.209059123755713,58.350347183642775
4.209059123755713,80.64914857203446
4.209059123755713,56.93584361204843
4.209059123755713,60.27424493817392
4.209059123755713,59.76084807945257
4.209059123755713,60.51416554347422
4.209059123755713,59.86522135961281
4.209059123755713,59.9789500459124
4.209059123755713,65.00417034778378
4.209059123755713,60.15547066990521
4.209059123755713,60.49986528959051
4.209059123755713,62.94396045277043
4.209059123755713,59.91784287339769
4.209059123755713,61.08353461762071
4.209059123755713,60.470129553894516
4.209059123755713,60.23526290260324
4.209059123755713,60.77275377155772
4.209059123755713,136.2653309396422
4.209059123755713,61.16614506538939
4.209059123755713,58.78110489287255
4.209059123755713,61.24508481635085
4.209059123755713,59.5793243899322
4.209059123755713,59.318537208181695
4.209059123755713,56.50604484833613
4.209059123755713,60.0086262605552
4.209059123755713,63.749204051634784
4.209059123755713,60.44274149825062
4.209059123755713,61.34765614614946
4.209059123755713,59.950077960486915
4.209059123755713,60.198381105917825
4.209059123755713,59.90091755949451
4.209059123755713,59.9737964200392
4.209059123755713,60.43695643596023
4.209059123755713,60.34648442115128
4.209059123755713,60.052225968964045
4.209059123755713,60.506374099509316
4.209059123755713,60.3214690443003
4.209059123755713,59.61446024499674
4.209059123755713,59.65819074866373
4.209059123755713,58.149077679466494
4.209059123755713,71.43842081048854
4.209059123755713,58.28105461572768
4.209059123755713,122.15410048976516
4.209059123755713,60.35399843820915
4.209059123755713,60.26884960414338
4.209059123755713,60.40426129153553
4.209059123755713,57.915846352557665
4.209059123755713,60.07884073071784
4.209059123755713,58.06630645059915
4.209059123755713,59.99113052066719
4.209059123755713,60.042186311563626
4.209059123755713,60.556129234642455
4.209059123755713,59.28605169699009
4.209059123755713,60.459052788067076
4.209059123755713,60.03595316883136
4.209059123755713,62.103048917720955
4.209059123755713,63.829894828167106
4.209059123755713,59.59769057212329
4.209059123755713,64.51784231621336
4.209059123755713,63.05394021425718
4.209059123755713,60.08326845963573
4.209059123755713,60.464520282114925
4.209059123755713,61.02677955227706
4.209059123755713,59.4608815742394
4.209059123755713,60.5478686236375
4.209059123755713,59.96603037144417
4.209059123755713,64.92182400860877
4.209059123755713,60.68849342372533
4.209059123755713,64.47285140559082
4.209059123755713,59.86563180750131
4.209059123755713,59.7954795375852
4.209059123755713,58.630560771369446
4.209059123755713,61.071885961611095
4.209059123755713,59.84634257796835
4.209059123755713,59.8561224348598
4.209059123755713,60.70375964093796
4.209059123755713,61.29258703226152
4.209059123755713,60.27506309537565
4.209059123755713,59.93559927935827
4.209059123755713,60.390456960763196
4.209059123755713,60.6233685153199
4.209059123755713,58.76388097661942
4.209059123755713,59.04558352800526
4.209059123755713,59.67659735591084
4.209059123755713,59.627779842212995
4.209059123755713,60.24786111162858
4.209059123755713,59.009387483908405
4.209059123755713,58.26337751813605
4.209059123755713,63.05746228169992
4.209059123755713,59.61061383251192
4.209059123755713,75.71270730798841
4.209059123755713,57.40930660217113
4.209059123755713,50.363150778544004
4.209059123755713,60.878587496042655
4.209059123755713,60.48042109909655
4.209059123755713,63.9486797839758
4.209059123755713,59.68117206632841
4.209059123755713,59.781879210358646
4.209059123755713,59.208208161789095
4.209059123755713,61.245963849572696
4.209059123755713,59.34085508056975
4.209059123755713,60.57804261728087
4.209059123755713,59.60563390169928
4.209059123755713,61.190975236213056
4.209059123755713,63.54957855990247
4.209059123755713,115.10159337201412
4.209059123755713,60.53610264957394
4.209059123755713,59.34256527612856
4.209059123755713,58.60803297893052
4.209059123755713,60.41461762204667
4.209059123755713,60.730415965697276
4.209059123755713,63.670297732129185
4.209059123755713,59.97449192600253
4.209059123755713,59.792361960311794
4.209059123755713,61.99886442302776
4.209059123755713,57.36997118370215
4.209059123755713,59.601077103562545
4.209059123755713,59.203429798276694
4.209059123755713,61.136303185861536
4.209059123755713,65.07832500228211
4.209059123755713,64.46266094580082
4.209059123755713,60.69950501983285
4.209059123755713,59.3767319263391
4.209059123755713,59.82726827873407
4.209059123755713,60.55348104422039
4.209059123755713,59.69310882497185
4.209059123755713,62.31155590797554
4.209059123755713,63.11052217079326
4.209059123755713,58.97040258829691
4.209059123755713,80.08845830641049
4.209059123755713,60.533727731085456
4.209059123755713,79.68418420355266
4.209059123755713,80.37546871590602
4.209059123755713,60.347373594419
4.209059123755713,60.17333007129842
4.209059123755713,64.87346273736283
4.209059123755713,59.03143528473524
4.209059123755713,60.16399769511222
4.209059123755713,60.176389201781106
4.209059123755713,60.67436864525896
4.209059123755713,60.50907288062568
4.209059123755713,59.679518016771624
4.209059123755713,59.96890266064019
4.209059123755713,59.58718512806725
4.209059123755713,106.1026978432316
4.209059123755713,60.85838173784554
4.209059123755713,62.127517548620794
4.209059123755713,61.74220487721734
4.209059123755713,62.19827400952363
4.209059123755713,57.515680108092965
4.209059123755713,60.71369220864222
4.209059123755713,67.2107459327314
4.209059123755713,59.14295918069957
4.209059123755713,60.03058677678233
4.209059123755713,60.203507434482184
4.209059123755713,60.03459066898532
4.209059123755713,60.073495937985854
4.209059123755713,59.00410761790534
4.209059123755713,59.48375515724575
4.209059123755713,59.87679503598978
4.209059123755713,60.95425753424054
4.209059123755713,61.42493578749947
4.209059123755713,64.77294958769154
4.209059123755713,58.9430240760584
4.209059123755713,61.099290282709234
4.209059123755713,64.6427895650623
4.209059123755713,60.24144624566306
4.209059123755713,59.96590294482542
4.209059123755713,59.8775913214275
4.209059123755713,59.85065261271444
4.209059123755713,59.94346846606663
4.209059123755713,77.51356402156883
4.209059123755713,54.426069738598656
4.209059123755713,60.26875061824531
4.209059123755713,58.383743991006796
4.209059123755713,60.556404223928574
4.209059123755713,60.344302457766894
4.209059123755713,56.234086765215444
4.209059123755713,55.32175605013866
4.209059123755713,59.710361108223196
4.209059123755713,61.61930345952809
4.209059123755713,59.70599927240609
4.209059123755713,60.91702872435085
4.209059123755713,69.169071581317
4.209059123755713,58.75559642884512
4.209059123755713,59.444490852689675
4.209059123755713,61.677538581823164
4.209059123755713,62.98156718958667
4.209059123755713,60.52089256340692
4.209059123755713,59.639996643967464
4.209059123755713,60.09934343727512
4.209059123755713,61.28867765175154
4.209059123755713,61.14717604719213
4.209059123755713,65.0541739705887
4.209059123755713,58.928356809106354
4.209059123755713,59.35214466886293
4.209059123755713,60.80559720960176
4.209059123755713,59.92556283598643
4.209059123755713,59.96075156279907
4.209059123755713,58.67920495263589
4.209059123755713,73.23939838691717
4.209059123755713,74.39022187701872
4.209059123755713,60.17993261363598
4.209059123755713,59.596639017325856
4.209059123755713,66.01765723219948
4.209059123755713,61.36822376272402
4.209059123755713,59.701333376844154
4.209059123755713,60.67999245027656
4.209059123755713,60.57781045977581
4.209059123755713,59.93785976246381
4.209059123755713,59.79672278737346
4.209059123755713,57.18038378826548
4.209059123755713,71.31578413915547
4.209059123755713,57.398539524552625
4.209059123755713,73.55715655176827
4.209059123755713,58.553098796491646
4.209059123755713,59.57936998659482
4.209059123755713,62.9122669403535
4.209059123755713,59.98618337094139
4.209059123755713,59.9489221299054
4.209059123755713,60.94632846270345
4.209059123755713,59.369417423032296
4.209059123755713,59.10630241501882
4.209059123755713,62.14851327294883
4.209059123755713,60.145612877043206
4.209059123755713,59.13595062196533
4.209059123755713,59.6382246379891
4.209059123755713,59.438094437659565
4.209059123755713,59.9791496105009
4.209059123755713,58.99692586068652
4.209059123755713,59.884116714653594
4.209059123755713,58.46829017555377
4.209059123755713,61.2125031497297
4.209059123755713,59.176911052856234
4.209059123755713,64.48024562042787
4.209059123755713,64.9563043439623
4.209059123755713,60.43608725108699
4.209059123755713,64.50950123218166
4.209059123755713,59.82239104319761
4.209059123755713,60.50684211886681
4.209059123755713,59.901877025451796
4.209059123755713,70.59624349464858
4.209059123755713,53.54222210821626
4.209059123755713,64.60562360255805
4.209059123755713,59.95307125245895
4.209059123755713,60.723308600318596
4.209059123755713,60.39305632257435
4.209059123755713,64.78778653299301
4.209059123755713,60.67138147960112
4.209059123755713,59.18165293520726
4.209059123755713,59.89630518787055
4.209059123755713,62.08144726295087
4.209059123755713,59.89665708521476
4.209059123755713,74.46014880375316
4.209059123755713,57.92617118956001
4.209059123755713,59.295986575918086
4.209059123755713,85.41753434389493
4.209059123755713,59.21584038416527
4.209059123755713,60.17189653403281
4.209059123755713,59.780556243848686
4.209059123755713,60.01271627956666
4.209059123755713,60.82918210354639
4.209059123755713,59.38786189940695
4.209059123755713,64.54505393162387
4.209059123755713,60.080300594663235
4.209059123755713,62.73609613139003
4.209059123755713,57.9534923357684
4.209059123755713,60.72166700527977
4.209059123755713,58.75866176134911
4.209059123755713,59.358710924984855
4.209059123755713,73.45395823987288
4.209059123755713,60.010031718376624
4.209059123755713,60.26667012164011
4.209059123755713,59.308214705415196
4.209059123755713,59.530816339343495
4.209059123755713,60.472867401278236
4.209059123755713,60.14215594826079
4.209059123755713,59.80850938549593
4.209059123755713,60.01564156988287
4.209059123755713,59.92715850643175
4.209059123755713,58.27760494898746
4.209059123755713,54.53731848753788
4.209059123755713,81.25487586022713
4.209059123755713,65.10683835124858
4.209059123755713,59.428781159578435
4.209059123755713,59.98458553605748
4.209059123755713,59.87862877851395
4.209059123755713,65.54577809150952
4.209059123755713,66.59882515565775
4.209059123755713,62.06086349588772
4.209059123755713,61.25794967505232
4.209059123755713,59.73348027139161
4.209059123755713,60.232724015290295
4.209059123755713,60.02789208013499
4.209059123755713,59.89013000599604
4.209059123755713,59.944804198599606
4.209059123755713,62.76034619227876
4.209059123755713,62.62946307128668
4.209059123755713,70.47600402532076
4.209059123755713,59.012727788476866
4.209059123755713,60.18062671426643
4.209059123755713,62.89325369765981
4.209059123755713,53.25342720166712
4.209059123755713,60.039462939504425
4.209059123755713,59.93280957076208
4.209059123755713,60.01841581199372
4.209059123755713,60.59789639063513
4.209059123755713,59.42235743525052
4.209059123755713,59.283757624303306
4.209059123755713,60.02047870051021
4.209059123755713,59.986833102794385
4.209059123755713,60.5856553076937
4.209059123755713,60.68726782021702
4.209059123755713,58.29676075241218
4.209059123755713,60.34434822239617
4.209059123755713,73.49351461768507
4.209059123755713,59.525593759145
4.209059123755713,60.16221865752869
4.209059123755713,60.00027150786887
4.209059123755713,59.50124722509572
4.209059123755713,67.57098873500696
4.209059123755713,64.18506026264637
4.209059123755713,59.9684597067555
4.209059123755713,60.199589665682346
4.209059123755713,60.79221766754351
4.209059123755713,59.64046609932145
4.209059123755713,59.996119875590495
4.209059123755713,59.83249736776596
4.209059123755713,58.344438137407195
4.209059123755713,65.48780171901448
4.209059123755713,55.10189989376154
4.209059123755713,59.15956674828392
4.209059123755713,60.0102007956652
4.209059123755713,61.07914143283637
4.209059123755713,68.36226405020797
4.209059123755713,61.82786033222017
4.209059123755713,59.40554577733024
4.209059123755713,60.171591041206206
4.209059123755713,60.487547005109015
4.209059123755713,60.506864909504955
4.209059123755713,59.99420377993773
4.209059123755713,59.40062247648854
4.209059123755713,56.98794803956186
4.209059123755713,59.76583315984908
4.209059123755713,61.40487049535442
4.209059123755713,57.79172047020446
4.209059123755713,59.94066087263581
4.209059123755713,59.49918094051004
4.209059123755713,75.11816680794111
4.209059123755713,60.05392358984839
4.209059123755713,60.055105465353925
4.209059123755713,59.71523216542493
4.209059123755713,58.88085694392689
4.209059123755713,60.91281199734659
4.209059123755713,58.05868569882054
4.209059123755713,61.89775398301541
4.209059123755713,60.01786116951176
4.209059123755713,60.036125047381056
4.209059123755713,59.937421938773745
4.209059123755713,61.502637077008146
4.209059123755713,75.22564309336443
4.209059123755713,58.14904596562919
4.209059123755713,72.04349181110273
4.209059123755713,58.458220100924514
4.209059123755713,59.97285883658118
4.209059123755713,60.76065357016166
4.209059123755713,59.48704987466914
4.209059123755713,64.62887365233289
4.209059123755713,65.86763039624879
4.209059123755713,59.82476679956082
4.209059123755713,59.92427677509452
4.209059123755713,59.57179928481988
4.209059123755713,60.69362459974792
4.209059123755713,60.01258977497172
4.209059123755713,58.88685067119543
4.209059123755713,55.20696199119976
4.209059123755713,60.56367069736196
4.209059123755713,71.07385390238694
4.209059123755713,58.12245591594718
4.209059123755713,57.03193154170506
4.209059123755713,56.511771261433836
4.209059123755713,60.01081406813568
4.209059123755713,59.43252423433071
4.209059123755713,68.63421464810921
4.209059123755713,59.709208308215736
4.209059123755713,61.158161890528376
4.209059123755713,66.46699681852559
4.209059123755713,60.78983364029267
4.209059123755713,58.72415795634205
4.209059123755713,59.845677269388524
4.209059123755713,58.07628836286674
4.209059123755713,62.94040853622532
4.209059123755713,58.03551835637209
4.209059123755713,59.56889010585641
4.209059123755713,57.321505603743475
4.209059123755713,62.79791143383701
4.209059123755713,59.964648982653785
4.209059123755713,59.80904260445571
4.209059123755713,60.05666624781606
4.209059123755713,59.14834193508417
4.209059123755713,66.93303544403621
4.209059123755713,59.426584996546914
4.209059123755713,58.524932393918355
4.209059123755713,59.8699517800778
4.209059123755713,62.240491121362766
4.209059123755713,56.87639913687773
4.209059123755713,58.92022098462776
4.209059123755713,76.5002595948884
4.209059123755713,77.22864398117363
4.209059123755713,79.04981249956421
4.209059123755713,60.02638625623201
4.209059123755713,58.46522639317783
4.209059123755713,59.46489469412949
4.209059123755713,56.971020398974964
4.209059123755713,59.498381636021804
4.209059123755713,59.82435997442946
4.209059123755713,59.867276422538524
4.209059123755713,70.06343226985808
4.209059123755713,68.59333301579578
4.209059123755713,70.1333152619533
4.209059123755713,58.69621009805827
4.209059123755713,71.27295512930574
4.209059123755713,59.98211148331058
4.209059123755713,60.42713884857392
4.209059123755713,60.851981819586804
4.209059123755713,67.72273327418402
4.209059123755713,60.06472198316013
4.209059123755713,60.79657144149581
4.209059123755713,61.56103023917396
4.209059123755713,67.27986634030955
4.209059123755713,57.273241580724346
4.209059123755713,60.55108253567373
4.209059123755713,60.20861546633388
4.209059123755713,57.66710867384738
4.209059123755713,64.71305005791426
4.209059123755713,62.9788297304541
4.209059123755713,59.357272046579865
4.209059123755713,60.57349501066223
4.209059123755713,76.39431614727327
4.209059123755713,57.78393563727512
4.209059123755713,59.79811351413551
4.209059123755713,60.03638235451945
4.209059123755713,60.01004356680686
4.209059123755713,60.16849033077053
4.209059123755713,65.84018061959269
4.209059123755713,62.191465601688634
4.209059123755713,69.78257240792465
4.209059123755713,61.472363836094615
4.209059123755713,59.99659645227525
4.209059123755713,59.66697909316502
4.209059123755713,62.888600301444704
4.209059123755713,58.53273970685293
4.209059123755713,59.39264115018937
4.209059123755713,60.90594339594743
4.209059123755713,54.870219756008744
4.209059123755713,60.09463289565544
4.209059123755713,59.9884853961942
4.209059123755713,59.50424709203498
4.209059123755713,57.64777685002176
4.209059123755713,60.759225719986816
4.209059123755713,60.652377871024655
4.209059123755713,59.911726471166624
4.209059123755713,58.95974386897783
4.209059123755713,55.5454201320632
4.209059123755713,77.45764015411983
4.209059123755713,57.63709170332333
4.209059123755713,71.19025091816172
4.209059123755713,60.85026850483178
4.209059123755713,57.57644875370331
4.209059123755713,73.15185250005403
4.209059123755713,57.917629149042924
4.209059123755713,59.98977234450947
4.209059123755713,59.76836251764744
4.209059123755713,60.49746730048005
4.209059123755713,61.60867786571235
4.209059123755713,58.86073939958478
4.209059123755713,58.804575045036394
4.209059123755713,57.73643486724928
4.209059123755713,59.0635611445709
4.209059123755713,74.0412598044699
4.209059123755713,67.45795998893156
4.209059123755713,61.8032142156367
4.209059123755713,60.017320954688316
4.209059123755713,60.08046124278451
4.209059123755713,56.59294807017603
4.209059123755713,76.98928039725728
4.209059123755713,60.743872623689846
4.209059123755713,77.60490582852653
4.209059123755713,60.618997154130845
4.209059123755713,59.970215435553115
4.209059123755713,59.982856979298155
4.209059123755713,60.12891473167288
4.209059123755713,72.07315343120442
4.209059123755713,59.528292403300945
4.209059123755713,59.07166190568541
4.209059123755713,60.36098603983948
4.209059123755713,57.56080368748159
4.209059123755713,60.056058992513144
4.209059123755713,57.940363910228164
4.209059123755713,77.31964581279392
4.209059123755713,59.654615979511256
4.209059123755713,57.016005439004786
4.209059123755713,61.323466617158516
4.209059123755713,59.985295883551984
4.209059123755713,60.47086842989786
4.209059123755713,60.30898948010781
4.209059123755713,59.99213234397467
4.209059123755713,67.76282817650694
4.209059123755713,59.10754677458847
4.209059123755713,62.22339471100203
4.209059123755713,58.348086649086035
4.209059123755713,59.994084025499276
4.209059123755713,59.935505385135386
4.209059123755713,56.54586150981132
4.209059123755713,58.271910354823746
4.209059123755713,68.96626215359692
4.209059123755713,60.40084066338888
4.209059123755713,90.14683390621444
4.209059123755713,61.398248586993894
4.209059123755713,57.78052655748083
4.209059123755713,56.04114956967596
4.209059123755713,75.90607468219986
4.209059123755713,58.50261299806319
4.209059123755713,60.026710900523454
4.209059123755713,60.23136796898973
4.209059123755713,60.89345890352902
4.209059123755713,59.176343129146154
4.209059123755713,70.687872745836
4.209059123755713,57.8651934668145
4.209059123755713,62.2098535376493
4.209059123755713,60.34109980713972
4.209059123755713,66.3290287774345
4.209059123755713,59.72763179539576
4.209059123755713,60.05250306762566
4.209059123755713,59.95344918018009
4.209059123755713,56.07951968647084
4.209059123755713,57.57201794212841
4.209059123755713,71.90766718243255
4.209059123755713,58.034433731079965
4.209059123755713,61.752147281704794
4.209059123755713,59.41008952758831
4.209059123755713,59.97847085589938
4.209059123755713,59.999543437184684
4.209059123755713,67.09625259355408
4.209059123755713,59.44797744743459
4.209059123755713,61.557413168380336
4.209059123755713,65.18788878865205
4.209059123755713,59.05498671323686
4.209059123755713,60.46164479777262
4.209059123755713,60.200315852841456
4.209059123755713,60.594163534198394
4.209059123755713,71.15861730437348
4.209059123755713,57.56247335195461
4.209059123755713,69.88838685144955
4.209059123755713,57.63083649588083
4.209059123755713,59.98625154170256
4.209059123755713,60.27522700665818
4.209059123755713,58.492519927960736
4.209059123755713,59.83559311468052
4.209059123755713,60.64556662094692
4.209059123755713,59.318696023383595
4.209059123755713,58.415042299509906
4.209059123755713,65.40960009873812
4.209059123755713,59.967778959281944
4.209059123755713,59.815942858098786
4.209059123755713,54.752685844465795
4.209059123755713,59.94297533242088
4.209059123755713,57.11382655498795
4.209059123755713,59.74558387289786
4.209059123755713,59.852826663974476
4.209059123755713,59.6844383621088
4.209059123755713,60.274195440037346
4.209059123755713,59.99539849545042
4.209059123755713,58.466986852106565
4.209059123755713,59.061142009395134
4.209059123755713,67.21608840552005
4.209059123755713,57.1700256232508
4.209059123755713,67.27561168221209
4.209059123755713,60.612709182799755
4.209059123755713,60.18208726516821
4.209059123755713,60.55864567245318
4.209059123755713,57.297655463071244
4.209059123755713,59.919121121946915
4.209059123755713,59.072282704922735
4.209059123755713,60.671308484274576
4.209059123755713,60.50756960512941
4.209059123755713,72.55303253153065
4.209059123755713,59.63851598955204
4.209059123755713,59.99844016384294
4.209059123755713,60.03580202573106
4.209059123755713,59.977033966857306
4.209059123755713,61.105989629432344
4.209059123755713,69.95415674263101
4.209059123755713,59.38641292172636
4.209059123755713,59.68287405185852
4.209059123755713,58.226264571821396
4.209059123755713,58.43632165426985
4.209059123755713,65.6997889603417
4.209059123755713,68.31050014253607
4.209059123755713,59.003506020266364
4.209059123755713,60.10246056369383
4.209059123755713,55.5781142072001
4.209059123755713,60.19224358149616
4.209059123755713,58.11542162681379
4.209059123755713,60.11767294002377
4.209059123755713,60.21175373582537
4.209059123755713,61.483566352698475
4.209059123755713,60.415399044663666
4.209059123755713,61.97343972324816
4.209059123755713,57.477914385255566
4.209059123755713,59.963742349386244
4.209059123755713,58.83328914820475
4.209059123755713,73.22355195899432
4.209059123755713,62.631129736584555
4.209059123755713,71.65279813665087
4.209059123755713,60.64957774817971
4.209059123755713,59.97861922244691
4.209059123755713,59.95364791089355
4.209059123755713,57.65641840897035
4.209059123755713,60.020439801141954
4.209059123755713,60.19066021892112
4.209059123755713,60.15453814418623
4.209059123755713,59.802588684567475
4.209059123755713,60.020834238384744
4.209059123755713,58.865456628674394
4.209059123755713,59.463969179113384
4.209059123755713,67.45256255023232
4.209059123755713,72.59930040020679
4.209059123755713,60.508185080829946
4.209059123755713,71.19383149754786
4.209059123755713,61.482011923452724
4.209059123755713,57.2084829727305
4.209059123755713,59.95718669203874
4.209059123755713,68.79336623909956
4.209059123755713,58.21814084096145
4.209059123755713,72.75388366670587
4.209059123755713,58.32538189900964
4.209059123755713,59.81906033416785
4.209059123755713,63.27328424093214
4.209059123755713,60.08882106957254
4.209059123755713,60.01114795043299
4.209059123755713,60.062519959947444
4.209059123755713,60.17103905869048
4.209059123755713,60.70359340134273
4.209059123755713,59.46240562410795
4.209059123755713,60.41502599124197
4.209059123755713,60.24108361546723
4.209059123755713,65.36647864329811
4.209059123755713,59.98533148372817
4.209059123755713,57.47734644372466
4.209059123755713,59.064344280048765
4.209059123755713,56.986380667634215
4.209059123755713,70.18664904954456
4.209059123755713,57.587458779045996
4.209059123755713,59.49834848309464
4.209059123755713,59.99172391868131
4.209059123755713,60.02173347843658
4.209059123755713,59.418846671788145
4.209059123755713,65.67309152804745
4.209059123755713,60.99717942382006
4.209059123755713,57.804476082649856
4.209059123755713,60.17019618894275
4.209059123755713,66.98873317339951
4.209059123755713,59.58519358055821
4.209059123755713,59.6390389921222
4.209059123755713,69.38504454835315
4.209059123755713,57.96085327379087
4.209059123755713,69.35208595164177
4.209059123755713,59.92047870112323
4.209059123755713,59.98399200181691
4.209059123755713,57.08146995280552
4.209059123755713,60.031020413600146
4.209059123755713,60.11703161186115
4.209059123755713,59.82384461364029
4.209059123755713,65.82437174853784
4.209059123755713,59.915882279615055
4.209059123755713,60.081009248336926
4.209059123755713,73.82522058288045
4.209059123755713,61.83501425387792
4.209059123755713,61.21814819377779
4.209059123755713,65.96805719220173
4.209059123755713,61.12738927758263
4.209059123755713,57.98735236684785
4.209059123755713,65.61855987037889
4.209059123755713,59.24786114231619
4.209059123755713,58.36782693411749
4.209059123755713,60.23961491001729
4.209059123755713,71.77722844927139
4.209059123755713,59.2212076489638
4.209059123755713,59.51250391844823
4.209059123755713,80.69962084748903
4.209059123755713,58.09094499712376
4.209059123755713,69.98211596029834
4.209059123755713,60.04046238756993
4.209059123755713,59.62531169815803
4.209059123755713,59.51764578076193
4.209059123755713,67.55249639477792
4.209059123755713,59.69040279041368
4.209059123755713,59.53564670695664
4.209059123755713,59.64198859119112
4.209059123755713,59.942162924724414
4.209059123755713,61.015780756000524
4.209059123755713,60.06105839508485
4.209059123755713,61.446924426428936
4.209059123755713,57.747286135352326
4.209059123755713,59.95526327843135
4.209059123755713,60.21411899646054
4.209059123755713,59.421862924510194
4.209059123755713,59.077436223492285
4.209059123755713,59.57981548303052
4.209059123755713,59.379772576471474
4.209059123755713,61.735437279772505
4.209059123755713,59.18889758422323
4.209059123755713,62.868630286878926
4.209059123755713,67.20458770240971
4.209059123755713,61.404931703800756
4.209059123755713,60.26433540818948
4.209059123755713,64.68382228210139
4.209059123755713,60.340905756185336
4.209059123755713,60.04914700764746
4.209059123755713,58.49696768316503
4.209059123755713,59.46485050962228
4.209059123755713,60.604361034537476
4.209059123755713,60.319797573741134
4.209059123755713,58.638273104800646
4.209059123755713,60.04027055752499
4.209059123755713,72.6185684428623
4.209059123755713,58.54954069866947
4.209059123755713,59.974019893818394
4.209059123755713,60.619400511273234
4.209059123755713,59.60144899850132
4.209059123755713,58.74247254177343
4.209059123755713,61.845741251458605
4.209059123755713,67.39100683730692
4.209059123755713,67.52287830096266
4.209059123755713,57.91526116277587
4.209059123755713,60.538741093184
4.209059123755713,60.41639810962483
4.209059123755713,61.37488780220884
4.209059123755713,59.52907367969371
4.209059123755713,60.60036748506618
4.209059123755713,60.17658655252863
4.209059123755713,60.11344505755698
4.209059123755713,57.51729895761148
4.209059123755713,57.44737114134055
4.209059123755713,59.81824079338741
4.209059123755713,60.79016977680683
4.209059123755713,60.95758539014485
4.209059123755713,60.6543423876187
4.209059123755713,57.92911789921961
4.209059123755713,58.20631368470635
4.209059123755713,59.04069352741062
4.209059123755713,59.724919543520855
4.209059123755713,63.101974792659426
4.209059123755713,60.0043515297526
4.209059123755713,59.10762058975712
4.209059123755713,60.50865084037086
4.209059123755713,76.03714086285926
4.209059123755713,59.95903328759929
4.209059123755713,60.13640386757297
4.209059123755713,59.96432887221289
4.209059123755713,59.35744257933314
4.209059123755713,59.18650253054517
4.209059123755713,59.40192764722055
4.209059123755713,66.87937282604814
4.209059123755713,62.013765202375836
4.209059123755713,59.96761676295199
4.209059123755713,61.778881762641404
4.209059123755713,62.1493200123728
4.209059123755713,72.20726608450227
4.209059123755713,59.94888563687553
4.209059123755713,60.07736208977229
4.209059123755713,59.29166788788884
4.209059123755713,77.04571035718925
4.209059123755713,59.87335446224153
4.209059123755713,61.61623340900938
4.209059123755713,72.28986918090166
4.209059123755713,58.151946608540904
4.209059123755713,70.45420396778182
4.209059123755713,71.22270540551777
4.209059123755713,59.95588196726238
4.209059123755713,60.02661928327846
4.209059123755713,60.13601952910701
4.209059123755713,61.817426157907605
4.209059123755713,60.160664782322385
4.209059123755713,60.44690187164757
4.209059123755713,59.98162182747296
4.209059123755713,57.85257494573134
4.209059123755713,67.06451840848628
4.209059123755713,61.47007038000891
4.209059123755713,59.34892028164407
4.209059123755713,60.32487450848979
4.209059123755713,60.127287037878304
4.209059123755713,60.75971071635387
4.209059123755713,58.954317895984616
4.209059123755713,56.22071112527567
4.209059123755713,60.173189977708034
4.209059123755713,60.01441037775224
4.209059123755713,58.77452562541254
4.209059123755713,59.97630105223575
4.209059123755713,60.56120141068032
4.209059123755713,60.15236277997199
4.209059123755713,67.26518950289056
4.209059123755713,59.091892897821886
4.209059123755713,57.91024979621807
4.209059123755713,59.800031615458124
4.209059123755713,59.8819829288981
4.209059123755713,55.66878210620928
4.209059123755713,59.262640005759806
4.209059123755713,58.39995244388347
4.209059123755713,60.77575744323813
4.209059123755713,55.745371790641165
4.209059123755713,57.439041678817425
4.209059123755713,73.3852027572759
4.209059123755713,60.26511565732265
4.209059123755713,60.201884881343524
4.209059123755713,58.41836463780321
4.209059123755713,59.65048912178407
4.209059123755713,58.64829238318554
4.209059123755713,60.052312562608996
4.209059123755713,66.27533706145296
4.209059123755713,66.99437641010337
4.209059123755713,62.10479578360206
4.209059123755713,60.083944953042646
4.209059123755713,60.19755339540263
4.209059123755713,61.9702714481765
4.209059123755713,59.994874397567685
4.209059123755713,73.65165905420623
4.209059123755713,59.85390133288137
4.209059123755713,60.69619353217122
4.209059123755713,71.01468129782
4.209059123755713,60.17267712197404
4.209059123755713,60.01558742930365
4.209059123755713,60.040037116471645
4.209059123755713,58.758587604015645
4.209059123755713,59.693092094744955
4.209059123755713,70.73232777351018
4.209059123755713,58.8256559317418
4.209059123755713,72.77538455682893
4.209059123755713,59.95876532716851
4.209059123755713,60.035285833778296
4.209059123755713,59.37697343356963
4.209059123755713,63.347681270261795
4.209059123755713,60.464851380456686
4.209059123755713,59.04318571312075
4.209059123755713,59.60803541076539
4.209059123755713,61.259372278216205
4.209059123755713,60.02479770513795
4.209059123755713,59.93382458489766
4.209059123755713,60.138210069581724
4.209059123755713,57.58311904126002
4.209059123755713,60.49208252209647
4.209059123755713,61.069711245851835
4.209059123755713,58.18837188408669
4.209059123755713,67.06289952537965
4.209059123755713,57.13236409380147
4.209059123755713,57.527815712187625
4.209059123755713,62.50929595561718
4.209059123755713,60.0261063582233
4.209059123755713,59.3809416857606
4.209059123755713,61.024950446112335
4.209059123755713,71.33671361689787
4.209059123755713,59.337481768396465
4.209059123755713,60.33900704757499
4.209059123755713,72.6663001817326
4.209059123755713,60.349888330335986
4.209059123755713,60.031083686151334
4.209059123755713,60.11996036520821
4.209059123755713,60.16992295810087
4.209059123755713,60.1673458474648
4.209059123755713,59.24920800746995
4.209059123755713,61.07446540496311
4.209059123755713,59.11108700670261
4.209059123755713,60.12273787509863
4.209059123755713,59.626016286329104
4.209059123755713,67.77382095747319
4.209059123755713,59.72171755175901
4.209059123755713,62.37261696435225
4.209059123755713,66.67422089693912
4.209059123755713,62.91931711233468
4.209059123755713,60.16626546990805
4.209059123755713,59.26446606775652
4.209059123755713,60.377242091484995
4.209059123755713,60.49311309573216
4.209059123755713,59.97940894071588
4.209059123755713,58.06246643411757
4.209059123755713,60.36825501949541
4.209059123755713,59.84801213903438
4.209059123755713,59.997696379842225
4.209059123755713,59.9307254176369
4.209059123755713,60.173259936390835
4.209059123755713,60.27140930241639
4.209059123755713,59.992275279821456
4.209059123755713,65.1093352887901
4.209059123755713,74.90998158197286
4.209059123755713,60.718024392526445
4.209059123755713,57.86163811467169
4.209059123755713,60.29688476835726
4.209059123755713,57.28380019437349
4.209059123755713,59.212880999775656
4.209059123755713,59.28385288206059
4.209059123755713,79.89009588337805
4.209059123755713,59.95672331985663
4.209059123755713,59.89622069034791
4.209059123755713,59.99859636799946
4.209059123755713,60.09355905206676
4.209059123755713,60.016283718006555
4.209059123755713,59.71602359038505
4.209059123755713,62.48406667304801
4.209059123755713,67.50321020771109
4.209059123755713,70.1868607086701
4.209059123755713,65.6446657276335
4.209059123755713,61.77492396009102
4.209059123755713,57.2631775810894
4.209059123755713,59.832219432470474
4.209059123755713,60.26224288669348
4.209059123755713,63.6695813434883
4.209059123755713,69.42914956776936
4.209059123755713,63.339097710828014
4.209059123755713,71.98091091445802
4.209059123755713,60.790940641690845
4.209059123755713,60.545327121105785
4.209059123755713,61.84384824496281
4.209059123755713,59.943820434157466
4.209059123755713,59.856198388878454
4.209059123755713,60.170274248020576
4.209059123755713,60.22560802469095
4.209059123755713,59.292613940325076
4.209059123755713,61.194961910835104
4.209059123755713,57.972500013421225
4.209059123755713,56.9611628142806
4.209059123755713,60.29883031986338
4.209059123755713,59.14529503717848
4.209059123755713,60.25721398881805
4.209059123755713,60.70774235017699
4.209059123755713,62.35205705336465
4.209059123755713,58.15718432998796
4.209059123755713,60.62515728064764
4.209059123755713,60.01573422267849
4.209059123755713,60.33405693395205
4.209059123755713,60.42635914404106
4.209059123755713,60.23358853546672
4.209059123755713,59.725106523835706
4.209059123755713,67.78812027367908
4.209059123755713,66.19617468364046
4.209059123755713,73.66847410428343
4.209059123755713,66.83187293854783
4.209059123755713,58.25346127633724
4.209059123755713,59.710457354803786
4.209059123755713,59.95174653870171
4.209059123755713,59.842715983168056
4.209059123755713,60.264457415031764
4.209059123755713,59.82956568263572
4.209059123755713,60.48172559574352
4.209059123755713,59.35734573210852
4.209059123755713,60.609403930946954
4.209059123755713,59.215506822691175
4.209059123755713,73.56442225992159
4.209059123755713,72.26881848168124
4.209059123755713,66.36604427782103
4.209059123755713,59.94482250794485
4.209059123755713,71.29823272187728
4.209059123755713,60.35888090678747
4.209059123755713,59.11422743868742
4.209059123755713,62.58836931753056
4.209059123755713,60.62086681707612
4.209059123755713,59.773018650898734
4.209059123755713,62.07145853817812
4.209059123755713,63.906380440897784
4.209059123755713,62.07141837189504
4.209059123755713,60.04365639065967
4.209059123755713,56.38999572172425
4.209059123755713,60.440510148066394
4.209059123755713,59.89592819037187
4.209059123755713,59.87593151841488
4.209059123755713,60.021272295185696
4.209059123755713,59.706584816182435
4.209059123755713,60.403941076591984
4.209059123755713,60.77166951126605
4.209059123755713,61.903294250439195
4.209059123755713,61.7785989967181
4.209059123755713,61.67086919553612
4.209059123755713,59.07560058942807
4.209059123755713,60.247331052906446
4.209059123755713,60.73835920257465
4.209059123755713,58.5736463667404
4.209059123755713,60.04963201560978
4.209059123755713,59.678999220589894
4.209059123755713,56.62110356436612
4.209059123755713,59.94340417775933
4.209059123755713,59.96427826823077
4.209059123755713,59.98462986737312
4.209059123755713,59.91859518893026
4.209059123755713,59.992161606784535
4.209059123755713,59.68567884744097
4.209059123755713,59.52041665243107
4.209059123755713,58.728544600855855
4.209059123755713,59.792320928290714
4.209059123755713,60.60891330639347
4.209059123755713,59.51566289633791
4.209059123755713,59.373541065981165
4.209059123755713,90.08249735923854
4.209059123755713,60.2556114501599
4.209059123755713,64.4882398338795
4.209059123755713,58.614340855309266
4.209059123755713,60.02148513247365
4.209059123755713,59.98776620696274
4.209059123755713,59.966099583154026
4.209059123755713,60.009953965245266
4.209059123755713,59.90646934423088
4.209059123755713,66.03933390707412
4.209059123755713,62.214650183973475
4.209059123755713,65.49418471898264
4.209059123755713,58.89386260914301
4.209059123755713,62.358504728273545
4.209059123755713,59.73335208248722
4.209059123755713,59.7206404419779
4.209059123755713,59.394029914404236
4.209059123755713,60.234393344243685
4.209059123755713,59.60807496175919
4.209059123755713,60.16320359566305
4.209059123755713,59.47477709375451
4.209059123755713,59.91934198417539
4.209059123755713,60.991172743983725
4.209059123755713,70.29086578356466
4.209059123755713,60.058522313100504
4.209059123755713,75.67632551106139
4.209059123755713,57.957252354836776
4.209059123755713,57.983139415628074
4.209059123755713,57.05563431003811
4.209059123755713,62.44014945913912
4.209059123755713,60.03901391210368
4.209059123755713,59.96075542576818
4.209059123755713,60.32997402360203
4.209059123755713,60.559233708757375
4.209059123755713,59.56746843330262
4.209059123755713,60.047448615781754
4.209059123755713,60.669423720347034
4.209059123755713,61.12882118745169
4.209059123755713,68.11907423013709
4.209059123755713,59.68323129094712
4.209059123755713,59.981693307282264
4.209059123755713,61.162852987068895
4.209059123755713,59.991468642510725
4.209059123755713,59.97812690347131
4.209059123755713,60.20904526091264
4.209059123755713,59.51305856580325
4.209059123755713,61.19452816729279
4.209059123755713,59.37267264267908
4.209059123755713,69.22471115378009
4.209059123755713,59.99045173497854
4.209059123755713,70.05158787896336
4.209059123755713,58.18028787122494
4.209059123755713,59.756970350146574
4.209059123755713,59.302765204938254
4.209059123755713,71.18605542551204
4.209059123755713,67.55063724733466
4.209059123755713,60.00128358900219
4.209059123755713,59.979174740294695
4.209059123755713,60.43175387860065
4.209059123755713,59.97265940823096
4.209059123755713,59.7425807039723
4.209059123755713,59.53860398118826
4.209059123755713,59.27684153120038
4.209059123755713,60.244382308602695
4.209059123755713,59.87445449786232
4.209059123755713,59.105558728707834
4.209059123755713,67.80130628765478
4.209059123755713,60.89116373837071
4.209059123755713,66.88118544920953
4.209059123755713,60.33327600365155
4.209059123755713,59.75630498604407
4.209059123755713,59.968163335355335
4.209059123755713,60.142217878142546
4.209059123755713,60.11169158993441
4.209059123755713,60.00243377938508
4.209059123755713,67.98133849486345
4.209059123755713,59.76333723039652
4.209059123755713,56.72291664285329
4.209059123755713,75.09232555918986
4.209059123755713,60.44941647718973
4.209059123755713,60.005647126235964
4.209059123755713,59.99630690382864
4.209059123755713,58.206610504903
4.209059123755713,61.41878494625409
4.209059123755713,60.3315435154232
4.209059123755713,61.31013101115259
4.209059123755713,59.9861318850534
4.209059123755713,59.2268192053189
4.209059123755713,61.25892966403333
4.209059123755713,60.35961979918178
4.209059123755713,62.78081155771306
4.209059123755713,59.96459841647827
4.209059123755713,69.44128675921567
4.209059123755713,58.12641617857682
4.209059123755713,59.3773800117424
4.209059123755713,61.450658829334856
4.209059123755713,59.559954065683264
4.209059123755713,59.952301245312796
4.209059123755713,59.238605205455904
4.209059123755713,69.37178961558328
4.209059123755713,67.09505230800498
4.209059123755713,70.18315143477959
4.209059123755713,59.049704428632715
4.209059123755713,58.73974344290166
4.209059123755713,60.03399325137196
4.209059123755713,59.17920773034745
4.209059123755713,63.68083628397507
4.209059123755713,62.05646845649836
4.209059123755713,59.662319446771136
4.209059123755713,60.96574469916193
4.209059123755713,60.76625864957691
4.209059123755713,75.90539965928626
4.209059123755713,60.0073566578011
4.209059123755713,60.00397118221545
4.209059123755713,59.51279430513552
4.209059123755713,60.26411788848539
4.209059123755713,60.31492596587827
4.209059123755713,59.90251222481513
4.209059123755713,59.607577025187915
4.209059123755713,60.45585687957527
4.209059123755713,58.89213982766647
4.209059123755713,60.17268323023158
4.209059123755713,60.81844809983827
4.209059123755713,60.18465141150292
4.209059123755713,59.57928026860661
4.209059123755713,60.00089760130248
4.209059123755713,59.01958906253829
4.209059123755713,72.07144105579
4.209059123755713,58.831166770136
4.209059123755713,57.56161413510898
4.209059123755713,57.94231452213074
4.209059123755713,63.46052757453048
4.209059123755713,59.92179959842114
4.209059123755713,59.93215135315416
4.209059123755713,59.89700906340231
4.209059123755713,59.97522721221425
4.209059123755713,59.827932816590966
4.209059123755713,60.006956853708644
4.209059123755713,57.87972044978574
4.209059123755713,69.74297622472413
4.209059123755713,59.48338393511069
4.209059123755713,60.76013028239067
4.209059123755713,69.79097583860056
4.209059123755713,67.93857019330785
4.209059123755713,62.115059278149815
4.209059123755713,58.98130591187595
4.209059123755713,57.48181808965652
4.209059123755713,59.787645585824194
4.209059123755713,60.00232765589334
4.209059123755713,60.0048077839989
4.209059123755713,59.99685246206648
4.209059123755713,61.94250223745838
4.209059123755713,59.82426107688493
4.209059123755713,78.80592706771415
4.209059123755713,57.59950008957559
4.209059123755713,60.479336816112266
4.209059123755713,59.94327417268735
4.209059123755713,60.17503554513909
4.209059123755713,59.52596695890304
4.209059123755713,70.60187535994719
4.209059123755713,60.01240349301819
4.209059123755713,61.786285383954706
4.209059123755713,62.016649675019146
4.209059123755713,60.812703465808504
4.209059123755713,62.089005490920336
4.209059123755713,68.63656080061241
4.209059123755713,59.1634576167381
4.209059123755713,59.27558422240786
4.209059123755713,60.0196469521682
4.209059123755713,59.91715389782408
4.209059123755713,60.070883178601036
4.209059123755713,60.05448498767737
4.209059123755713,68.00315286085036
4.209059123755713,66.97555965717986
4.209059123755713,59.510488448250285
4.209059123755713,60.57021565569737
4.209059123755713,60.90199525238021
4.209059123755713,59.95282870216034
4.209059123755713,59.935647952401105
4.209059123755713,63.31309304558149
4.209059123755713,58.94942636238012
4.209059123755713,57.03592476762482
4.209059123755713,60.60373032746726
4.209059123755713,62.1684383560376
4.209059123755713,60.08276359480462
4.209059123755713,64.59968253211693
4.209059123755713,59.568099470190546
4.209059123755713,56.70119428229666
4.209059123755713,75.00874177151901
4.209059123755713,58.781912945871134
4.209059123755713,59.966521314770965
4.209059123755713,59.54102684568047
4.209059123755713,61.583744405911666
4.209059123755713,61.03679010090306
4.209059123755713,60.3553002974388
4.209059123755713,58.296319434411366
4.209059123755713,61.741203774289446
4.209059123755713,69.85563489379965
4.209059123755713,59.9235277565035
4.209059123755713,60.15650512232142
4.209059123755713,58.23407169378715
4.209059123755713,56.61787086427678
4.209059123755713,69.66817919540591
4.209059123755713,57.73924678320461
4.209059123755713,63.45529337339983
4.209059123755713,58.82789927731486
4.209059123755713,59.97357434647865
4.209059123755713,59.98472741262332
4.209059123755713,60.05226517902006
4.209059123755713,59.954747530173556
4.209059123755713,60.10125038852794
4.209059123755713,60.04635012520156
4.209059123755713,59.51651537090666
4.209059123755713,60.36539831717419
4.209059123755713,60.06535687800201
4.209059123755713,59.40086989533339
4.209059123755713,59.94224122006317
4.209059123755713,61.27765899856958
4.209059123755713,58.54219680352532
4.209059123755713,59.73719998271211
4.209059123755713,59.09525097010252
4.209059123755713,70.45638782405726
4.209059123755713,58.493442789997914
4.209059123755713,62.316694661035434
4.209059123755713,69.72940167000176
4.209059123755713,59.04659286417273
4.209059123755713,59.98406685712335
4.209059123755713,60.00073504212913
4.209059123755713,59.102546676935454
4.209059123755713,57.22385328459246
4.209059123755713,59.496555588187405
4.209059123755713,59.91028593804485
4.209059123755713,57.62957793433194
4.209059123755713,60.67938214761817
4.209059123755713,59.595629376610574
4.209059123755713,60.459004217614854
4.209059123755713,68.08798727786265
4.209059123755713,69.21564042624016
4.209059123755713,58.31686563150081
4.209059123755713,61.1305411325335
4.209059123755713,60.01128439274472
4.209059123755713,58.05525439718194
4.209059123755713,67.19992455184583
4.209059123755713,59.998308163397894
4.209059123755713,60.003483874942255
4.209059123755713,59.91268683043705
4.209059123755713,60.340450107642006
4.209059123755713,59.497929085164955
4.209059123755713,59.88982027981655
4.209059123755713,68.82392979510925
4.209059123755713,59.75812730321939
4.209059123755713,60.63049672107268
4.209059123755713,62.33313653850223
4.209059123755713,59.94344709153407
4.209059123755713,59.29530052061134
4.209059123755713,70.28578560760272
4.209059123755713,59.75191832864185
4.209059123755713,57.73430083949862
4.209059123755713,60.819146472063224
4.209059123755713,60.88099955719542
4.209059123755713,59.96138267750495
4.209059123755713,59.9904053873943
4.209059123755713,60.07095555095305
4.209059123755713,60.029277482810876
4.209059123755713,60.041410125428904
4.209059123755713,79.40487043536135
4.209059123755713,57.12006618623835
4.209059123755713,59.74090112192593
4.209059123755713,58.85959495537333
4.209059123755713,60.488781123428794
4.209059123755713,60.09485638485986
4.209059123755713,60.04216858405608
4.209059123755713,59.93526214845152
4.209059123755713,59.79014816200455
4.209059123755713,69.33459857535298
4.209059123755713,59.53509091158117
4.209059123755713,68.51699669734128
4.209059123755713,57.93796890222763
4.209059123755713,59.98335003847435
4.209059123755713,60.91676089605473
4.209059123755713,57.782155057355226
4.209059123755713,59.823118331942375
4.209059123755713,61.187110300760565
4.209059123755713,57.719007536541994
4.209059123755713,59.843854432813636
4.209059123755713,60.40280964815185
4.209059123755713,59.79441780650838
4.209059123755713,60.64574694660514
4.209059123755713,60.23882690258363
4.209059123755713,63.8493986461204
4.209059123755713,67.3854250997138
4.209059123755713,60.75704540719572
4.209059123755713,59.977933318570464
4.209059123755713,59.92939477378473
4.209059123755713,59.52245351210664
4.209059123755713,60.17399864531127
4.209059123755713,60.00797652691016
4.209059123755713,68.31360337287573
4.209059123755713,56.99875444035096
4.209059123755713,74.74020773738943
4.209059123755713,60.030629274118176
4.209059123755713,59.58450566373202
4.209059123755713,60.098341652644805
4.209059123755713,59.58238990769191
4.209059123755713,59.96594165831371
4.209059123755713,67.59875972642185
4.209059123755713,59.97651678944968
4.209059123755713,59.98401648479973
4.209059123755713,59.968852442197814
4.209059123755713,59.94798920984607
4.209059123755713,83.2091187463265
4.209059123755713,59.29457837959907
4.209059123755713,59.99507534881023
4.209059123755713,60.07614721973181
4.209059123755713,60.0231608781603
4.209059123755713,60.08704206602157
4.209059123755713,60.887757345298986
4.209059123755713,68.42354638414443
4.209059123755713,60.65460561425386
4.209059123755713,58.566150250605965
4.209059123755713,60.9517491763095
4.209059123755713,59.05964928167198
4.209059123755713,60.42312810840368
4.209059123755713,59.99433054809478
4.209059123755713,59.945055180291895
4.209059123755713,60.004007566429834
4.209059123755713,59.92428871650671
4.209059123755713,60.153745139889025
4.209059123755713,59.81553810478211
4.209059123755713,60.16957035679807
4.209059123755713,59.941733646398305
4.209059123755713,58.66531950705299
4.209059123755713,61.254545736597585
4.209059123755713,59.14262203255966
4.209059123755713,59.954374326728576
4.209059123755713,61.94429413289528
4.209059123755713,57.09780585523442
4.209059123755713,65.18771540485733
4.209059123755713,59.85143515371377
4.209059123755713,60.128736582069244
4.209059123755713,60.03190437622819
4.209059123755713,59.871447059409796
4.209059123755713,67.91348562022911
4.209059123755713,59.99844244582447
4.209059123755713,59.063838310967874
4.209059123755713,73.89890845464363
4.209059123755713,60.57794466609627
4.209059123755713,58.83399398034739
4.209059123755713,59.98592579466687
4.209059123755713,59.99682512070065
4.209059123755713,59.08838851161196
4.209059123755713,59.64232429989763
4.209059123755713,59.92680659695352
4.209059123755713,59.850228743566724
4.209059123755713,61.58326839508582
4.209059123755713,59.82345496021945
4.209059123755713,59.96613815307343
4.209059123755713,59.92669182181962
4.209059123755713,60.18637671105997
4.209059123755713,67.21258628644087
4.209059123755713,59.007804598517545
4.209059123755713,61.327446342049484
4.209059123755713,60.01893056876849
4.209059123755713,60.010617597405115
4.209059123755713,60.11554881415084
4.209059123755713,59.67158350197338
4.209059123755713,58.18981354800657
4.209059123755713,60.04785102508662
4.209059123755713,70.99412817790636
4.209059123755713,58.55116767297585
4.209059123755713,60.0675789519558
4.209059123755713,60.02769844477097
4.209059123755713,60.36714779290643
4.209059123755713,59.00226208987323
4.209059123755713,58.92294445226909
4.209059123755713,59.86491266027334
4.209059123755713,60.15424225964713
4.209059123755713,60.08902507348987
4.209059123755713,59.994887995338395
4.209059123755713,60.2191936916572
4.209059123755713,59.93828731618034
4.209059123755713,60.12061602789777
4.209059123755713,60.07276962043174
4.209059123755713,60.04847506514136
4.209059123755713,60.055099851106164
4.209059123755713,60.36004731888318
4.209059123755713,59.95467831672333
4.209059123755713,60.14626946405034
4.209059123755713,59.87244158918207
4.209059123755713,60.037190347745586
4.209059123755713,60.01159237691343
4.209059123755713,59.99983921883704
4.209059123755713,59.99668942620323
4.209059123755713,59.99035427180867
4.209059123755713,60.003452059519816
4.209059123755713,59.99657374180451
4.209059123755713,59.99943096303495
4.209059123755713,60.001810458371715
4.209059123755713,59.999243690645706
4.209059123755713,83.6561233072364
4.209059123755713,97.94880224626799
4.209059123755713,58.13007121275841
4.209059123755713,146.35519781335003
4.209059123755713,60.108126983921785
4.209059123755713,59.9690692637065
4.209059123755713,59.99257451703207
4.209059123755713,60.00492129836449
4.209059123755713,60.01240556571116
4.209059123755713,55.27718981740777
4.209059123755713,49.229986529869045
4.209059123755713,59.99289675576526
4.209059123755713,140.77112846754545
4.209059123755713,60.26212150208496
4.209059123755713,60.318277882910536
4.209059123755713,60.00776876781042
4.209059123755713,55.36453403363917
4.209059123755713,58.86127117148797
4.209059123755713,54.219457109370815
4.209059123755713,60.0716992582783
4.209059123755713,58.65079476677256
4.209059123755713,58.06103821395543
4.209059123755713,103.91202649171916
4.209059123755713,60.00077280299822
4.209059123755713,60.00768302552435
4.209059123755713,59.99551463963678
4.209059123755713,60.12831065446776
4.209059123755713,60.043373880468735
4.209059123755713,56.1208046669126
4.209059123755713,60.237646061197076
4.209059123755713,56.58628319822963
4.209059123755713,58.95005023727488
4.209059123755713,64.66281985011013
4.209059123755713,67.49246092251383
4.209059123755713,59.098515084717974
4.209059123755713,59.994146405744644
4.209059123755713,60.419326550881166
4.209059123755713,59.97362318393605
4.209059123755713,60.00303261442901
4.209059123755713,59.994634699830954
4.209059123755713,59.97932987340967
4.209059123755713,59.97711330179845
4.209059123755713,60.004986332287956
4.209059123755713,59.99088523156352
4.209059123755713,60.146870002007944
4.209059123755713,59.97096241016004
4.209059123755713,60.16675409343223
4.209059123755713,60.007842685836195
4.209059123755713,60.18587214628868
4.209059123755713,60.148252091215085
4.209059123755713,59.928257119985076
4.209059123755713,59.99897287987824
4.209059123755713,59.95121097169236
4.209059123755713,60.001809086415385
4.209059123755713,147.38815866819166
4.209059123755713,58.226612487583274
4.209059123755713,97.94151216504214
4.209059123755713,83.67573996267589
4.209059123755713,60.04448937843805
4.209059123755713,59.99528008777769
4.209059123755713,59.93386610769471
4.209059123755713,60.00542425621948
4.209059123755713,55.267919657027626
4.209059123755713,50.03225067814663
4.209059123755713,60.01416797609775
4.209059123755713,144.71682224202416
4.209059123755713,100.0420769986433
4.209059123755713,57.900636800627495
4.209059123755713,85.0849017086215
4.209059123755713,145.80087213382748
4.209059123755713,59.9929290833553
4.209059123755713,60.23095367687557
4.209059123755713,60.041619034054015
4.209059123755713,59.99825323521357
4.209059123755713,59.986278291171644
4.209059123755713,59.988257382106646
4.209059123755713,60.00430896769766
4.209059123755713,55.255367519066425
4.209059123755713,58.88622452214645
4.209059123755713,55.465492306519785
4.209059123755713,54.02518470393239
4.209059123755713,48.12846182868084
4.209059123755713,57.5460857205757
4.209059123755713,58.017226263960495
4.209059123755713,60.199778087537034
4.209059123755713,107.77837920161394
4.209059123755713,141.04532216748066
4.209059123755713,60.26520358325291
4.209059123755713,60.09731477877302
4.209059123755713,60.02797093678233
4.209059123755713,60.022574791372534
4.209059123755713,60.14958802356471
4.209059123755713,60.00759500602574
4.209059123755713,59.99782541510326
4.209059123755713,59.9817845248072
4.209059123755713,59.99779769036138
4.209059123755713,60.15159549813527
4.209059123755713,57.484951388025955
4.209059123755713,59.12600775950322
4.209059123755713,55.45410517182255
4.209059123755713,56.75239385808274
4.209059123755713,56.56813096024802
4.209059123755713,60.11701349317879
4.209059123755713,60.11681039683085
4.209059123755713,59.99416433691787
4.209059123755713,59.021399990415986
4.209059123755713,55.689813964978896
4.209059123755713,57.936758664455304
4.209059123755713,59.908967272755454
4.209059123755713,63.70852916748494
4.209059123755713,89.41107319347468
4.209059123755713,60.02567714672467
4.209059123755713,57.38972074681471
4.209059123755713,59.93366330697832
4.209059123755713,59.97148909081201
4.209059123755713,60.018947506581796
4.209059123755713,59.9856008328546
4.209059123755713,60.09666350984654
4.209059123755713,59.96019126437294
4.209059123755713,56.29804257163577
4.209059123755713,60.149893033311365
4.209059123755713,59.03688771170519
4.209059123755713,59.40824696926751
4.209059123755713,56.72421923032869
4.209059123755713,67.51404932552528
4.209059123755713,55.66304012777579
4.209059123755713,59.99617897361344
4.209059123755713,59.970482482721025
4.209059123755713,60.0180464213468
4.209059123755713,59.99908476888623
4.209059123755713,59.99714996582543
4.209059123755713,59.99416594618789
4.209059123755713,60.133302444450685
4.209059123755713,60.04975267091879
4.209059123755713,59.99291629301413
4.209059123755713,60.09223814899505
4.209059123755713,150.350245385402
4.209059123755713,100.5517918937136
4.209059123755713,84.65996999367691
4.209059123755713,59.65774282237254
4.209059123755713,59.98200794990716
4.209059123755713,59.930885511743554
4.209059123755713,59.939170884142676
4.209059123755713,60.03432702405332
4.209059123755713,60.219664144665124
4.209059123755713,60.14968960031007
4.209059123755713,59.956882253546624
4.209059123755713,60.171264720981455
4.209059123755713,59.987831273030814
4.209059123755713,59.996818918152194
4.209059123755713,60.067288490627554
4.209059123755713,54.52784866545046
4.209059123755713,49.89235501976833
4.209059123755713,60.0277946546828
4.209059123755713,144.97786645922653
4.209059123755713,59.979243282018
4.209059123755713,60.140848626121645
4.209059123755713,60.20928650428241
4.209059123755713,59.96135748229342
4.209059123755713,60.264282555902504
4.209059123755713,59.9936492214693
4.209059123755713,60.004591230187685
4.209059123755713,57.472092028283654
4.209059123755713,59.45814225330291
4.209059123755713,56.41578911727479
4.209059123755713,60.0054066476505
4.209059123755713,55.41228005899065
4.209059123755713,58.495080998585934
4.209059123755713,86.644759486182
4.209059123755713,66.62088339524836
4.209059123755713,98.50554247244831
4.209059123755713,60.52039685464291
4.209059123755713,55.45226281007256
4.209059123755713,153.57752269525398
4.209059123755713,88.01478583465304
4.209059123755713,59.92981415112107
4.209059123755713,59.98638051766948
4.209059123755713,60.0081059593576
4.209059123755713,60.031190067678
4.209059123755713,60.01738234469434
4.209059123755713,59.95498425698022
4.209059123755713,60.00349532727431
4.209059123755713,56.34768315629794
4.209059123755713,60.311332506867856
4.209059123755713,59.10582260234845
4.209059123755713,53.69713205247799
4.209059123755713,60.02805812594192
4.209059123755713,59.25097456369902
4.209059123755713,58.42442300267099
4.209059123755713,54.64365424858688
4.209059123755713,61.96187996164391
4.209059123755713,58.34304107167631
4.209059123755713,140.16635957749892
4.209059123755713,64.19321944806948
4.209059123755713,54.58868905638575
4.209059123755713,60.00131443729656
4.209059123755713,59.948941275726476
4.209059123755713,59.972110230951984
4.209059123755713,60.17789921064716
4.209059123755713,60.12370504664539
4.209059123755713,59.981559298990355
4.209059123755713,60.18156738323091
4.209059123755713,59.33778974523897
4.209059123755713,51.40336151784416
4.209059123755713,59.956183207676574
4.209059123755713,60.003823469700876
4.209059123755713,60.216498795753346
4.209059123755713,68.24169120574217
4.209059123755713,89.17048215459687
4.209059123755713,59.947766074663726
4.209059123755713,69.3774695468818
4.209059123755713,56.695417411425375
4.209059123755713,55.2998392115803
4.209059123755713,59.95005013867084
4.209059123755713,60.003915619769174
4.209059123755713,60.09985297966917
4.209059123755713,60.069267343297476
4.209059123755713,60.27766950743321
4.209059123755713,60.2250281733118
4.209059123755713,60.21506097918964
4.209059123755713,59.916406118877184
4.209059123755713,60.10801246902622
4.209059123755713,60.24355511911051
4.209059123755713,54.1663407265265
4.209059123755713,83.47829311693874
4.209059123755713,152.79053710400154
4.209059123755713,138.894794631061
4.209059123755713,66.68729133437974
4.209059123755713,97.01663250227512
4.209059123755713,58.43995464765708
4.209059123755713,55.33951363040791
4.209059123755713,60.02347353062362
4.209059123755713,60.21238495151401
4.209059123755713,60.22788133585618
4.209059123755713,60.231781614278745
4.209059123755713,59.971940784817676
4.209059123755713,59.92522934137605
4.209059123755713,60.072291234477284
4.209059123755713,60.00357430661403
4.209059123755713,59.95952135372778
4.209059123755713,52.314656588604734
4.209059123755713,59.12504801704269
4.209059123755713,60.117720852971374
4.209059123755713,60.01828847699928
4.209059123755713,86.18535976431664
4.209059123755713,58.66020042491809
4.209059123755713,55.73353878209175
4.209059123755713,59.94378900339902
4.209059123755713,60.012131380011795
4.209059123755713,59.97493671390241
4.209059123755713,60.119277335667284
4.209059123755713,60.04904533103723
4.209059123755713,60.14411233268724
4.209059123755713,59.756144875439986
4.209059123755713,60.06221273055585
4.209059123755713,60.063092181693214
4.209059123755713,56.40004526904448
4.209059123755713,60.268063883502954
4.209059123755713,55.15818971200141
4.209059123755713,57.76955952955505
4.209059123755713,63.40900653222805
4.209059123755713,54.735130040969516
4.209059123755713,59.96709453506654
4.209059123755713,59.95545233030852
4.209059123755713,59.97741664034942
4.209059123755713,60.08382149688651
4.209059123755713,59.97147003153041
4.209059123755713,59.972763322612934
4.209059123755713,60.011717616075394
4.209059123755713,59.952328996745386
4.209059123755713,60.116523785985834
4.209059123755713,60.248530740193694
4.209059123755713,59.98550070989092
4.209059123755713,60.032136734997465
4.209059123755713,59.919693016840306
4.209059123755713,60.061302757293085
4.209059123755713,60.09137788875876
4.209059123755713,73.6430427106957
4.209059123755713,154.87890906757605
4.209059123755713,97.47799972415511
4.209059123755713,66.26395672536626
4.209059123755713,59.9418068241883
4.209059123755713,59.98843701915471
4.209059123755713,60.11184081762828
4.209059123755713,59.95588077706425
4.209059123755713,60.28946455719541
4.209059123755713,60.11245141370429
4.209059123755713,60.39691518484264
4.209059123755713,59.97165405452503
4.209059123755713,60.12752165680876
4.209059123755713,56.79183375581427
4.209059123755713,56.149345053055484
4.209059123755713,98.1399418710177
4.209059123755713,59.96014741753029
4.209059123755713,60.15839071291799
4.209059123755713,60.04399434444151
4.209059123755713,59.911897407793745
4.209059123755713,60.27985226411775
4.209059123755713,60.001393409524276
4.209059123755713,60.131020546845754
4.209059123755713,56.177358898988906
4.209059123755713,59.300825774456875
4.209059123755713,55.33262954904954
4.209059123755713,60.01033277752346
4.209059123755713,57.30802920921221
4.209059123755713,58.774469002159975
4.209059123755713,57.79057927082003
4.209059123755713,102.88734992902455
4.209059123755713,75.58760080616018
4.209059123755713,156.54762056949127
4.209059123755713,69.20081350432795
4.209059123755713,59.95761471058339
4.209059123755713,60.01570704753018
4.209059123755713,59.92162456556386
4.209059123755713,60.13273617042514
4.209059123755713,60.14765880748769
4.209059123755713,57.1447682598609
4.209059123755713,57.38653264439251
4.209059123755713,56.21028262619023
4.209059123755713,63.309727363755776
4.209059123755713,59.488759388721505
4.209059123755713,58.758160175952675
4.209059123755713,58.66481344097945
4.209059123755713,98.51948012712418
4.209059123755713,56.23219389401141
4.209059123755713,57.994104950939196
4.209059123755713,59.96575577545162
4.209059123755713,60.05210621042531
4.209059123755713,60.0078536518436
4.209059123755713,59.99651098776585
4.209059123755713,59.985780833442256
4.209059123755713,60.03239578546583
4.209059123755713,60.1256555694145
4.209059123755713,59.946229465808706
4.209059123755713,59.97446658224356
4.209059123755713,60.15667583234787
4.209059123755713,60.0953806490369
4.209059123755713,58.754137082903576
4.209059123755713,61.24989866551815
4.209059123755713,55.14967064737083
4.209059123755713,59.34074928088144
4.209059123755713,58.27315008375873
4.209059123755713,78.66687103990895
4.209059123755713,156.15968033201239
4.209059123755713,103.79601762286661
4.209059123755713,68.47034470769498
4.209059123755713,60.137053164607906
4.209059123755713,60.20521026794621
4.209059123755713,60.111317400734485
4.209059123755713,59.93243002743643
4.209059123755713,60.19240096073501
4.209059123755713,60.049709922881775
4.209059123755713,58.88213407081191
4.209059123755713,60.02707765811906
4.209059123755713,57.30277293577194
4.209059123755713,57.82003407014863
4.209059123755713,55.69633268165829
4.209059123755713,60.09370520581195
4.209059123755713,60.62981145563637
4.209059123755713,59.203672620235615
4.209059123755713,98.99800772815564
4.209059123755713,57.358924084190996
4.209059123755713,60.00468049820053
4.209059123755713,59.973482114883964
4.209059123755713,60.03911010948697
4.209059123755713,60.16814949915263
4.209059123755713,60.17355406896238
4.209059123755713,60.169895568562865
4.209059123755713,60.138860606264146
4.209059123755713,59.94686660647505
4.209059123755713,59.98020935877822
4.209059123755713,59.54915403417723
4.209059123755713,54.61405057125944
4.209059123755713,67.36563889164574
4.209059123755713,58.53014850852685
4.209059123755713,58.814282491457625
4.209059123755713,59.95115363419646
4.209059123755713,59.979096745382435
4.209059123755713,59.944556490844974
4.209059123755713,59.97135645793381
4.209059123755713,59.96396706095404
4.209059123755713,59.987770497728
4.209059123755713,60.047492121682296
4.209059123755713,60.313511639226896
4.209059123755713,60.203860705203084
4.209059123755713,58.45019096754753
4.209059123755713,56.583255841860066
4.209059123755713,59.92559408426683
4.209059123755713,65.75939674671812
4.209059123755713,60.4821833648574
4.209059123755713,58.376435048845224
4.209059123755713,60.02646941221118
4.209059123755713,60.14840632693967
4.209059123755713,60.157942865767254
4.209059123755713,60.009231312858375
4.209059123755713,60.10420448033683
4.209059123755713,60.03044109290374
4.209059123755713,60.00983652814925
4.209059123755713,59.94199710186763
4.209059123755713,59.98459123710305
4.209059123755713,59.98891440890239
4.209059123755713,59.98452589745804
4.209059123755713,60.00798173591648
4.209059123755713,60.00290439347013
4.209059123755713,59.963860533567754
4.209059123755713,59.98744101835911
4.209059123755713,59.99136610026269
4.209059123755713,59.99107134209362
4.209059123755713,59.94872805231067
4.209059123755713,59.98988927998072
4.209059123755713,60.035773790385655
4.209059123755713,60.0139518652824
4.209059123755713,60.00408207889523
4.209059123755713,59.99730057771845
4.209059123755713,107.16363393079757
4.209059123755713,79.72553835892408
4.209059123755713,156.34348317248933
4.209059123755713,67.96091422504809
4.209059123755713,59.990589425156216
4.209059123755713,59.99036649657206
4.209059123755713,59.98490314736301
4.209059123755713,60.00137050135746
4.209059123755713,60.10951159074246
4.209059123755713,60.01040688652832
4.209059123755713,60.04127690542401
4.209059123755713,58.069245331658045
4.209059123755713,55.610481730952884
4.209059123755713,60.186080131448335
4.209059123755713,59.99825279595847
4.209059123755713,60.05701642196591
4.209059123755713,99.03888544028375
4.209059123755713,105.48358006126298
4.209059123755713,77.38307976996126
4.209059123755713,155.90314867133995
4.209059123755713,68.68049887618643
4.209059123755713,60.16767381579915
4.209059123755713,59.996871376629
4.209059123755713,60.18183045906895
4.209059123755713,59.99942249247562
4.209059123755713,61.35501085484238
4.209059123755713,58.723760743442824
4.209059123755713,60.09069008009962
4.209059123755713,60.169803663403016
4.209059123755713,54.49178110312901
4.209059123755713,58.09550940423087
4.209059123755713,55.67589817826232
4.209059123755713,73.1621203805111
4.209059123755713,58.577573444187365
4.209059123755713,58.84671316556026
4.209059123755713,98.49189448547875
4.209059123755713,59.99680662111701
4.209059123755713,59.98580144187485
4.209059123755713,60.00016053257568
4.209059123755713,59.94828315892911
4.209059123755713,59.998037004032376
4.209059123755713,60.10996126470021
4.209059123755713,60.00513995954019
4.209059123755713,60.07670055238099
4.209059123755713,59.05315095704394
4.209059123755713,59.4939349228417
4.209059123755713,58.537471829877106
4.209059123755713,56.338014886161154
4.209059123755713,54.766829823018085
4.209059123755713,59.79856351795822
4.209059123755713,64.9912823407239
4.209059123755713,69.34103904247831
4.209059123755713,60.73752119295715
4.209059123755713,58.3686658638588
4.209059123755713,58.2972778315278
4.209059123755713,59.999934861580705
4.209059123755713,59.9973539410372
4.209059123755713,59.99628870303856
4.209059123755713,60.091193716007936
4.209059123755713,59.98541926217384
4.209059123755713,58.599583838713656
4.209059123755713,57.19127775106379
4.209059123755713,56.78719567180269
4.209059123755713,60.80296673567181
4.209059123755713,59.12884640228885
4.209059123755713,57.39485406306273
4.209059123755713,59.986078373777595
4.209059123755713,59.96269545593548
4.209059123755713,59.999236286718144
4.209059123755713,60.23637936317088
4.209059123755713,60.02716963359716
4.209059123755713,60.056024734398264
4.209059123755713,59.73499898836887
4.209059123755713,60.113482274341195
4.209059123755713,60.129791673413976
4.209059123755713,74.56088433234275
4.209059123755713,97.4254276592374
4.209059123755713,60.05389336724618
4.209059123755713,142.96131680831618
4.209059123755713,56.855895129153396
4.209059123755713,55.70036719571024
4.209059123755713,57.14311927167688
4.209059123755713,59.96248841604701
4.209059123755713,59.971299018141174
4.209059123755713,60.006602942497544
4.209059123755713,60.0505269552162
4.209059123755713,59.97593236296825
4.209059123755713,60.03962769757322
4.209059123755713,60.05533410777804
4.209059123755713,59.978992310310815
4.209059123755713,60.075941973107106
4.209059123755713,60.14974550546456
4.209059123755713,59.96622031910162
4.209059123755713,50.65434447239797
4.209059123755713,59.87555213597177
4.209059123755713,56.92225878381524
4.209059123755713,98.70927987297429
4.209059123755713,58.953988412213505
4.209059123755713,59.32355120886418
4.209059123755713,58.718476108794256
4.209059123755713,60.273559576503516
4.209059123755713,59.989507885563185
4.209059123755713,59.99460011281273
4.209059123755713,59.98217208030529
4.209059123755713,60.13859923452692
4.209059123755713,60.069109906860334
4.209059123755713,60.17715725518112
4.209059123755713,59.955162094464
4.209059123755713,60.03126525412468
4.209059123755713,56.783724131321
4.209059123755713,57.837279571925016
4.209059123755713,56.931765027923085
4.209059123755713,58.606447930272566
4.209059123755713,60.070202221416544
4.209059123755713,57.552235392117
4.209059123755713,59.97809972330418
4.209059123755713,60.018179022722286
4.209059123755713,60.062732933601865
4.209059123755713,60.01930982127197
4.209059123755713,60.126780690740084
4.209059123755713,60.02983482319873
4.209059123755713,60.057202750661126
4.209059123755713,59.927448482546076
4.209059123755713,60.00003493930167
4.209059123755713,59.99735262132803
4.209059123755713,60.03304990778116
4.209059123755713,59.940917740588866
4.209059123755713,59.947913439127035
4.209059123755713,60.05083910644804
4.209059123755713,60.13053423190306
4.209059123755713,60.05069468466841
4.209059123755713,60.142566401596106
4.209059123755713,60.13337886678878
4.209059123755713,82.61914388199503
4.209059123755713,142.5091627424519
4.209059123755713,145.66090632411445
4.209059123755713,57.96443386138315
4.209059123755713,86.66312783743889
4.209059123755713,166.70944454188077
4.209059123755713,148.57048339403946
4.209059123755713,72.57709272913986
4.209059123755713,60.00575832014963
4.209059123755713,59.94044544734129
4.209059123755713,60.1901371101898
4.209059123755713,60.138598096925094
4.209059123755713,57.18888178344739
4.209059123755713,49.32007438211046
4.209059123755713,56.512704803570486
4.209059123755713,58.54049337292614
4.209059123755713,98.62267773254095
4.209059123755713,107.43962905371205
4.209059123755713,59.9483507724499
4.209059123755713,59.97583265740263
4.209059123755713,60.10828699084492
4.209059123755713,60.018646472169806
4.209059123755713,60.03990360948406
4.209059123755713,60.06971781097119
4.209059123755713,60.01853435366806
4.209059123755713,59.95555927795673
4.209059123755713,58.78005178062438
4.209059123755713,59.25234644878517
4.209059123755713,56.526559571812115
4.209059123755713,58.557878814880915
4.209059123755713,55.79472419992868
4.209059123755713,53.83950369170993
4.209059123755713,106.4659727339358
4.209059123755713,58.3693157006117
4.209059123755713,100.68169323408378
4.209059123755713,56.89814497604723
4.209059123755713,59.553550050979
4.209059123755713,59.94561491436354
4.209059123755713,60.00231114377577
4.209059123755713,60.08893886723799
4.209059123755713,60.24612270070596
4.209059123755713,60.09184932707624
4.209059123755713,59.98922559133476
4.209059123755713,60.172388812875134
4.209059123755713,59.51285729788002
4.209059123755713,53.66315562778196
4.209059123755713,58.73932866450083
4.209059123755713,52.10475633137956
4.209059123755713,56.50966715467253
4.209059123755713,55.00091680688287
4.209059123755713,59.6630049866826
4.209059123755713,58.53912277833109
4.209059123755713,58.3704090721294
4.209059123755713,58.9872279188869
4.209059123755713,56.38910140361328
4.209059123755713,56.12075849062223
4.209059123755713,60.034038142784965
4.209059123755713,60.05000416914885
4.209059123755713,59.994726814713665
4.209059123755713,60.081898585241724
4.209059123755713,60.07491497624834
4.209059123755713,58.31077032626121
4.209059123755713,60.28178714665277
4.209059123755713,60.01853648482099
4.209059123755713,152.0984475143786
4.209059123755713,66.34853548639676
4.209059123755713,140.39926193880882
4.209059123755713,87.85028968958325
4.209059123755713,53.51942354201591
4.209059123755713,59.94757469178005
4.209059123755713,60.0194072336881
4.209059123755713,60.00709268754611
4.209059123755713,59.89955370568839
4.209059123755713,60.1828192292118
4.209059123755713,60.20392973045505
4.209059123755713,60.21782326661116
4.209059123755713,60.230040729292845
4.209059123755713,54.00012611725091
4.209059123755713,55.44844466367009
4.209059123755713,59.37824957969678
4.209059123755713,59.98928347039738
4.209059123755713,59.97858143839286
4.209059123755713,59.944207852515525
4.209059123755713,99.89074111604471
4.209059123755713,101.08510132115715
4.209059123755713,57.71003594898728
4.209059123755713,59.94610145335507
4.209059123755713,60.08418571258761
4.209059123755713,60.17970963218449
4.209059123755713,60.2011830174991
4.209059123755713,60.16898073163268
4.209059123755713,60.21397827704524
4.209059123755713,60.18166378298001
4.209059123755713,59.90401604676424
4.209059123755713,60.01856103043449
4.209059123755713,60.028141820830285
4.209059123755713,60.21267376885434
4.209059123755713,53.596180859154025
4.209059123755713,52.46062984244478
4.209059123755713,58.11060371108601
4.209059123755713,67.42665166697981
4.209059123755713,67.25298433682929
4.209059123755713,59.98420745488258
4.209059123755713,60.02899817628807
4.209059123755713,60.0188760666424
4.209059123755713,59.98732983243242
4.209059123755713,59.99493504390172
4.209059123755713,60.00332757652145
4.209059123755713,60.00241650604383
4.209059123755713,60.000383881945304
4.209059123755713,60.02503271434638
4.209059123755713,74.43036631976716
4.209059123755713,57.45059955353704
4.209059123755713,59.367655362074885
4.209059123755713,59.980986708379035
4.209059123755713,59.961172655881356
4.209059123755713,60.08886226155507
4.209059123755713,60.08185757556564
4.209059123755713,59.99564644221169
4.209059123755713,60.01966423142214
4.209059123755713,59.88853508271705
4.209059123755713,87.20052296453689
4.209059123755713,115.11732696264755
4.209059123755713,154.93614963514452
4.209059123755713,52.41518746773301
4.209059123755713,58.847336854660576
4.209059123755713,143.2918482493393
4.209059123755713,59.94564224087041
4.209059123755713,59.96861912152602
4.209059123755713,59.945033375764844
4.209059123755713,59.991433314804254
4.209059123755713,60.15280823933029
4.209059123755713,60.00771210751591
4.209059123755713,59.99023180206514
4.209059123755713,59.89832392115783
4.209059123755713,58.38915605600698
4.209059123755713,53.33020354643198
4.209059123755713,69.26098174722169
4.209059123755713,81.60584628830267
4.209059123755713,151.2494322099644
4.209059123755713,139.34278225555988
4.209059123755713,66.24782663564336
4.209059123755713,60.118805016093624
4.209059123755713,60.050864382858705
4.209059123755713,60.032825579369614
4.209059123755713,59.96733587107472
4.209059123755713,59.99221687574818
4.209059123755713,59.96906807772667
4.209059123755713,60.77691440497348
4.209059123755713,62.37232469356608
4.209059123755713,54.620831623813785
4.209059123755713,54.70004678508948
4.209059123755713,103.5256864066983
4.209059123755713,54.61387552496324
4.209059123755713,97.51254107249883
4.209059123755713,66.56477618094611
4.209059123755713,59.97917466206861
4.209059123755713,59.99700207275809
4.209059123755713,60.13171106195715
4.209059123755713,60.266577418123916
4.209059123755713,60.046232174465366
4.209059123755713,60.0158348717449
4.209059123755713,59.99044976083332
4.209059123755713,59.97737712380791
4.209059123755713,57.287605444118064
4.209059123755713,55.70060907590557
4.209059123755713,59.57987321182789
4.209059123755713,54.936940944857405
4.209059123755713,53.88126101302246
4.209059123755713,98.58459063222529
4.209059123755713,57.87792240037531
4.209059123755713,57.14840548371822
4.209059123755713,54.022060419814935
4.209059123755713,59.978111962608516
4.209059123755713,59.985732676247544
4.209059123755713,59.94057588661144
4.209059123755713,59.985253171196796
4.209059123755713,59.97616188023751
4.209059123755713,60.15183681734561
4.209059123755713,57.97330948513491
4.209059123755713,58.13689635669632
4.209059123755713,52.89498081419463
4.209059123755713,55.936826364420526
4.209059123755713,57.52321497446765
4.209059123755713,57.90234003009706
4.209059123755713,56.49486392824414
4.209059123755713,60.01960161675876
4.209059123755713,60.21413526878922
4.209059123755713,59.98445288274449
4.209059123755713,60.01033772076866
4.209059123755713,60.00144850698944
4.209059123755713,60.051886278796815
4.209059123755713,58.64959646887548
4.209059123755713,60.050263389410134
4.209059123755713,59.9932868739611
4.209059123755713,59.976353261473555
4.209059123755713,59.99020746909222
4.209059123755713,60.00080028332941
4.209059123755713,60.002545759394884
4.209059123755713,59.978936101221414
4.209059123755713,60.09350208781895
4.209059123755713,60.08465715345875
4.209059123755713,60.29164618347011
4.209059123755713,60.00023749557497
4.209059123755713,60.01530819768915
4.209059123755713,59.97118317189877
4.209059123755713,60.003099686532195
4.209059123755713,60.1088341787311
4.209059123755713,60.002666605729125
4.209059123755713,60.15781511968495
4.209059123755713,60.2412801672364
4.209059123755713,59.99838961349896
4.209059123755713,60.002990536571446
4.209059123755713,60.00744409998532
4.209059123755713,60.00620675449932
4.209059123755713,59.957490807841225
4.209059123755713,59.93557978807471
4.209059123755713,83.68216591171151
4.209059123755713,153.0006007115336
4.209059123755713,138.79055435602157
4.209059123755713,59.04426185542876
4.209059123755713,60.00054926280442
4.209059123755713,60.00130858898168
4.209059123755713,59.99392579665114
4.209059123755713,60.237415663037
4.209059123755713,60.00296238383251
4.209059123755713,59.994659958312944
4.209059123755713,55.18546864686265
4.209059123755713,52.28996579622578
4.209059123755713,106.72522724708459
4.209059123755713,60.18929968560204
4.209059123755713,59.969200133559454
4.209059123755713,59.98507996468555
4.209059123755713,60.10453000611794
4.209059123755713,55.788994788889745
4.209059123755713,59.29004878464961
4.209059123755713,56.069448879614725
4.209059123755713,60.1762336601939
4.209059123755713,99.1465455218216
4.209059123755713,58.01519178751338
4.209059123755713,58.38126560289409
4.209059123755713,60.04015163340121
4.209059123755713,60.00100767170281
4.209059123755713,60.05555297276826
4.209059123755713,59.970110119344575
4.209059123755713,60.236397509521204
4.209059123755713,52.736430117271716
4.209059123755713,55.65887155053895
4.209059123755713,60.01618429365116
4.209059123755713,58.47009064105768
4.209059123755713,58.083080375950985
4.209059123755713,58.416157616688636
4.209059123755713,56.28861045225737
4.209059123755713,59.93908384436968
4.209059123755713,60.01115429755375
4.209059123755713,60.00104385246608
4.209059123755713,59.99844453117967
4.209059123755713,60.2676419687345
4.209059123755713,59.99223833991703
4.209059123755713,60.14285452832418
4.209059123755713,60.13766842669881
4.209059123755713,59.955688367114234
4.209059123755713,60.00379617907751
4.209059123755713,60.015189910265
4.209059123755713,59.96116806653753
4.209059123755713,60.17338690859767
4.209059123755713,60.33681816383929
4.209059123755713,59.97026663343192
4.209059123755713,59.99924019304162
4.209059123755713,60.00203187965755
4.209059123755713,59.96901336797396
4.209059123755713,60.201451620158295
4.209059123755713,60.00131250780158
4.209059123755713,60.000354456928584
4.209059123755713,60.004330137412715
4.209059123755713,59.98447435244341
4.209059123755713,60.00414822560153
4.209059123755713,59.99982714650346
4.209059123755713,59.97877964450354
4.209059123755713,59.99328727164573
4.209059123755713,60.004698604735076
4.209059123755713,60.002144205231325
4.209059123755713,59.99917089339052
4.209059123755713,60.002025144036566
